DALIA_ID,Authors,License,Link,Title,Community,Description,Discipline,FileFormat,Keywords,Language,LearningResourceType,MediaType,ProficiencyLevel,PublicationDate,TargetGroup,RelatedWork,Size,Version
ed7e600c-56f3-463f-b969-320031451e83,FAIRmat : {organization https://www.wikidata.org/wiki/Q108542373},CC-BY-4.0,https://www.fairmat-nfdi.eu/uploads/Area%20F/FAIRmat_Legal_Guide_v1.1_interactive_PDF.pdf,FAIRmat Guide to Legal Aspects in Research Data Management,FAIRmat (SR),"This guide provides an overview of the key legal considerations relevant to the various stages of the data lifecycle. It is specifically designed for graduate students, postdoctoral researchers, and principal investigators who wish to understand and navigate the legal aspects of research data management in their research projects.",,.pdf,,en,,text,,2024-03-22,student (PhD) * researcher * data steward,,4,1.1
5052c6c0-0810-46b4-a342-c285b3a2070c,ElixirEurope,CC-BY-SA-4.0,https://elixir-europe-training.github.io/ELIXIR-TrP-FAIR-training-handbook/chapters/00_preface/,FAIR training handbook : Preface,ELIXIR FAIR training focus group (S),"The FAIR Training Handbook supports trainers to apply the 10 Simple Rules for Making Training Materials Findable, Accessible, Interoperable and Reusable (FAIR) (Figure 1) 1. It will explain why FAIR is important and how you can make it happen. Trainers can use the practical suggestions in the following chapters to create or improve their training resources.",,,,en,,text,,,teacher (school) * teacher (higher education) * content provider,isPartOf:https://elixir-europe-training.github.io/ELIXIR-TrP-FAIR-training-handbook/,,
93f96658-af4e-4c61-91b8-762405f2ae49,ElixirEurope,CC-BY-SA-4.0,https://elixir-europe-training.github.io/ELIXIR-TrP-FAIR-training-handbook/chapters/chapter_01/,1. Why FAIR training & training materials?,ELIXIR FAIR training focus group (S),"In this chapter we explain what the FAIR principles are, the importance of these principles and their increased adoption over the years, as well as the pros and cons of making training materials FAIR. We will give a brief history of FAIR data, and how these principles were extended and adapted to training materials. ",,,Fair * Open * Findability * Accessibillity * Interoperability * Reusability * Reproducibility * Training * Training materials * Types of training materials * Regulations,en,tutorial,text,,,teacher (school) * teacher (higher education) * content provider,isPartOf:https://elixir-europe-training.github.io/ELIXIR-TrP-FAIR-training-handbook/,,
eab06167-cb81-4f13-a087-1f9d47d48940,ElixirEurope,CC-BY-SA-4.0,https://elixir-europe-training.github.io/ELIXIR-TrP-FAIR-training-handbook/chapters/chapter_02/,2. Choose material types and formats that facilitate FAIRness,ELIXIR FAIR training focus group (S),"In this chapter, we discuss different types of training material formats and how they can facilitate or hinder their FAIRness. We also discuss the importance of annotating training material with the minimal necessary information and documenting as much as possible (e.g. by providing instructor notes and/or a lesson plan) for stand-alone re-usability. ",,,Interoperability * File format * Reusability * Annotation * Documentation,en,tutorial,text,,,teacher (school) * teacher (higher education) * content provider,isPartOf:https://elixir-europe-training.github.io/ELIXIR-TrP-FAIR-training-handbook/,,
69ea00ec-dc34-45cf-bb6f-c16fe2a97b54,ElixirEurope,CC-BY-SA-4.0,https://elixir-europe-training.github.io/ELIXIR-TrP-FAIR-training-handbook/chapters/chapter_03/,3. Get ready to create your materials or reuse,ELIXIR FAIR training focus group (S),"Here, we will describe a few platforms that can be used to host and share your materials in all four phases of their life cycle (development, delivery, sharing, and archiving), thus ensuring a higher degree of FAIRness. The platforms we will discuss are: Google Suite, GitHub and GitLab, Zenodo, Learning Management systems. We chose them as they are free, they include different features, and they are very commonly used in training. We will see which platforms are better to use in each phase of materials life cycle and why and what are the pros and cons of each platform according to FAIR principles.",,,Archiving * Collaborative development * Content management * Repository * Training Development platform * Version control * technological platform,en,tutorial,text,,,teacher (school) * teacher (higher education) * content provider,isPartOf:https://elixir-europe-training.github.io/ELIXIR-TrP-FAIR-training-handbook/,,
8c355aeb-ffbb-411a-897c-41cf37f0c29c,ElixirEurope,CC-BY-SA-4.0,https://elixir-europe-training.github.io/ELIXIR-TrP-FAIR-training-handbook/chapters/chapter_04/,4. Use metadata to describe training materials,ELIXIR FAIR training focus group (S),"Metadata can be defined as data used to describe other data. That other data is complete on its own even without the metadata; however, the metadata makes it easier, for instance, to quickly grasp what that other data is about and to establish some common parameters that can be used to find and compare similar data, even if you have no access to that other data. This chapter will focus on explaining how to annotate training materials and events with rich metadata to improve their Findability, Interoperability, and Reusability.",,,Metadata * Controlled vocabularies * Annotation * Bioschemas * Findability * Reusability,en,tutorial,text,,,teacher (school) * teacher (higher education) * content provider,isPartOf:https://elixir-europe-training.github.io/ELIXIR-TrP-FAIR-training-handbook/,,
851da201-09d8-4bab-98fb-21609e1c1cd5,ElixirEurope,CC-BY-SA-4.0,https://elixir-europe-training.github.io/ELIXIR-TrP-FAIR-training-handbook/chapters/chapter_05/,5. Get a persistent identifier for your training material,ELIXIR FAIR training focus group (S),"In this chapter, we present what a persistent identifier (PID) is, and how to get one for your training materials. This step is essential to achieving FAIR training materials, as it is directly linked to Findability and Reuse. By getting a PID, the visibility of your work is enhanced, and the associated deposit works as a backup of your work by handing over the maintenance to the designated repository.",,,Unique identifier * ID * DOI * ORCID * PMID * Persistent identifier * Findability * Reusability,en,tutorial,text,,,teacher (school) * teacher (higher education) * content provider,isPartOf:https://elixir-europe-training.github.io/ELIXIR-TrP-FAIR-training-handbook/,,
4827e217-1eda-44e3-83e5-0b7f6c35e156,ElixirEurope,CC-BY-SA-4.0,https://elixir-europe-training.github.io/ELIXIR-TrP-FAIR-training-handbook/chapters/chapter_06/,6. Make it accessible,ELIXIR FAIR training focus group (S),"This chapter explains how to make your training materials accessible, decide on the appropriate access rules, implement authentication and authorization to eventually limit the access, as well as the pros and cons of using repositories to share your training materials. We will provide guidelines for choosing a repository and making your materials accessible to as many people as possible (inclusive).",,,Accessibility * Accession rules * Authentification * Authorization * Inclusiveness,en,tutorial,text,,,teacher (school) * teacher (higher education) * content provider,isPartOf:https://elixir-europe-training.github.io/ELIXIR-TrP-FAIR-training-handbook/,,
a5c5ed76-b7f0-4857-bfe7-709a3002593e,ElixirEurope,CC-BY-SA-4.0,https://elixir-europe-training.github.io/ELIXIR-TrP-FAIR-training-handbook/chapters/chapter_07/,7. Make it reusable,ELIXIR FAIR training focus group (S),"In this chapter, we explore the type of information required for people to decide if and how they can reuse training materials they are otherwise unfamiliar with. This information is an important part of the metadata and should be included alongside the materials. We consider existing metadata recommendations for training materials and different ways of representing this information in a detailed but logical and useful format.In this chapter training materials can be either an individual training material (e.g. a dataset, slides) or a collection of materials associated with a particular training session.",,,Metadata * Contextual information * Reusability * Learning outcomes,en,tutorial,text,,,teacher (school) * teacher (higher education) * content provider,isPartOf:https://elixir-europe-training.github.io/ELIXIR-TrP-FAIR-training-handbook/,,
0d517c72-d548-4ab3-8d18-855674b15158,ElixirEurope,CC-BY-SA-4.0,https://elixir-europe-training.github.io/ELIXIR-TrP-FAIR-training-handbook/chapters/chapter_08/,8. Provide a license,ELIXIR FAIR training focus group (S),This chapter will explain how you can encourage use and reuse of training materials through choosing appropriate licences. It will cover the different licence options available to date and consider the implications for users. It will also explain the practicalities of implementing your chosen licences and give an awareness of common issues to consider. ,,,Licensing * Reusability * Accessibility,en,tutorial,text,,,teacher (school) * teacher (higher education) * content provider,isPartOf:https://elixir-europe-training.github.io/ELIXIR-TrP-FAIR-training-handbook/,,
623df04b-7421-4226-bf4a-01e16ab602cc,ElixirEurope,CC-BY-SA-4.0,https://elixir-europe-training.github.io/ELIXIR-TrP-FAIR-training-handbook/chapters/chapter_09/,9. Boost discoverability,ELIXIR FAIR training focus group (S),"This chapter explains how to let learners, other trainers, and anyone interested in the topic of your training materials discover them, i.e., public relations. We will provide examples of platforms you can use to communicate and let the world know about your materials.",,,Communication * Discoverability * Public relations * Training portals * Registries * Repositories * Social media * Reusability * Findability,en,tutorial,text,,,teacher (school) * teacher (higher education) * content provider,isPartOf:https://elixir-europe-training.github.io/ELIXIR-TrP-FAIR-training-handbook/,,
7cb32e9c-ad9e-445d-8e46-6afe257a5579,ElixirEurope,CC-BY-SA-4.0,https://elixir-europe-training.github.io/ELIXIR-TrP-FAIR-training-handbook/chapters/chapter_10/,"10. Recognition, acknowledgment, authorship",ELIXIR FAIR training focus group (S),"This chapter will explain why it is important to add attributions to your training material. We will define the roles of author, trainers and contributor and ways of how to attribute credit to them in the contact of training material. It will also discuss of how you can encourage others to contribute to your material. ",,,Recognition * Acknowledgement * Authorship * Citation * Attribution * Reusability,en,tutorial,text,,,teacher (school) * teacher (higher education) * content provider,isPartOf:https://elixir-europe-training.github.io/ELIXIR-TrP-FAIR-training-handbook/,,
088ba68d-3472-4bd6-aea7-354d43bf1789,"Barnett, Christopher * Senapathi, Tharindu * Grüning, Björn : {https://orcid.org/0000-0002-3079-6586} * Bray, Simon : {https://orcid.org/0000-0002-0621-6705}",CC-BY-4.0,https://training.galaxyproject.org/training-material/topics/computational-chemistry/,Computational chemistry,Galaxy Training Materials (S),"Modelling, simulation and analysis of biomolecular systems",https://w3id.org/kim/hochschulfaechersystematik/n032,,,en,tutorial,multipart,,,,,,
bffbef07-220a-4e21-b03c-37ac79375261,"Barnett, Christopher * Senapathi, Tharindu * Bray, Simon : {https://orcid.org/0000-0002-0621-6705} * Goué, Nadia",CC-BY-4.0,https://training.galaxyproject.org/training-material/topics/computational-chemistry/tutorials/analysis-md-simulations/tutorial.html,Analysis of molecular dynamics simulations,Galaxy Training Materials (S),"Molecular dynamics simulations return highly complex data. The Cartesian positions of each atom of the system (thousands or even millions) are recorded at every time step of the trajectory; this may again be thousands to millions of steps in length. Therefore, some kind of further analysis is needed to extract useful information from the data.In this tutorial, we illustrate some of the analytical tools able to investigate conformational changes by analysis of a typical short protein simulation, such as for CBH1.There are other analysis tools available; you are encouraged to try these out too.",https://w3id.org/kim/hochschulfaechersystematik/n032,,,en,tutorial,text,competent,2019-06-03,,isPartOf:https://training.galaxyproject.org/training-material/topics/computational-chemistry/,,13
ea58b1d8-c9b7-4807-bec8-7853c6b374b6,"Jakiela, Julia : {https://orcid.org/0009-0001-2017-8805} * Kamieniecka, Katarzyna : {https://orcid.org/0009-0004-2454-5950} * Poterlowicz, Krzysztof : {https://orcid.org/0000-0001-6173-5674}",CC-BY-4.0,https://training.galaxyproject.org/training-material/topics/computational-chemistry/tutorials/med-chem-data/tutorial.html,Data management in Medicinal Chemistry,Galaxy Training Materials (S),"The development of medicinal chemistry is advancing very rapidly. Big pharmaceutical companies, research institutes and universities are working on ground-breaking solutions to help patients combat all kinds of diseases. During that development process, tons of data are generated – not only from the lab environment but also from clinical trials. Given that the discovery of more potent, safer and cheaper drugs is the ultimate goal of all research bodies, we should all focus on making the data we gather FAIR: Findable, Accessible, Interoperable, and Reusable to push the boundaries of drug development even further.With the currently available methods such as artificial intelligence, machine learning, many toolkits, software and access to various databases, managing big data is now inherently linked to medicinal chemistry and helps to make this area as efficient as it can be.In this tutorial, we will therefore explore some concepts related to medicinal chemistry, explore the available chemical and pharmacological databases, and perform some basic data analyses using the Galaxy interface.",https://w3id.org/kim/hochschulfaechersystematik/n032,,fair * data-management * medical-chemistry * computational-chemistry ,en,tutorial,text * video,novice,2024-01-08,,isPartOf:https://training.galaxyproject.org/training-material/topics/computational-chemistry/,,4
c9f6e5a9-9fb6-4c3f-a06e-9d2b7bd2dcce,"Bray, Simon : {https://orcid.org/0000-0002-0621-6705} * Senapathi, Tharindu * Barnett, Christopher * Grüning, Björn : {https://orcid.org/0000-0002-3079-6586}",CC-BY-4.0,https://training.galaxyproject.org/training-material/topics/computational-chemistry/tutorials/htmd-analysis/tutorial.html,High Throughput Molecular Dynamics and Analysis,Galaxy Training Materials (S),"This tutorial provides an introduction to using high-throughput molecular dynamics to study protein-ligand interaction, as applied to the N-terminal domain of Hsp90 (heat shock protein 90).",https://w3id.org/kim/hochschulfaechersystematik/n032,,,en,tutorial,text * video,expert,2020-05-20,,isPartOf:https://training.galaxyproject.org/training-material/topics/computational-chemistry/,,18
a396066f-a137-4d83-86f7-0e5fbc6e3128,"Moumbock, Aurélien F. A. : {https://orcid.org/0000-0002-6034-2016} * Bray, Simon : {https://orcid.org/0000-0002-0621-6705}",CC-BY-4.0,https://training.galaxyproject.org/training-material/topics/computational-chemistry/tutorials/zauberkugel/tutorial.html,Protein target prediction of a bioactive ligand with Align-it and ePharmaLib,Galaxy Training Materials (S),"Historically, the pharmacophore concept was formulated in 1909 by the German physician and Nobel prize laureate Paul Ehrlich (Ehrlich 1909). According to the International Union of Pure and Applied Chemistry (IUPAC), a pharmacophore is defined as “an ensemble of steric and electronic features that is necessary to ensure the optimal supramolecular interactions with a specific biological target and to trigger (or block) its biological response” (Wermuth et al. 1998). Starting from the cocrystal structure of a non-covalent protein–ligand complex (e.g. Figure 1), pharmacophore perception involves the extraction of the key molecular features of the bioactive ligand at the protein–ligand contact interface into a single model (Moumbock et al. 2019). These pharmacophoric features mainly include: H-bond acceptor (HACC or A), H-bond donor (HDON or D), lipophilic group (LIPO or H), negative center (NEGC or N), positive center (POSC or P), and aromatic ring (AROM or R) moieties. Moreover, receptor-based excluded spheres (EXCL) can be added in order to mimic spatial constraints of the binding pocket (Figure 2). Once a pharmacophore model has been generated, a query can be performed either in a forward manner, using several ligands to search for novel putative hits of a given target, or in a reverse manner, by screening a single ligand against multiple pharmacophore models in search of putative protein targets (Steindl et al. 2006).",https://w3id.org/kim/hochschulfaechersystematik/n40,,,en,tutorial,text,competent,2022-02-15,,isPartOf:https://training.galaxyproject.org/training-material/topics/computational-chemistry/,,10
913e79ef-23e7-4808-971e-48752e320b45,"Bray, Simon : {https://orcid.org/0000-0002-0621-6705}",CC-BY-4.0,https://training.galaxyproject.org/training-material/topics/computational-chemistry/tutorials/cheminformatics/tutorial.html,Protein-ligand docking,Galaxy Training Materials (S),"Cheminformatics is the use of computational techniques and information about molecules to solve problems in chemistry. This involves a number of steps: retrieving data on chemical compounds, sorting data for properties which are of interest, and extracting new information. This tutorial will provide a brief overview of all of these, centered around protein-ligand docking, a molecular modelling technique. The purpose of protein-ligand docking is to find the optimal binding between a small molecule (ligand) and a protein. It is generally applied to the drug discovery and development process with the aim of finding a potential drug candidate. First, a target protein is identified. This protein is usually linked to a disease and is known to bind small molecules. Second, a ‘library’ of possible ligands is assembled. Ligands are small molecules that bind to a protein and may interfere with protein function. Each of the compounds in the library is then ‘docked’ into the protein to find the optimal binding position and energy.Docking is a form of molecular modelling, but several simplifications are made in comparison to methods such as molecular dynamics. Most significantly, the receptor is generally considered to be rigid, with covalent bond lengths and angles held constant. Charges and protonation states are also not permitted to change. While these approximations reduce accuracy to some extent, they increase computational speed, which is necessary to screen a large compound library in a realistic amount of time.In this tutorial, you will perform docking of ligands into the N-terminus of Hsp90 (heat shock protein 90). The tools used for docking are based on the open-source software AutoDock Vina (Trott and Olson 2009).",https://w3id.org/kim/hochschulfaechersystematik/n40,,,en,tutorial,text,competent,2019-10-19,,isPartOf:https://training.galaxyproject.org/training-material/topics/computational-chemistry/,,16
1ed2433d-f9ea-476c-9bd2-0285c6a6a96e,"Bray, Simon : {https://orcid.org/0000-0002-0621-6705}",CC-BY-4.0,https://training.galaxyproject.org/training-material/topics/computational-chemistry/tutorials/md-simulation-gromacs/tutorial.html,Running molecular dynamics simulations using GROMACS,Galaxy Training Materials (S),"Molecular dynamics (MD) is a method to simulate molecular motion by iterative application of Newton’s laws of motion. It is often applied to large biomolecules such as proteins or nucleic acids.Multiple packages exist for performing MD simulations. One of the most popular is the open-source GROMACS, which is the subject of this tutorial. Other MD packages which are also wrapped in Galaxy are NAMD and CHARMM (available in the docker container).This is a introductory guide to using GROMACS (Abraham et al. 2015) in Galaxy to prepare and perform molecular dynamics on a small protein. For the tutorial, we will perform our simulations on hen egg white lysozyme.",https://w3id.org/kim/hochschulfaechersystematik/n40,,,en,tutorial,text,competent,2019-06-03,,isPartOf:https://training.galaxyproject.org/training-material/topics/computational-chemistry/,,15
71d7272a-c4fb-4ab8-be97-043e8e296273,"Barnett, Christopher * Bray, Simon : {https://orcid.org/0000-0002-0621-6705} * Goué, Nadia : {https://orcid.org/0000-0003-2750-1473}",CC-BY-4.0,https://training.galaxyproject.org/training-material/topics/computational-chemistry/tutorials/setting-up-molecular-systems/tutorial.html,Setting up molecular systems,Galaxy Training Materials (S),"In this tutorial, we’ll cover the basics of molecular modelling by setting up a protein in complex with a ligand and uploading the structure to Galaxy. This tutorial will make use of CHARMM-GUI. Please note that the follow-up to this tutorial (located in Running molecular dynamics simulations using NAMD) requires access to NAMD Galaxy tools, which can be accessed using the Docker container but are currently not available on any public Galaxy server.",https://w3id.org/kim/hochschulfaechersystematik/n40,,,en,tutorial,text,competent,2019-06-03,,isPartOf:https://training.galaxyproject.org/training-material/topics/computational-chemistry/,,14
2a2d2ea0-7111-4788-bdfc-53e9746bf658,"Bray, Simon : {https://orcid.org/0000-0002-0621-6705}",CC-BY-4.0,https://training.galaxyproject.org/training-material/topics/computational-chemistry/tutorials/covid19-docking/tutorial.html,Virtual screening of the SARS-CoV-2 main protease with rxDock and pose scoring,Galaxy Training Materials (S),"This tutorial provides a companion to the work performed in March 2020 by InformaticsMatters, the Diamond Light Source, and the European Galaxy Team to perform virtual screening on candidate ligands for the SARS-CoV-2 main protease (MPro). This work is described in our dedicated site.In this tutorial, you will perform protein-ligand docking to MPro using rxDock (Ruiz-Carmona et al. 2014), a version of the popular rDock software, and score the results using two different methods. The same tools will be used as in the original study, but with a smaller dataset.",https://w3id.org/kim/hochschulfaechersystematik/n40,,covid19 * one-health,en,tutorial,text,competent,2020-03-27,,isPartOf:https://training.galaxyproject.org/training-material/topics/computational-chemistry/,,10
7371060b-f0c5-4aa1-92c0-203814067ea6,"Biernacka, Katarzyna : {https://orcid.org/0000-0002-6363-0064} * Dockhorn, Ron : {https://orcid.org/0000-0002-5268-5430} * Engelhardt, Claudia : {https://orcid.org/0000-0002-3391-7638} * Helbig, Kerstin : {https://orcid.org/0000-0002-2775-6751} * Jacob, Juliane : {https://orcid.org/0000-0002-0443-3570} * Kalová, Tereza : {https://orcid.org/0000-0002-1764-7228} * Karsten, Adienne : {https://orcid.org/0000-0002-0562-7393} * Meier, Kristin : {https://orcid.org/0009-0003-1966-9679} * Mühlichen, Andreas : {https://orcid.org/0000-0003-3115-4021} * Neumann, Janna : {https://orcid.org/0000-0002-0161-1888} * Petersen, Britta : {https://orcid.org/0000-0002-0355-2594} * Slowig, Benjamin : {https://orcid.org/0000-0001-5343-2788} * Trautwein-Bruns, Ute : {https://orcid.org/0000-0003-0531-0182} * Wilbrandt, Jeanne : {https://orcid.org/0000-0002-0363-3837} * Wiljes, Cord : {https://orcid.org/0000-0003-2528-5391}",CC-BY-4.0,https://zenodo.org/records/10122153,Train-the-Trainer-Konzept zum Thema Forschungsdatenmanagement,,"Im Rahmen des BMBF-Projekts FDMentor wurde ein deutschsprachiges Train-the-Trainer-Programm zum Thema Forschungsdatenmanagement (FDM) erstellt, das nach Projektende durch Mitglieder der UAG Schulungen/Fortbildungen der DINI/nestor-AG Forschungsdaten fortlaufend ergänzt und aktualisiert wird. Die behandelten Themen umfassen sowohl die inhaltlichen Aspekte des Forschungsdatenmanagements als auch Einheiten zu didaktischen Grundlagen, zur Entwicklung von Lehr- und Workshopkonzepten. Darüber hinaus enthält das Konzept eine Sammlung didaktischer Methoden.Für die nun veröffentlichte fünfte Version des Train-the-Trainer-Konzepts wurden die Inhalte im Sinne einer nachhaltigeren Nachnutzbarkeit in Latex überführt und um ein neues Design ergänzt. Zu jeder Einheit sind Vorschläge für Umsetzungsmöglichkeiten und den Einsatz didaktischer Methoden sowohl für Präsenz- als auch für Onlineveranstaltungen integriert. Diese wurden durch Nutzung eines Farbschemas besser erfassbar gemacht. Interaktive Infoboxen fassen die zu den einzelnen Einheiten gehörenden Materialien (Präsentationsfolien, Arbeitsmaterialien) zusammen. Das Train-the-Trainer-Konzept steht als pdf zum Download zur Verfügung. Im Ordner Begleitmaterialien befinden sich sowohl die Präsentationsfolien durchführbar als Tag 1 und Tag 2 sowie separiert in einzelne Einheiten als pptx und pdf, als auch Arbeitsmaterialien wie Arbeitsblätter oder Handouts zum Bearbeiten in docx und zum direkten Ausdrucken als pdf.Die Lehrdrehbücher der einzelnen Einheiten wurden aktualisiert und um interaktive Elemente ergänzt. Für jede Einheit ist ein Lehrdrehbuch als pdf vorhanden, das alle wesentlichen Informationen enthält. Zusätzlich wird ein Gesamtlehrdrehbuch für alle Einheiten (Präsenz- und Online-Workshop) als bearbeitbare xlsx zur Verfügung gestellt, in dem nach bestimmten Einheiten und Formaten gefiltert werden kann.Alle Einheiten für die Version 5.0 wurden auf ihre Aktualität hin überprüft sowie einzelne Einheiten inhaltlich auf den neusten Stand gebracht. Die zu Beginn jeder Einheit angegebenen Lernziele wurden in Anlehnung an die Lernzielmatrix zum Themenbereich FDM (DOI: 10.5281/zenodo.8010617 [Titel anhand dieser DOI in Citavi-Projekt übernehmen] ) aktualisiert. Zusätzlich zu dieser Version werden Erweiterungsmodule zu den Themen CARE-Prinzipien (DOI: 10.5281/zenodo.10197070 [Titel anhand dieser DOI in Citavi-Projekt übernehmen] ), FAIR-Prinzipien (DOI: 10.5281/zenodo.10197079 [Titel anhand dieser DOI in Citavi-Projekt übernehmen] ), Elektronisches Laborbuch (DOI: 10.5281/zenodo.10197096 [Titel anhand dieser DOI in Citavi-Projekt übernehmen] ), Nachnutzung von Forschungsdaten (DOI: 10.5281/zenodo.10160865 [Titel anhand dieser DOI in Citavi-Projekt übernehmen] ) und Softwaremanagementplan (DOI: 10.5281/zenodo.10197107 [Titel anhand dieser DOI in Citavi-Projekt übernehmen] ) publiziert. Es ist geplant, weitere thematische Module im Laufe der Zeit zu publizieren.Erfahrungen aus den bereits durchgeführten Train-the-Trainer-Workshops sowie Rückmeldungen von Teilnehmenden sind in das Konzept eingeflossen. Diese fünfte, überarbeitete Version des Konzepts dient somit auch der weitergehenden Information der bereits geschulten Teilnehmenden. Darüber hinaus kann das Konzept (mit Anpassungen) für andere Zielgruppen wie z. B. Forschende adaptiert werden.",,.pdf,Forschungsdatenmanagement * Research data management * Forschungsdaten * Research data * Train-the-Trainer * Schulung * Didaktik * OER ,de,book,text,,2023-12-14,data steward * teacher (higher education),isSupplementedBy:https://zenodo.org/records/10197107 * isSupplementedBy:https://zenodo.org/records/10197096 * isSupplementedBy:https://zenodo.org/records/10197079 * isSupplementedBy:https://zenodo.org/records/10160865 * isSupplementedBy:https://doi.org/10.5281/zenodo.10197070,23.5,5
b903ce3b-1ca0-4bbe-829a-be9b707c482c,isSupplementedBy:https://zenodo.org/records/10197107 * isSupplementedBy:https://zenodo.org/records/10197096 * isSupplementedBy:https://zenodo.org/records/10197079 * isSupplementedBy:https://zenodo.org/records/10160865 * isSupplementedBy:https://doi.org/10.5281/zenodo.10197070,CC-BY-4.0,https://zenodo.org/records/10197107,Train-the-Trainer-Konzept zum Thema Forschungsdatenmanagement: Erweiterungsmodul Softwaremanagementplan (SMP),,"Im Rahmen des BMBF-Projekts FDMentor wurde ein deutschsprachiges Train-the-Trainer-Programm zum Thema Forschungsdatenmanagement (FDM) erstellt, das nach Projektende durch Mitglieder der UAG Schulungen/Fortbildungen der DINI/nestor-AG Forschungsdaten fortlaufend ergänzt und aktualisiert wird. Die behandelten Themen umfassen sowohl die inhaltlichen Aspekte des Forschungsdatenmanagements als auch Einheiten zu didaktischen Grundlagen, zur Entwicklung von Lehr- und Workshopkonzepten. Mit der Veröffentlichung der fünften Version des Train-the-Trainer-Konzeptes zum FDM (DOI: 10.5281/zenodo.10122153 [Titel anhand dieser DOI in Citavi-Projekt übernehmen] ) wurden zusätzliche thematische Einheiten konzipiert und als Zusatz- bzw. Erweiterungsmodule publiziert.Die Qualität, Nachvollziehbarkeit und Reproduzierbarkeit von Forschungssoftware sind wichtige Faktoren für die wissenschaftliche Integrität und den Forschungserfolg. Um diese zu gewährleisten, ist ein Softwaremanagementplan (SMP) ein nützliches Instrument, das die Ziele, Anforderungen, Methoden und Ressourcen für die Entwicklung, Nutzung und Erhaltung von Forschungssoftware dokumentiert. Dieses Erweiterungsmodul bietet einen Überblick über die wichtigsten Aspekte eines SMP und enthält ein Lehrdrehbuch und Übungen, die den Lehrenden und Forschenden helfen sollen, ihren eigenen SMP zu erstellen und zu verbessern.Die publizierten Materialien beinhalten neben dem Konzept noch Workshopmaterialien wie Arbeitsblätter und Vorlagen, ein Beispiel für ein Lehrdrehbuch sowie eine Erläuterung der verwendeten Methoden. ",,.pdf * .zip,Forschungsdatenmanagement * Research data management * Softwaremanagementplan * SMP * DMP * Train-the-Trainer * Schulung * Didaktik,de,book,text,,2023-12-14,data steward * teacher (higher education),,1,1
8baadf9d-c84e-4e3e-8ace-5d79adcc2dc9,"Dockhorn, Ron : {https://orcid.org/0000-0002-5268-5430} * Neumann, Janna : {https://orcid.org/0000-0002-0161-1888}",CC-BY-4.0,https://zenodo.org/records/10197096,Train-the-Trainer-Konzept zum Thema Forschungsdatenmanagement: Erweiterungsmodul Elektronisches Laborbuch (ELN),,"Im Rahmen des BMBF-Projekts FDMentor wurde ein deutschsprachiges Train-the-Trainer-Programm zum Thema Forschungsdatenmanagement (FDM) erstellt, das nach Projektende durch Mitglieder der UAG Schulungen/Fortbildungen der DINI/nestor-AG Forschungsdaten fortlaufend ergänzt und aktualisiert wird. Die behandelten Themen umfassen sowohl die inhaltlichen Aspekte des Forschungsdatenmanagements als auch Einheiten zu didaktischen Grundlagen, zur Entwicklung von Lehr- und Workshopkonzepten. Mit der Veröffentlichung der fünften Version des Train-the-Trainer-Konzeptes zum FDM (DOI: 10.5281/zenodo.10122153 [Titel anhand dieser DOI in Citavi-Projekt übernehmen] ) wurden zusätzliche thematische Einheiten konzipiert und als Zusatz- bzw. Erweiterungsmodule publiziert.Das Erweiterungsmodul Elektronisches Laborbuch (ELN) enthält eine Workshopeinheit zum Betrieb von und zum praktischen Umgang mit elektronischen Laborbüchern. Sie kann eigenständig als einzelner Workshop durchgeführt oder im Rahmen der Einheit 8 Dokumentation und Metadaten des Train-the-Trainer-Konzeptes zum Thema FDM (Version 5.0) genutzt werden. Übergeordnetes Lernziel der Einheit ist die Vermittlung von komplexer Datendokumentation durch Nutzung eines elektronischen Laborbuchs und richtet sich primär an FDM-Schulende. Die Inhalte können von den Trainer*innen jedoch auch genutzt werden, um eine eigene Workshopeinheit zum Thema ELN für die Zielgruppe der Forschenden zu entwickeln.Die publizierten Materialien beinhalten neben dem Konzept noch Workshopmaterialien wie Arbeitsblätter und Vorlagen, ein Beispiel für ein Lehrdrehbuch sowie eine Erläuterung der verwendeten Methoden. ",,.pdf * .zip,Forschungsdatenmanagement * Research data management * ELN * ELB * Elektronisches Laborbuch * Electronic Lab Notebook * Train-the-Trainer * Schulung * Didaktik,de,book,text,,2023-12-14,data steward * teacher (higher education),,2.3,1
459f8d13-1428-49c8-8e7a-396d53e432e5,"Biernacka, Katarzyna : {https://orcid.org/0000-0002-6363-0064} * Engelhardt, Claudia : {https://orcid.org/0000-0002-3391-7638} * Heister, Eske : {https://orcid.org/0000-0002-5334-1605}",CC-BY-4.0,https://zenodo.org/records/10197079,Train-the-Trainer-Konzept zum Thema Forschungsdatenmanagement: Erweiterungsmodul FAIR-Prinzipien,,"Im Rahmen des BMBF-Projekts FDMentor wurde ein deutschsprachiges Train-the-Trainer-Programm zum Thema Forschungsdatenmanagement (FDM) erstellt, das nach Projektende durch Mitglieder der UAG Schulungen/Fortbildungen der DINI/nestor-AG Forschungsdaten fortlaufend ergänzt und aktualisiert wird. Die behandelten Themen umfassen sowohl die inhaltlichen Aspekte des Forschungsdatenmanagements als auch Einheiten zu didaktischen Grundlagen, zur Entwicklung von Lehr- und Workshopkonzepten. Mit der Veröffentlichung der fünften Version des Train-the-Trainer-Konzeptes zum FDM (DOI: 10.5281/zenodo.10122153 [Titel anhand dieser DOI in Citavi-Projekt übernehmen] ) wurden zusätzliche thematische Einheiten konzipiert und als Zusatz- bzw. Erweiterungsmodule publiziert.Das Erweiterungsmodul FAIR-Prinzipien soll einen Orientierungsrahmen für die Verbesserung der Nachnutzbarkeit sowie der tatsächlichen Nachnutzung von Daten (oder anderen digitalen Ressourcen) bieten. Unter den Schlagworten „Findability“ (Auffindbarkeit), „Accessibility“ (Zugänglichkeit), „Interoperability“ (Interoperabilität) und „Reusability“ (Nachnutzbarkeit) definieren sie eine Reihe von Eigenschaften, die die Daten bzw. Ressourcen hierfür aufweisen sollten. Häufig werden die Begriffe FAIR, Open Data und Forschungsdatenmanagement vermischt oder als Synonyme verwendet, jedoch gibt es zwischen ihnen Unterschiede. Das Forschungsdatenmanagement beinhaltet alle Aktivitäten, die mit der Verwaltung von Forschungsdaten zusammenhängen und somit auch die Publikation dieser ermöglichen. Der Begriff beschreibt also keinen Zustand der Daten selbst. Ein effektives Forschungsdatenmanagement ist die Grundlage für FAIRe Daten. Das Erweiterungsmodul thematisiert, wie FAIRe Daten erstellt werden.Die publizierten Materialien beinhalten neben dem Konzept noch Workshopmaterialien wie Arbeitsblätter und Vorlagen, ein Beispiel für ein Lehrdrehbuch sowie eine Erläuterung der verwendeten Methoden. ",,.pdf * .zip,Forschungsdatenmanagement * Research data management * FAIR * Train-the-Trainer * Schulung * Didaktik,de,book,text,,2023-12-14,data steward * teacher (higher education),,1.8,1
9f53acee-2feb-4104-9d12-ba2cf195e1e2,"Heister, Eske : {https://orcid.org/0000-0002-5334-1605} * Dąbrowska, Paulina Anna : {https://orcid.org/0000-0002-5555-3206}",CC-BY-4.0,https://zenodo.org/records/10197070,Train-the-Trainer-Konzept zum Thema Forschungsdatenmanagement: Erweiterungsmodul CARE-Prinzipien,,"Im Rahmen des BMBF-Projekts FDMentor wurde ein deutschsprachiges Train-the-Trainer-Programm zum Thema Forschungsdatenmanagement (FDM) erstellt, das nach Projektende durch Mitglieder der UAG Schulungen/Fortbildungen der DINI/nestor-AG Forschungsdaten fortlaufend ergänzt und aktualisiert wird. Die behandelten Themen umfassen sowohl die inhaltlichen Aspekte des Forschungsdatenmanagements als auch Einheiten zu didaktischen Grundlagen, zur Entwicklung von Lehr- und Workshopkonzepten. Mit der Veröffentlichung der fünften Version des Train-the-Trainer-Konzeptes zum FDM (DOI: 10.5281/zenodo.10122153 [Titel anhand dieser DOI in Citavi-Projekt übernehmen] ) wurden zusätzliche thematische Einheiten konzipiert und als Zusatz- bzw. Erweiterungsmodule publiziert.Im Erweiterungsmodul „CARE-Prinzipien“ werden die Titelprinzipien, die als Guideline zur Orientierung für den Umgang mit indigenen Daten entwickelt wurden, vorgestellt und erklärt. Es wird darauf eingegangen, warum Global Indigenous Data Alliance (GIDA) die neuen Prinzipien erstellt hat und wie die CARE-Prinzipien die FAIR-Prinzipien ergänzen. Die erste Übung, eine Gruppendiskussion, soll die Teilnehmenden zu den Gemeinsamkeiten sowie Unterschieden in den übergeordneten Zielen der aus indigener und aus allgemein verbreiteter Perspektive abgestammten Prinzipien sensibilisieren. Mit der Betonung darauf, dass die CARE-Prinzipien sich vor allem an nicht-indigene Personen richten, wird anschließend demonstriert, wie sie innerhalb des Forschungsdatenprojekts bzw. des Forschungsdatenmanagements eines Projektes angewendet werden können. Eine darauffolgende zweite Übung gibt die Möglichkeit, sich mit dem Powhiri, dem Begrüßungsritual der Māori, auseinanderzusetzen und dabei über die eigene Herkunft zu reflektieren.Die publizierten Materialien beinhalten neben dem Konzept noch Workshopmaterialien wie Folien, Arbeitsblätter und Vorlagen, ein Beispiel für ein Lehrdrehbuch sowie eine Erläuterung der verwendeten Methoden. ",,.pdf * .zip,Forschungsdatenmanagement * Research data management * CARE * Train-the-Trainer * Schulung * Didaktik,de,book,text,,2023-12-14,data steward * teacher (higher education),,2.8,1
f684b0e3-1fc3-4bcb-87c7-d71837a06a91,"Ariza de Schellenberger, Angela : {https://orcid.org/0000-0002-1005-5780} * Asef, Esther : {https://orcid.org/0000-0003-2411-4953} * Jacob, Juliane : {https://orcid.org/0000-0002-0443-3570} * Mühlichen, Andreas : {https://orcid.org/0000-0003-3115-4021} * Peters-von Gehlen, Karsten : {https://orcid.org/0000-0003-0158-2957} * Schranzhofer, Hermann : {https://orcid.org/0000-0003-0249-2726} * Trautwein-Bruns, Ute : {https://orcid.org/0000-0003-0531-0182}",CC-BY-4.0,https://zenodo.org/records/10160865,Train-the-Trainer-Konzept zum Thema Forschungsdatenmanagement: Erweiterungsmodul Nachnutzung von Forschungsdaten,,"Im Rahmen des BMBF-Projekts FDMentor wurde ein deutschsprachiges Train-the-Trainer-Programm zum Thema Forschungsdatenmanagement (FDM) erstellt, das nach Projektende durch Mitglieder der UAG Schulungen/Fortbildungen der DINI/nestor-AG Forschungsdaten fortlaufend ergänzt und aktualisiert wird. Die behandelten Themen umfassen sowohl die inhaltlichen Aspekte des Forschungsdatenmanagements als auch Einheiten zu didaktischen Grundlagen, zur Entwicklung von Lehr- und Workshopkonzepten. Mit der Veröffentlichung der fünften Version des Train-the-Trainer-Konzeptes zum FDM (DOI: 10.5281/zenodo.10122153 [Titel anhand dieser DOI in Citavi-Projekt übernehmen] ) wurden zusätzliche thematische Einheiten konzipiert und als Zusatz- bzw. Erweiterungsmodule publiziert.Der Workshop „Nachnutzung von Forschungsdaten“ richtet sich an FDM-Trainer*innen. Thematisiert werden innerhalb von 120 min Aspekte, die bei der Schulung von Forschenden zum Thema Datenwiederverwendung im wissenschaftlichen Kontext (Datenwiederverwendung zur Beantwortung einer Forschungsfrage) berücksichtigt werden sollten. Dazu gehören u. a. verschiedene Bezugswege, die Plausibilitäts- und Qualitätsprüfung sowie lizenzrechtliche Aspekte bei der Nachnutzung von Forschungsdaten. Die Inhalte sind auf eine interdisziplinäre Umsetzung ausgelegt und können an die FDM-Kenntnisse der Zielgruppe angepasst werden.Der Workshop integriert außerdem verschiedene didaktische Elemente und erfüllt damit den Anspruch der UAG Schulungen/Fortbildungen der DINI/nestor-AG Forschungsdaten, bei der alle Vortragenden Mitglieder sind.Die publizierten Materialien beinhalten neben dem Konzept noch Workshopmaterialien wie Arbeitsblätter und Vorlagen, ein Beispiel für ein Lehrdrehbuch sowie eine Erläuterung der verwendeten Methoden.Der Workshop fand am 21. November 2023 digital statt sowie ebenfalls digital in einer vorherigen Version am 14. Februar 2023 im Rahmen der RDA Deutschland Tagung 2023 (13. bis 17. Februar 2023, veranstaltet von der RDA Deutschland e. V. in Kooperation mit dem Helmholtz Open Science Office und der Georg-August-Universität Göttingen) https://indico.desy.de/event/37011/contributions/132887/ und Ariza, A., Asef, E., Jacob, J., Mühlichen, A., Peters-von Gehlen, K., Schranzhofer, H., & Trautwein-Bruns, U. (2023, Februar 14). Datennachnutzung in der Praxis. RDA-DE. Zenodo. https://doi.org/10.5281/zenodo.7568266 [Titel anhand dieser DOI in Citavi-Projekt übernehmen] ",,.pdf * .zip,Forschungsdatenmanagement * Research data management * Nachnutzung * Re-Use * Train-the-Trainer * Schulung * Didaktik,de,book,text,,2023-12-14,data steward * teacher (higher education),,1,1
4cb87d64-740d-4991-9be4-decf294730fd,"Lohmeier, Felix : {https://orcid.org/0000-0003-3375-4362} * Pohl, Adrian : {https://orcid.org/0000-0001-9083-7442} * Voß, Jakob : {https://orcid.org/0000-0002-7613-4123}",CC-BY-4.0,https://dini-ag-kim.github.io/skos-einfuehrung/#/,Einführung in SKOS am Beispiel von Open Educational Resources (OER),Hochschulbibliothekszentrum des Landes Nordrhein-Westfalen (hbz) (R),Diese Einführung soll die Nutzung des Simple Knowledge Organization System (SKOS) für kontrollierte Vokabulare erleichtern. Wir demonstrieren den Zweck und die Vorteile am Beispiel von Open Educational Resources (OER).,,,Simple Knowledge Organization System * SKOS * OER * Open Educational Resources,de,bibo:webpage,text,novice,,,,,
3293fb0e-edf4-434a-93be-87787cb911b0,"Lohmeier, Felix : {https://orcid.org/0000-0003-3375-4362} * Pohl, Adrian : {https://orcid.org/0000-0001-9083-7442} * Voß, Jakob : {https://orcid.org/0000-0002-7613-4123}",CC-BY-4.0,https://dini-ag-kim.github.io/skos-einfuehrung/#/skos-einleitung,Einführung in SKOS am Beispiel von Open Educational Resources (OER) - Einleitung,,Wozu kontrollierte Vokabulare?     Was ist SKOS?     Verwendungszwecke     Vorteile,,,Simple Knowledge Organization System * SKOS,de,bibo:webpage,text * code,novice,,,isPartOf:https://dini-ag-kim.github.io/skos-einfuehrung/#/,,
6ac06481-aa57-4928-83e8-0d822dc7ef60,"Lohmeier, Felix : {https://orcid.org/0000-0003-3375-4362} * Pohl, Adrian : {https://orcid.org/0000-0001-9083-7442} * Voß, Jakob : {https://orcid.org/0000-0002-7613-4123}",CC-BY-4.0,https://dini-ag-kim.github.io/skos-einfuehrung/#/skos-kodierung,Kodierung,,"Wie in der Einleitung erwähnt, wird SKOS im graph-basierten Datenmodell RDF kodiert. Wir verwenden für die Code-Schnipsel im folgenden Beispiel die RDF-Serialisierung Turtle, weil diese am besten lesbar ist. ",,,RDF * Turtle *SKOS,de,bibo:webpage,text * code,novice,,,isPartOf:https://dini-ag-kim.github.io/skos-einfuehrung/#/,,
7a6b0a12-b71f-493e-92a4-2071c114c3cd,"Lohmeier, Felix : {https://orcid.org/0000-0003-3375-4362} * Pohl, Adrian : {https://orcid.org/0000-0001-9083-7442} * Voß, Jakob : {https://orcid.org/0000-0002-7613-4123}",CC-BY-4.0,https://dini-ag-kim.github.io/skos-einfuehrung/#/skos-elemente,Elemente,,Zusammenfassend eine Übersicht über alle in SKOS verwendeten Elemente:,,,SKOS,de,bibo:webpage,text * code,novice,,,isPartOf:https://dini-ag-kim.github.io/skos-einfuehrung/#/,,
699669f0-a82a-4414-832e-384c81b4ae5d,"Lohmeier, Felix : {https://orcid.org/0000-0003-3375-4362} * Pohl, Adrian : {https://orcid.org/0000-0001-9083-7442} * Voß, Jakob : {https://orcid.org/0000-0002-7613-4123}",CC-BY-4.0,https://dini-ag-kim.github.io/skos-einfuehrung/#/skos-tutorial,Tutorial,,"In diesem Tutorial erstellen und veröffentlichen wir ein eigenes fiktives SKOS-Vokabular. Versetzen Sie sich dazu gedanklich in folgendes Szenario:Eine kleine Hochschule betreibt einen Dokumentenserver für Abschlussarbeiten.Auf der Webseite sollen Nutzer*innen nach Fachbereichen und Studiengängen filtern können.Der Dokumentenserver wird in zwei Sprachen (deutsch und englisch) angeboten.Zu statistischen Zwecken werden die Studiengänge der DESTATIS Hochschulfächersystematik zugeordnet.Um die Erschließung der Dokumente zu vereinheitlichen, soll die Fachsystematik (Fachbereiche und Studiengänge) in einem SKOS-Vokabular kontinuierlich gepflegt werden.",,,SKOS * DESTATIS,de,tutorial,text * code,novice,,,isPartOf:https://dini-ag-kim.github.io/skos-einfuehrung/#/,,
2abb0169-4abf-4209-8599-2a1a0c25317c,"Lohmeier, Felix : {https://orcid.org/0000-0003-3375-4362} * Pohl, Adrian : {https://orcid.org/0000-0001-9083-7442} * Voß, Jakob : {https://orcid.org/0000-0002-7613-4123}",CC-BY-4.0,https://dini-ag-kim.github.io/skos-einfuehrung/#/skos-anwendungsbeispiele,Anwendungsbeispiele,,Verzeichnisse  und In dieser Einführung genannte Beispiele.,,,,de,bibo:webpage,text,novice,,,isPartOf:https://dini-ag-kim.github.io/skos-einfuehrung/#/,,
32616a5c-5426-4a88-a270-650a7fb930a8,"Lohmeier, Felix : {https://orcid.org/0000-0003-3375-4362} * Pohl, Adrian : {https://orcid.org/0000-0001-9083-7442} * Voß, Jakob : {https://orcid.org/0000-0002-7613-4123}",CC-BY-4.0,https://dini-ag-kim.github.io/skos-einfuehrung/#/skos-software,Software,,Empfehlenswerte Tools für die Arbeit mit SKOS-Vokabularen.,,,,de,bibo:webpage,text,novice,,,isPartOf:https://dini-ag-kim.github.io/skos-einfuehrung/#/,,
a9de61da-9ef0-48ee-8a53-0ff79424c86b,"Helling, Patrick : {https://orcid.org/0000-0003-4043-165X} * Lemaire, Marina : {https://orcid.org/0000-0003-4726-2481} * Asef, Esther : {https://orcid.org/0000-0003-2411-4953} * Assmann, Cora : {https://orcid.org/0000-0003-2411-4953} * Christ, Andreas : {https://orcid.org/0000-0002-3591-2355} * Engelhardt, Claudia : {https://orcid.org/0000-0002-3391-7638} * Herwig, Anja : {https://orcid.org/0000-0003-1703-3979} * Kellendonk, Stefan : {https://orcid.org/0000-0003-1009-3311} * Mertzen, Daniela : {https://orcid.org/0000-0003-4471-9255} * Thaut, Anna : {https://orcid.org/0009-0005-0084-0207} * Wiljes, Cord : {https://orcid.org/0000-0003-2528-5391} * Zollitsch, Linda : {https://orcid.org/0000-0001-9592-3382} * Mollenhauer, GJ Elisabeth : {https://orcid.org/0000-0001-8034-7191} * Benra, Philipp : {https://orcid.org/0009-0007-3572-7647}",CC-BY-4.0,https://zenodo.org/records/13684373,Handreichung für die Beratung im Forschungsdatenmanagement,Data Center for the Humanities der Universität zu Köln (S),"Durch die zunehmende Interdisziplinarität, die Förderung des Open-Science-Gedankens und insbesondere durch die Anforderungen der Drittmittelgeber an von ihnen geförderte Projekte ist eine professionelle, wissenschaftsnahe Beratung zum Umgang mit Forschungsdaten notwendig geworden, um erfolgreich Drittmittel einzuwerben und Forschung im Sinn der guten wissenschaftlichen Praxis zu betreiben. Dies haben viele Forschungseinrichtungen erkannt, weshalb vor allem Forschungsdatenmanagement (FDM) Beratungsangebote im wissenschaftlichen Umfeld in den letzten Jahren deutlich zugenommen haben. Die Entwicklung und Etablierung solcher Angebote ist dabei von unterschiedlichen Faktoren wie der Ausstattung von FDM-Beratungseinrichtungen, der jeweiligen institutionellen Zusammensetzung des Beratungsteams, der (fachspezifischen) Kompetenzen der Einrichtung sowie der FDM-Bedarfslandschaft abhängig.Zum Zweck der Planung, Umsetzung und Professionalisierung von FDM-Beratungsangeboten hat sich eine Autor*innen-Gruppe 2023 im Rahmen eines GO UNITE! Workshops zur Entwicklung von Konzepten zur Durchführung und Protokollierung von FDM-Beratungsgesprächen gebildet und die vorliegende Handreichung zu Beratungsgesprächen im Forschungsdatenmanagement entwickelt.",,.pdf,Forschungsdatenmanagement * FDM * Research Data Management * RDM * Beratung * Handreichung * Dokumentation,de,,text,,2024-10-12,data steward,,1,1
521997b8-d95f-4b83-9bac-510af4f89fff,"Utrilla Guerrero, Carlos : {https://orcid.org/0000-0002-9994-1462} * Barrera-Coronel, Maribel",CC-BY-4.0,https://tu-delft-library.github.io/rdm101-book/intro.html,"The Research Data Management 101 (RDM 101) , an openly available and as a self-learning course! This Jupyter book was created to make the content of the TU Delft course for PhD candidates, Research Data Management 101 (RDM 101) openly available and as a self-learning course.The RDM 101 course is aimed at PhD candidates at TU Delft (especially in their first year) who require a hands-on introduction to Research Data Management (RDM) and Data Management Plans (DMPs). However, the course can also be useful for researchers and students interested in learning the basics of RDM at their own pace.RDM 101 is structured in five successive modules that can be completed at your own pace. Each module contains informative videos and self-assessment quizzes to reinforce the knowledge acquired on certain topics. This self-learning course also includes suggested exercises to apply what you will be learning throughout the content.",Delft University of Technology (S),"The Research Data Management 101 (RDM 101) , an openly available and as a self-learning course! This Jupyter book was created to make the content of the TU Delft course for PhD candidates, Research Data Management 101 (RDM 101) openly available and as a self-learning course.The RDM 101 course is aimed at PhD candidates at TU Delft (especially in their first year) who require a hands-on introduction to Research Data Management (RDM) and Data Management Plans (DMPs). However, the course can also be useful for researchers and students interested in learning the basics of RDM at their own pace.RDM 101 is structured in five successive modules that can be completed at your own pace. Each module contains informative videos and self-assessment quizzes to reinforce the knowledge acquired on certain topics. This self-learning course also includes suggested exercises to apply what you will be learning throughout the content.",,.md *. pdf,,en,lecture,text,,,student (PhD),,1,
a1316988-8d73-4ae9-ae36-839834f749f8,"Utrilla Guerrero, Carlos : {https://orcid.org/0000-0002-9994-1462} * Barrera-Coronel, Maribel",CC-BY-4.0,https://tu-delft-library.github.io/rdm101-book/modules/module0.html,Course information,Delft University of Technology (S),"This course provides PhD candidates with the essential knowledge and the core skills to manage research data according to best practice. You will be able to integrate good data management practices into your workflow from the start of your research project. Applying this knowledge to your research will allow you to reflect on how to work with your research data in an efficient and reproducible way, while meeting funder and institutional requirements.",,.md *. pdf,,en,lecture,text,,,student (PhD),isPartOf:https://tu-delft-library.github.io/rdm101-book/intro.html,0.3,
e087d1d3-40be-4223-bc29-8110bde96264,"Utrilla Guerrero, Carlos : {https://orcid.org/0000-0002-9994-1462} * Barrera-Coronel, Maribel",CC-BY-4.0,https://tu-delft-library.github.io/rdm101-book/modules/module1.html,Module 1: The Importance of RDM,Delft University of Technology (S),The first module of this course is all about awareness. Why is RDM so important? During this module we will share different perspectives and discuss the importance of reproducibility.,,.md *. pdf,,en,lecture,video,,,student (PhD),isPartOf:https://tu-delft-library.github.io/rdm101-book/intro.html,0.3,
4f1f8533-8b2e-4d81-9acc-b83cea753450,"Utrilla Guerrero, Carlos : {https://orcid.org/0000-0002-9994-1462} * Barrera-Coronel, Maribel",CC-BY-4.0,https://tu-delft-library.github.io/rdm101-book/modules/module2.html,Module 2: Essentials for Research Data,Delft University of Technology (S),"In Module 2, we dig deeper into Research Data (and other research objects) and its management. You will learn to recognise different types of research data, what essential questions you need to ask yourself to start implementing RDM in your project and what are your obligations at TU Delft regarding research data and software management.",,.md *. pdf,,en,lecture,text * video,,,student (PhD),isPartOf:https://tu-delft-library.github.io/rdm101-book/intro.html,0.4,
a75bcc26-a5d0-45f1-8bc5-20bca841fddc,"Utrilla Guerrero, Carlos : {https://orcid.org/0000-0002-9994-1462} * Barrera-Coronel, Maribel",CC-BY-4.0,https://tu-delft-library.github.io/rdm101-book/practice/exercise1.html,Exercise: Data Flow Map Part 1,Delft University of Technology (S),"During this course we encourage our learners to work on their own research data management strategy and reflect on different themes based on the data they expect to collect/produce.We encourage the self-learners following the course through this Jupyter book to take the time and do this reflection exercise. You can maybe ask one of your team members to provide feedback on your data flow map.After finishing Module 1 and Module 2, you should reflect on the type of research data/software you are collecting/producing, provide a description of them and to create your own back-up and storage strategy for the data of your project applying what you have learned.Find here below a template and a step-by-step guide PDF to help you structure the different aspects of the data flow map.",,.pptx * .pdf,,en,tutorial,text,,,student (PhD),isPartOf:https://tu-delft-library.github.io/rdm101-book/modules/module2.html#,0.5,
90410616-44d4-4b8b-a8d8-7595980a690c,"Utrilla Guerrero, Carlos : {https://orcid.org/0000-0002-9994-1462} * Barrera-Coronel, Maribel",CC-BY-4.0,https://tu-delft-library.github.io/rdm101-book/modules/module3.html,Module 3 - FAIR data principles and their main elements,Delft University of Technology (S),"In this module, we will discover the FAIR data principles and their main elements. At the end of this module you should be able to:Understand the FAIR principles and their relation to RDMIdentify key elements that help make research data Findable, Accessible, Interoperable and Reusable (FAIR)There are different activities in this module you should completeThere are different activities in this module you should complete: Read topic 1: Why and how were the FAIR principles created? Watch the video about the key elements to make data FAIR and complete the ‘fill in the blanks’ quiz",,.md *. pdf,,en,lecture,text * video,,,student (PhD),isPartOf:https://tu-delft-library.github.io/rdm101-book/intro.html,0.5,
9a4ee42f-f11e-4376-bf2a-900e8a875b7b,"Utrilla Guerrero, Carlos : {https://orcid.org/0000-0002-9994-1462} * Barrera-Coronel, Maribel",CC-BY-4.0,https://tu-delft-library.github.io/rdm101-book/modules/module4.html,Module 4 - Realizing FAIR data,Delft University of Technology (S),"n this module, we will focus on the realisation of FAIR data. We will explore some best practices and tools that can facilitate the implementation of the FAIR principles.At the end of this module you should be able to:Understand the importance of good data organisation and be aware of best practices around data organisationRecognise the relevance of documentation and be familiar with diverse tools to document dataIdentify relevant tools to advance towards FAIR dataDiscuss data publication, best practices and restrictionsThere is also an activity in this module you should complete: Watch the  videos about ‘Data organisation’, ‘Data Documentation tools’ and ‘Data access and Data publication’ and complete the corresponding quizzes.  Optional activity for those working with Research Software - If Research Software is one of the main outputs of your PhD project, we strongly encourage you to take some extra minutes to complete section 4.4: Additional Resource - FAIR and Reproducible Research Software in this module.",,.md *. pdf,,en,lecture,text * video,,,student (PhD),isPartOf:https://tu-delft-library.github.io/rdm101-book/intro.html,0.5,
ba29c828-689a-466f-8b66-895c41bfc4af,"Utrilla Guerrero, Carlos : {https://orcid.org/0000-0002-9994-1462} * Barrera-Coronel, Maribel",CC-BY-4.0,https://tu-delft-library.github.io/rdm101-book/practice/exercise2.html#,Exercise: Exploring documentation methods & tools,Delft University of Technology (S),Objectives      Take the time to explore and get introduced to a documentation method or tool      Get a feeling for the method or tool if it is something you can incorporate in your research workflow ,,.md *. pdf,,en,tutorial,text,,,student (PhD),isPartOf:https://tu-delft-library.github.io/rdm101-book/modules/module4.html,0.2,
cea92aad-5822-48e5-b24a-4d5ba4f02cd7,"Utrilla Guerrero, Carlos : {https://orcid.org/0000-0002-9994-1462} * Barrera-Coronel, Maribel",CC-BY-4.0,https://tu-delft-library.github.io/rdm101-book/practice/exercise3.html,Exercise: Exploring the FAIRness of datasets,Delft University of Technology (S),Objectives      Familiarise you with finding datasets in different repositories      Assessing the FAIRness of a dataset should help you reflect on:      What should you do or not do when you publish the data of your project?      Did you identify things missing in this dataset that you would definitely provide when you publish yours?      Allow you to explore how datasets are published in different repositories ,,.md *. pdf,,en,tutorial,text,,,student (PhD),isPartOf:https://tu-delft-library.github.io/rdm101-book/modules/module4.html,0.1,
4a28bc8b-9117-45de-9ee2-e0953f0218e2,"Utrilla Guerrero, Carlos : {https://orcid.org/0000-0002-9994-1462} * Barrera-Coronel, Maribel",CC-BY-4.0,https://tu-delft-library.github.io/rdm101-book/practice/exercise4.html,Exercise: Data Flow Map Part 2,Delft University of Technology (S),"In Module 3 you have learned about the main elements of the FAIR principles (i.e. Documentation & Metadata, Interoperability, Access to Data, Persistent Identifiers and Licences). In Module 4 we have explored some best practices for data organisation and we suggested you to explore some documentation tools that can make documentation easier. In Module 4, you also learned about data publication in data repositories.We suggest that you take again a moment to reflect on your own research project and create a strategy on how you will apply what you have learned so far.Please read the step-by-step instructions before working on the exercise. Here we provide again a template in case you want to use it for structuring your map.",,.md *. pdf,,en,tutorial,text,,,student (PhD),isPartOf:https://tu-delft-library.github.io/rdm101-book/modules/module4.html,0.1,
37b954af-4479-4a48-ae41-7cace47594da,"Utrilla Guerrero, Carlos : {https://orcid.org/0000-0002-9994-1462} * Barrera-Coronel, Maribel",CC-BY-4.0,https://tu-delft-library.github.io/rdm101-book/modules/module5.html,Module 5 - How to plan for RDM,Delft University of Technology (S),"In Module 5 we will take a closer look at planning for RDM. In relation to this, data management plans and the tool DMPonline will be developed.At the end of this module you should be able to:Recognise the relevance of planning research data managementGet familiar with the concept of DMP and its formatCreate a data management plan using the appropriate toolRecognise the value of creating a DMPThere are different activities in this module you should complete: Watch the animation  video to learn what a data management plan (DMP) is Watch the  videos of a TU Delft researcher and a Faculty data steward to learn why they think it is relevant to prepare a DMP Complete the suggested activity of creating a DMP using the tool DMP online",,.md *. pdf,,en,lecture,text * video,,,student (PhD),isPartOf:https://tu-delft-library.github.io/rdm101-book/intro.html,0.3,
aa2990c8-58a0-4428-91a4-22af0c6cd2da,"Utrilla Guerrero, Carlos : {https://orcid.org/0000-0002-9994-1462} * Barrera-Coronel, Maribel",CC-BY-4.0,https://tu-delft-library.github.io/rdm101-book/modules/after.html,Afterword,Delft University of Technology (S),"We hope you enjoyed the course, and you feel prepared to implement RDM best practices in your research project!  You probably found that this is a lot of information to process, don’t panic! If you have worked on the activities of the data flow maps or getting started with your DMP, you can use them to prioritise where to start.",,.md *. pdf,,en,lecture,text,,,student (PhD),isPartOf:https://tu-delft-library.github.io/rdm101-book/intro.html,4.3,
0f1ba7e9-8fda-47e6-82f8-55ccec873352,"Martinez-Lavanchy, Paula M. : {https://orcid.org/0000-0003-1448-0917} * Rzayeva, Narmin : {https://orcid.org/0000-0003-0397-5412} * Shoko, Dauwels * Barrera-Coronel, Maribel * Utrilla Guerrero, Carlos : {https://orcid.org/0000-0002-9994-1462} * Dace, Halford : {https://orcid.org/0000-0002-0189-0434} * Strubbia, Carla : {https://orcid.org/0000-0001-9324-3607} * van Scholl, Pim : {https://orcid.org/0000-0002-4262-7579} * Zormpa, Eirini : {https://orcid.org/0000-0002-6902-7768}",CC-BY-4.0,https://zenodo.org/records/10732095,TU Delft Research Data Management 101 course,Delft University of Technology (S),"Regardless of the research field, there are various ways of collecting and documenting data. Poor data management can result in losing time trying to locate data files, loss of data on a larger and smaller scale, failure to keep track of new versions and updates, failure to provide accessibility of data to other researchers for reproducibility and replicability, etc. All this can lead to more effort and frustration for researchers. Therefore, it is essential for all researchers to start thinking about managing research data correctly at the outset of any research project.This six-module course called Research data Management 101 (RDM 101), is aimed at PhD candidates (especially in their first year) who require a hands-on introduction to Research Data Management (RDM) and Data Management Plans (DMPs).The course was created in a collaborative effort of the Research Data and Software team of TU Delft Library with TU Delft Data Stewards, the Education Support team at TU Delft Library, the TU Delft New Media Centre, the TU Delft Digital Competence Center (DCC) and TU Delft researchers.The course has been delivered using the Learning Management System (LMS) Brightspace. However, the aim of publishing all the structure, content and materials of the course is to facilitate the adoption and adaptation to other learning platforms.The Modules of the RDM 101 course are:Module 1. The importance of RDMModule 2. The Essentials of research dataModule 3. FAIR principlesModule 4. Realizing FAIR dataModule 5. How to plan for RDM (using a DMP tool)Module 6. Reflection on RDM strategyAt TU Delft this course is offered as a blended course during three weeks. The learners explore the content of the modules at their own pace following a determined shedule and meet the instructors for an interactive class session once a week.This is the publication of the RDM 101 v2.0, which has been under implementation since November 2023. All the changes are described in detailed in the README_v2.0 file in this publication. Some of the major changes are:The class sessions have been adapted to face-to-face formatSome additional and optional content on Research Software has been addedThe Data Flow Map assignments have been updated and new templates are provided. A separate publication of the assignment is found at https://doi.org/10.5281/zenodo.10731934 [Titel anhand dieser DOI in Citavi-Projekt übernehmen]The assignment of this course is based on the ‘Data Flow Kit’ - https://dataflowtoolkit.dk/; https://doi.org/10.5278/16k4-4n24 [Titel anhand dieser DOI in Citavi-Projekt übernehmen]Parts of the content of this course are based on:Holmstrand, K.F., den Boer, S.P.A., Vlachos, E., Martínez-Lavanchy, P.M., Hansen, K.K. (Eds.) (2019). Research Data Management (eLearning course). doi: 10.11581/dtu:00000047 [Titel anhand dieser DOI in Citavi-Projekt übernehmen] ",,.zip,Research Data Management * FAIR data * Data Management Plan * Training * Course Material,en,lecture,text,,2024-03-01,student (PhD),isSupplementTo:https://tu-delft-library.github.io/rdm101-book/intro.html,,2
7b7bae2e-9724-4cea-b9f8-4fc66911b1ba,"Steiner, Petra : {https://orcid.org/0000-0001-8997-2620} * Hastik, Canan : {https://orcid.org/0000-0003-1729-4642} * Fuhrmans, Marc : {https://orcid.org/0000-0002-9826-018X}",CC-BY-4.0,https://zenodo.org/records/10698258,Compiling Controlled Vocabularies of Contributor and User Roles for a Platform of Open Educational Resources,"DALIA, Data Literacy Alliance (S) * Digital Humanities im deutschsprachigen Raum (R)","The project DALIA - Knowledge Base for ""FAIR data usage and supply"" produces and supplies an infrastructure for educational resources. An important contribution to this project is the development of a platform for teaching and training materials. It serves as a technical link between NFDI consortia and addresses an interdisciplinary research community. It is based on the DALIA Knowledge Graph which serves as an interlink of the heterogeneous and subject-specific teaching and learning materials. This poster provides the compilation of the controlled vocabularies concerning the human entities: contributors, users of the front-end, and their roles in accordance with the user roles of the platform. The focus here is on administrative metadata for human entities. Our aim is to create a hierarchy of simple metadata categories with mappings to other metadata schemas and a small (closed) core set for content curation, searching and harvesters.",,.pdf *.xml,DHd2024 * Paper * Posterpräsentation * Metadaten * Kontrollierte Vokabulare * Open Educational Resources * Teilen * Annotieren * Archivierung * Lehre * Organisation * Metadaten,en,,text,advanced beginner,2024-02-25,student (MA) * data steward * researcher,isPartOf:https://zenodo.org/records/10686565 * isSupplementedBy:https://zenodo.org/records/10709934,0.2,1
baa7f2f9-b048-4c36-9500-75a4f6fcf3cb,"Steiner, Petra : {https://orcid.org/0000-0001-8997-2620} * Hastik, Canan : {https://orcid.org/0000-0003-1729-4642} * Fuhrmans, Marc : {https://orcid.org/0000-0002-9826-018X}",CC-BY-4.0,https://zenodo.org/records/10709934,Compiling Controlled Vocabularies of Contributor and User Roles for a Platform of Open Educational Resources,"DALIA, Data Literacy Alliance (S) * Digital Humanities im deutschsprachigen Raum (R)","The project DALIA - Knowledge Base for ""FAIR data usage and supply"" produces and supplies an infrastructure for educational resources. An important contribution to this project is the development of a platform for teaching and training materials. It serves as a technical link between NFDI consortia and addresses an interdisciplinary research community. It is based on the DALIA Knowledge Graph which serves as an interlink of the heterogeneous and subject-specific teaching and learning materials. This poster provides the compilation of the controlled vocabularies concerning the human entities: contributors, users of the front-end, and their roles in accordance with the user roles of the platform. The focus here is on administrative metadata for human entities. Our aim is to create a hierarchy of simple metadata categories with mappings to other metadata schemas and a small (closed) core set for content curation, searching and harvesters.",,.pdf,DHd2024 * Posterpräsentation * Metadaten * Kontrollierte Vokabulare * Open Educational Resources * Teilen * Annotieren * Archivierung * Lehre * Organisation,en,poster,,advanced beginner,2024-02-26,student (MA) * data steward * researcher,isSupplementedBy:https://doi.org/10.5281/zenodo.10698258,1.9,1
0639fe13-7a77-4cc3-8864-b7ae0c5ce461,"Geiger, Jonathan : {https://orcid.org/0000-0002-0452-7075} * Steiner, Petra : {https://orcid.org/0000-0001-8997-2620} * Desouki, Abdelmoneim : {https://orcid.org/0000-0003-2083-1277} * Lange, Frank : {https://orcid.org/0000-0002-9346-6031} * Hüppe, Henrika : {https://orcid.org/0000-0002-0570-7924}",CC-BY-4.0,https://doi.org/10.5281/zenodo.14943247,"DALIA, Das DALIA Interchange Format – eine Metadaten-Spezifikation für die OER-Plattform DALIA ","DALIA, Data Literacy Alliance (S)","Das Projekt DALIA („Data Literacy Alliance“) der NFDI Sektion Training & Education zielt darauf ab, bestehende Lehr- und Lernmateriali- en zu Data Literacy zu verknüpfen und zugäng- lich zu machen. Für die Kompatibilität von OER-Metadaten wurde das DALIA Interchange For- mat (DIF) entwickelt. ",,,,de,poster,,novice,,,isSupplementedBy:https://zenodo.org/records/11521029,1.3,
f4ac9d58-e37f-4ff6-b3b0-68c643044192,"Schwarz, Tabea : {https://orcid.org/0009-0000-6966-8912}",CC-BY-SA-4.0,https://www.twillo.de/edu-sharing/components/render/5d2fe57e-6d18-42b8-b9be-f78534064383,Data Literacy für Learning Analytics (für Lehrende),,"Dieser Kurs bietet eine umfassende Einführung in die Datenkompetenz im Kontext von Learning Analytics (LA) für Lehrende. Angesichts der vielfältigen Herausforderungen, die der Einsatz von LA mit sich bringt, ist es wichtig, ein Curriculum zu entwickeln, das die unterschiedlichen Kompetenzniveaus und Bedürfnisse der Lehrenden berücksichtigt. Die Schulungsmaterialien sind speziell auf die Bedürfnisse von Lehrenden zugeschnitten und bieten didaktische Unterstützung, um die Verwendung von LA effektiv in den Unterricht zu integrieren. Der Kurs verwendet eine Vielzahl interaktiver Elemente wie Video, Audio und Text sowie H5P-Elemente, um ein ansprechendes Lernerlebnis zu bieten. Der Kurs ist in verschiedene Handlungsfelder gegliedert, die es den Lernenden ermöglichen, ihre Datenkompetenz schrittweise aufzubauen und praktische Fähigkeiten im Umgang mit Learning Analytics zu entwickeln.",https://w3id.org/kim/hochschulfaechersystematik/n148 * https://w3id.org/kim/hochschulfaechersystematik/n33 * https://w3id.org/kim/hochschulfaechersystematik/n19,.mbz,Learning Analytics * Data Literacy * Bildungswesen * Lehre * Lernen * Anwendung * Restriktionen * Bias * Zukunft * Dashboards * KI:edu.nrw,de,lecture,text * audio * presentation,novice * advanced beginner * competent * proficient * expert,2024-03-07,teacher (school) * teacher (higher education),,139,3.0
a0a1209e-240f-4271-8074-c5dc2a799f73,"Schwarz, Tabea : {https://orcid.org/0009-0000-6966-8912}",CC-BY-SA-4.0,https://moodle.ruhr-uni-bochum.de/course/view.php?id=56168,Data Literacy für Learning Analytics (für Lehrende),,"Dieser Kurs bietet eine umfassende Einführung in die Datenkompetenz im Kontext von Learning Analytics (LA) für Lehrende. Angesichts der vielfältigen Herausforderungen, die der Einsatz von LA mit sich bringt, ist es wichtig, ein Curriculum zu entwickeln, das die unterschiedlichen Kompetenzniveaus und Bedürfnisse der Lehrenden berücksichtigt. Die Schulungsmaterialien sind speziell auf die Bedürfnisse von Lehrenden zugeschnitten und bieten didaktische Unterstützung, um die Verwendung von LA effektiv in den Unterricht zu integrieren. Der Kurs verwendet eine Vielzahl interaktiver Elemente wie Video, Audio und Text sowie H5P-Elemente, um ein ansprechendes Lernerlebnis zu bieten. Der Kurs ist in verschiedene Handlungsfelder gegliedert, die es den Lernenden ermöglichen, ihre Datenkompetenz schrittweise aufzubauen und praktische Fähigkeiten im Umgang mit Learning Analytics zu entwickeln.",https://w3id.org/kim/hochschulfaechersystematik/n148 * https://w3id.org/kim/hochschulfaechersystematik/n33 * https://w3id.org/kim/hochschulfaechersystematik/n19,,Learning Analytics * Data Literacy * Bildungswesen * Lehre * Lernen * Anwendung * Restriktionen * Bias * Zukunft * Dashboards * KI:edu.nrw,de,lecture,text * audio * presentation,novice * advanced beginner * competent * proficient * expert,,teacher (school) * teacher (higher education),isSupplementedBy:https://www.twillo.de/edu-sharing/components/render/5d2fe57e-6d18-42b8-b9be-f78534064383,,
cb96679a-66df-47ba-b0f7-1af478b2201c,"Schwarz, Tabea : {https://orcid.org/0009-0000-6966-8912}",CC-BY-SA-4.0,https://www.twillo.de/edu-sharing/components/render/b338bf32-5253-4b6c-9803-973dd57590fd,Data Literacy für Learning Analytics (für Studierende),,"Dieser Kurs bietet eine umfassende Einführung in die Datenkompetenz im Kontext von Learning Analytics (LA) für Studierende. Angesichts der vielfältigen Herausforderungen, die der Einsatz von LA mit sich bringt, ist es wichtig, ein Curriculum zu entwickeln, das die unterschiedlichen Kompetenzniveaus und Bedürfnisse von Studierenden und Lehrenden berücksichtigt. Die Schulungsmaterialien sind speziell auf die Bedürfnisse der Studierenden zugeschnitten. Sie erhalten Anleitungen, um auf der Grundlage von LA-Daten über ihr eigenes Lernverhalten Maßnahmen abzuleiten. Der Kurs verwendet eine Vielzahl interaktiver Elemente wie Video, Audio und Text sowie H5P-Elemente, um ein ansprechendes Lernerlebnis zu bieten. Er ist in verschiedene Handlungsbereiche unterteilt, die es den Lernenden ermöglichen, ihre Datenkompetenz schrittweise aufzubauen und praktische Fähigkeiten im Umgang mit Learning Analytics zu entwickeln.",https://w3id.org/kim/hochschulfaechersystematik/n148 * https://w3id.org/kim/hochschulfaechersystematik/n33 * https://w3id.org/kim/hochschulfaechersystematik/n19,.mbz,Learning Analytics * Data Literacy * Bildungswesen * Lehre * Lernen * Anwendung * Restriktionen * Bias * Zukunft * Dashboards * KI:edu.nrw,de,lecture,text * audio * presentation,novice * advanced beginner * competent * proficient * expert,2024-03-07,student (BA) * student (MA) * student (PhD),,139,3.0
2005e268-be9e-451c-b9b1-a491fe054a36,"Schwarz, Tabea : {https://orcid.org/0009-0000-6966-8912}",CC-BY-SA-4.0,https://moodle.ruhr-uni-bochum.de/course/view.php?id=56167,Data Literacy für Learning Analytics (für Studierende),,"Dieser Kurs bietet eine umfassende Einführung in die Datenkompetenz im Kontext von Learning Analytics (LA) für Studierende. Angesichts der vielfältigen Herausforderungen, die der Einsatz von LA mit sich bringt, ist es wichtig, ein Curriculum zu entwickeln, das die unterschiedlichen Kompetenzniveaus und Bedürfnisse von Studierenden und Lehrenden berücksichtigt. Die Schulungsmaterialien sind speziell auf die Bedürfnisse der Studierenden zugeschnitten. Sie erhalten Anleitungen, um auf der Grundlage von LA-Daten über ihr eigenes Lernverhalten Maßnahmen abzuleiten. Der Kurs verwendet eine Vielzahl interaktiver Elemente wie Video, Audio und Text sowie H5P-Elemente, um ein ansprechendes Lernerlebnis zu bieten. Er ist in verschiedene Handlungsbereiche unterteilt, die es den Lernenden ermöglichen, ihre Datenkompetenz schrittweise aufzubauen und praktische Fähigkeiten im Umgang mit Learning Analytics zu entwickeln.",https://w3id.org/kim/hochschulfaechersystematik/n148 * https://w3id.org/kim/hochschulfaechersystematik/n33 * https://w3id.org/kim/hochschulfaechersystematik/n19,,Learning Analytics * Data Literacy * Bildungswesen * Lehre * Lernen * Anwendung * Restriktionen * Bias * Zukunft * Dashboards * KI:edu.nrw,de,lecture,text * audio * presentation,novice * advanced beginner * competent * proficient * expert,,student (BA) * student (MA) * student (PhD),isSupplementedBy:https://www.twillo.de/edu-sharing/components/render/b338bf32-5253-4b6c-9803-973dd57590fd,,
2692929f-6131-467d-a298-be836172caa5,"Förstner, Konrad * Müller, Rabea * Adam, Beatrix * Sollmann, Anett",CC-BY-3.0,https://doi.org/10.5446/51093,Hands-on: Wikidata-Einführung (Library Carpentry style),,,https://w3id.org/kim/hochschulfaechersystematik/n71,,,de,lecture,video,,2020,,isPartOf:https://doi.org/10.5446/s_1018,,
cd5a5115-75a7-4a09-bd03-7189bccad523,"Eriksson, Daniel * Ainali, Jan * Mietchen, Daniel",CC-BY-3.0,https://doi.org/10.5446/51092,Workshop: Politicians and Politics in Scholia,,,https://w3id.org/kim/hochschulfaechersystematik/n71,,,en,lecture,video,,2020,,isPartOf:https://doi.org/10.5446/s_1018,,
e25d9e71-7d22-46b2-8708-e0110222a54e,"Ainali, Jan * Eriksson, Daniel",CC-BY-3.0,https://doi.org/10.5446/51091,Introduction to the Swedish Project,,Citations in Swedish Parliamentary and Judicial documents and their use,https://w3id.org/kim/hochschulfaechersystematik/n71,,,en,lecture,video,,2020,,isPartOf:https://doi.org/10.5446/s_1018,,
d24ded67-fd11-4764-8dd3-3068cb926981,"Linderborg, Robin * Eriksson, Daniel * Ainali, Jan",CC-BY-3.0,https://doi.org/10.5446/51090,"Importing 200,000 Parliamentary documents",,Citations in Swedish Parliamentary and Judicial documents and their use,https://w3id.org/kim/hochschulfaechersystematik/n71,,,en,lecture,video,,2020,,isPartOf:https://doi.org/10.5446/s_1018,,
dd2663c3-1452-4109-858b-80390ff35211,"Aharoni, Amir E. * Rosenthal, Eran",CC-BY-3.0,https://doi.org/10.5446/51089,The frontend of Wikicite,,"The technology to store open citations and linked bibliographic data will hopefully come in the future, and the community is being built around it. But once this technology is available, how will it actually be used by the wikis' editors and displayed to the wikis' readers?",https://w3id.org/kim/hochschulfaechersystematik/n71,,,en,lecture,video,,2020,,isPartOf:https://doi.org/10.5446/s_1018,,
7e88d158-9ecc-4aa1-8492-e4ec040f2792,"Li-Madeo, Carolyn",CC-BY-3.0,https://doi.org/10.5446/51088,Awareness and trust experiments,,,https://w3id.org/kim/hochschulfaechersystematik/n71,,,en,lecture,video,,2020,,isPartOf:https://doi.org/10.5446/s_1018,,
b3246e5b-7ee6-4b4d-8643-753a9a2cdb62,Carn,CC-BY-3.0,https://doi.org/10.5446/51087,Source link templates in ruwiki,,,https://w3id.org/kim/hochschulfaechersystematik/n71,,,en,lecture,video,,2020,,isPartOf:https://doi.org/10.5446/s_1018,,
b782deb1-ff84-4345-a985-e7c17e7cb442,"Proffitt, Merrilee * Cobb, Simon",CC-BY-3.0,https://doi.org/10.5446/51086,Wikimedia and Libraries User Group,,Advancing Librarianship and Scholarly Communications,https://w3id.org/kim/hochschulfaechersystematik/n71,,,en,lecture,video,,2020,,isPartOf:https://doi.org/10.5446/s_1018,,
bbf05387-2fb3-47bf-911f-20bd7a95a530," Anderson, Clifford B. * Baskuf, Steve",CC-BY-3.0,https://doi.org/10.5446/51085,Project VandyCite: Using Wikidata to support research information management,,,https://w3id.org/kim/hochschulfaechersystematik/n71,,,en,lecture,video,,2020,,isPartOf:https://doi.org/10.5446/s_1018,,
3e28a8a1-8e59-47cb-9807-0e214b3b85dd," Cohen, Ahava",CC-BY-3.0,https://doi.org/10.5446/51084,Good citizenship and bad metadata: Wikidata at the National Library of Israel,,,https://w3id.org/kim/hochschulfaechersystematik/n71,,,en,lecture,video,,2020,,isPartOf:https://doi.org/10.5446/s_1018,,
5f44cefb-e361-42bb-9978-adaa0cce331f," Kibombo, Alice",CC-BY-3.0,https://doi.org/10.5446/51083,Wikipedia in African Libraries,,,https://w3id.org/kim/hochschulfaechersystematik/n71,,,en,lecture,video,,2020,,isPartOf:https://doi.org/10.5446/s_1018,,
a8c3df62-c598-4482-b338-d4e0e75e33a0," Turki, Houcemeddine",CC-BY-3.0,https://doi.org/10.5446/51082,Turning Scholia into a platform for living scientometric studies,,,https://w3id.org/kim/hochschulfaechersystematik/n71,,,en,lecture,video,,2020,,isPartOf:https://doi.org/10.5446/s_1018,,
2c242853-b3db-49e9-b749-f7c702e8e975,"Cobb, Simon * Cohen, Ahava * Turki, Houcemeddine * Baskauf, Steve * Anderson, Clifford * Kibombo, Alice",CC-BY-3.0,https://doi.org/10.5446/51081,WikiCite 2020 - Panel discussion,,,https://w3id.org/kim/hochschulfaechersystematik/n71,,,en,lecture,video,,2020,,isPartOf:https://doi.org/10.5446/s_1018,,
71f885ce-f656-499e-a315-1b454ddd5e3e," Cobb, Simon * Evans, Jason * Wyatt, Liam",CC-BY-3.0,https://doi.org/10.5446/51080,WikiCite 2020 - Welcome,,"Data quality, disambiguation, profiles, persistent identifiers, etc.",https://w3id.org/kim/hochschulfaechersystematik/n71,,,en,lecture,video,,2020,,isPartOf:https://doi.org/10.5446/s_1018,,
0321bc93-142e-469d-8421-b5a3df8a6946,"Cobb, Simon",CC-BY-3.0,https://doi.org/10.5446/51079,Author items in Wikidata,,"Data quality, disambiguation, profiles, persistent identifiers, etc.",https://w3id.org/kim/hochschulfaechersystematik/n71,,,en,lecture,video,,2020,,isPartOf:https://doi.org/10.5446/s_1018,,
f5c675be-f98a-41bc-9378-dfc16ed7bd78,"Smith, Arthur",CC-BY-3.0,https://doi.org/10.5446/51078,Author disambiguation,,,https://w3id.org/kim/hochschulfaechersystematik/n71,,,en,lecture,video,,2020,,isPartOf:https://doi.org/10.5446/s_1018,,
0eac615d-ec71-4a3b-bd19-f5427a762483,"Nunn, Jack * Shafee, Thomas",CC-BY-3.0,https://doi.org/10.5446/51077,Standardised Data on Initiatives (STARDIT),,,https://w3id.org/kim/hochschulfaechersystematik/n71,,,en,lecture,video,,2020,,isPartOf:https://doi.org/10.5446/s_1018,,
ba080243-3efb-472f-8733-517dee170348,"Nielsen, Finn Årup",CC-BY-3.0,https://doi.org/10.5446/51076,Scholia profiles,,,https://w3id.org/kim/hochschulfaechersystematik/n71,,,en,lecture,video,,2020,,isPartOf:https://doi.org/10.5446/s_1018,,
5f4dad72-245a-4e13-8adb-f26c71866f1f,"Gould, Maria * Demeranville, Tom",CC-BY-3.0,https://doi.org/10.5446/51075,ROR and ORCID,,,https://w3id.org/kim/hochschulfaechersystematik/n71,,,en,lecture,video,,2020,,isPartOf:https://doi.org/10.5446/s_1018,,
f818a49f-5764-4cc3-ace7-f2ad0f9d6e3c,"Waagmeester, Andra",CC-BY-3.0,https://doi.org/10.5446/51074,Introduction to Gene Wiki: Using wikidata items on citations to capture evidence and provenance.,,,https://w3id.org/kim/hochschulfaechersystematik/n71,,,en,lecture,video,,2020,,isPartOf:https://doi.org/10.5446/s_1018,,
d4997b23-ab18-4dee-9663-7c816b6f64dc,"Bemme, Jens",CC-BY-3.0,https://doi.org/10.5446/51073,"""Die Datenlaube"" – Vorstellung des Projekts mit Fokus auf bibliografische Daten und Wikicite",,,https://w3id.org/kim/hochschulfaechersystematik/n71,,,de,lecture,video,,2020,,isPartOf:https://doi.org/10.5446/s_1018,,
bb931904-282a-4679-8ee4-a4bb3419967a,"Erlinger, Christian",CC-BY-3.0,https://doi.org/10.5446/51072,Import und Anreicherung bibliographischer Daten via OAI-PMH mittels Jupyter Notebook und OpenRefine,,,https://w3id.org/kim/hochschulfaechersystematik/n71,,,de,lecture,video,,2020,,isPartOf:https://doi.org/10.5446/s_1018,,
fdb8a84f-1bf6-426c-ad91-822c963b61a3,"Seidlmayer, Eva",CC-BY-3.0,https://doi.org/10.5446/51071,ORCID für Wikidata: Bot-Ansatz für Datenanreicherung,,,https://w3id.org/kim/hochschulfaechersystematik/n71,,,de,lecture,video,,2020,,isPartOf:https://doi.org/10.5446/s_1018,,
00afa52f-bbd8-466e-8bd0-3ba06a0ff06b,"Voß, Jakob * Seidlmayer, Eva * Erlinger, Christian * Bemme, Jens",CC-BY-3.0,https://doi.org/10.5446/51070,Diskussion: Erfahrungsaustausch Wikidata-Import,,,https://w3id.org/kim/hochschulfaechersystematik/n71,,,de,lecture,video,,2020,,isPartOf:https://doi.org/10.5446/s_1018,,
8f287a64-04c1-47a8-94c8-b05c045e48d7,"Azzellini, Érica * Murray-Rust, Peter * Mietchen, Daniel",CC-BY-3.0,https://doi.org/10.5446/51069,WikiFactMine and ScienceSource: Our History with Wikimedia,,"We are a globally distributed project, spontaneously created to use semantic knowledge to tackle the viral pandemic. The world's scientific literature, when annotated and aggregated can be analysed with modern data analytics to find new patterns. We have built multiple dictionaries from Wikidata, faceted by scientific and social disciplines (country, disease, drug, funding, virus, etc. and created minicorpora (from EuropePMC and Redalyc) which are searched and annotated locally. The early applications include identification of main subjects within each facet, and occurrence of these subjects. Our dictionaries are multilingual (EN, HI, TA, UR, ES) and we're testing how well they search and annotate non-English sources. Our Open Source material (Apache2, CC BY) can be installed and run by non-specialists. This session will explore the role of global semantic knowledge, and seek collaboration with other parts of Wikimedia.",https://w3id.org/kim/hochschulfaechersystematik/n71,,,en,lecture,video,,2020,,isPartOf:https://doi.org/10.5446/s_1018,,
aac53be7-0d08-4517-a3c5-be32ff5ce44f,"Mietchen, Daniel",CC-BY-3.0,https://doi.org/10.5446/51068,Collaborative curation via Wikidata: the case of citations and source metadata,,"Journal publications, organisation publications and policy documents, datasets",https://w3id.org/kim/hochschulfaechersystematik/n71,,,en,lecture,video,,2020,,isPartOf:https://doi.org/10.5446/s_1018,,
2d7b3a44-edea-4dae-8259-0a3cf28f6bde,"Donald, Margaret",CC-BY-3.0,https://doi.org/10.5446/51067,Populating Wikidata with articles and authors: a how-to,,,https://w3id.org/kim/hochschulfaechersystematik/n71,,,en,lecture,video,,2020,,isPartOf:https://doi.org/10.5446/s_1018,,
4892af30-4a42-497c-abc7-822d30b165d6,"Lawrence, Amanda",CC-BY-3.0,https://doi.org/10.5446/51066,The challenge of organisation - based publishing (grey literature) for Wikidata,,,https://w3id.org/kim/hochschulfaechersystematik/n71,,,en,lecture,video,,2020,,isPartOf:https://doi.org/10.5446/s_1018,,
4fdc6c2e-6b2c-4413-bec3-6a898394daf5,"Shafee, Thomas",CC-BY-3.0,https://doi.org/10.5446/51065,What other metadata could be made open about a research publication?,,,https://w3id.org/kim/hochschulfaechersystematik/n71,,,en,lecture,video,,2020,,isPartOf:https://doi.org/10.5446/s_1018,,
61987794-a078-4402-a4c4-be3fff185669,"Hudson, Toby",CC-BY-3.0,https://doi.org/10.5446/51064,Entity explosion...connecting the dots,,,https://w3id.org/kim/hochschulfaechersystematik/n71,,,en,lecture,video,,2020,,isPartOf:https://doi.org/10.5446/s_1018,,
fd4e7c4a-339a-42f5-8196-d9ba1deef6cf," Shafee, Thomas * Lum, Alex * Wyatt, Liam * Donald, Margaret * Lawrence, Amanda * Hudson, Toby",CC-BY-3.0,https://doi.org/10.5446/51063,WikiCite 2020 - Discussion,,,https://w3id.org/kim/hochschulfaechersystematik/n71,,,en,lecture,video,,2020,,isPartOf:https://doi.org/10.5446/s_1018,,
60f0613c-5e9a-49ae-91b9-10b4703f0dcc,"Mietchen, Daniel",CC-BY-3.0,https://doi.org/10.5446/51062,State of WikiCite in 2020 (Version3),,,https://w3id.org/kim/hochschulfaechersystematik/n71,,,en,lecture,video,,2020,,isPartOf:https://doi.org/10.5446/s_1018,,
89e952e7-1980-4fed-a883-2b4f9e8d6bec,"Scharnhorst, Andrea",CC-BY-3.0,https://doi.org/10.5446/51061,"Floating classifications - Knowledge Organization Systems in past, present and future",,,https://w3id.org/kim/hochschulfaechersystematik/n71,,,en,lecture,video,,2020,,isPartOf:https://doi.org/10.5446/s_1018,,
d45b3cf4-ba8b-4883-9631-92cd8ca33286,"Voß, Jakob",CC-BY-3.0,https://doi.org/10.5446/51060,Wikidata-Normdatenverknüpfung mit Cocoda,,,https://w3id.org/kim/hochschulfaechersystematik/n71,,,de,lecture,video,,2020,,isPartOf:https://doi.org/10.5446/s_1018,,
dcb79145-87c1-435f-b730-a8ff4d9d8991,"Zumstein, Philipp",CC-BY-3.0,https://doi.org/10.5446/51059,Katalogisierung mit Zotero in Wikidata (Zotkat),,,https://w3id.org/kim/hochschulfaechersystematik/n71,,,de,lecture,video,,2020,,isPartOf:https://doi.org/10.5446/s_1018,,
dbfa0320-57c1-4ba1-8055-1620dad6a75a,"Zumstein, Philipp * Scharnhorst, Andrea * Seidlmayer, Eva * Voß, Jakob",CC-BY-3.0,https://doi.org/10.5446/51058,Diskussion,,,https://w3id.org/kim/hochschulfaechersystematik/n71,,,de,lecture,video,,2020,,isPartOf:https://doi.org/10.5446/s_1018,,
a717957f-9f24-4aa4-906c-537d0be0c9dd,"Garcia, Leyla : {https://orcid.org/0000-0003-3986-0510} * Batut, Bérénice : {https://orcid.org/0000-0001-9852-1987} * Burke, Melissa L. : {https://orcid.org/0000-0002-5571-8664} * Kuzak, Mateusz : {https://orcid.org/0000-0003-0087-6021} * Psomopoulos, Fotis : {https://orcid.org/0000-0002-0222-4273} * Arcila, Ricardo : {https://orcid.org/0000-0002-8253-7375} * Attwood, Teresa K. : {https://orcid.org/0000-0003-2409-4235} * Beard, Niall : {https://orcid.org/0000-0002-2627-0231} * Carvalho-Silva, Denise : {https://orcid.org/0000-0001-5662-1840} * Dimopoulos, Alexandros C. : {https://orcid.org/0000-0002-4602-2040} * del Angel, Victoria Dominguez * Dumontier, Michel : {https://orcid.org/0000-0003-4727-9435} * Gurwitz, Kim T. : {https://orcid.org/0000-0003-1992-5073} * Krause, Roland : {https://orcid.org/0000-0001-9938-7126} * McQuilton, Peter * Le Pera, Loredana : {https://orcid.org/0000-0002-0076-9878} * Morgan, Sarah L. : {https://orcid.org/0000-0001-9528-8323} * Rauste, Päivi : {https://orcid.org/0000-0001-8315-5259} * Via, Allegra * Kahlem, Pascal * Rustici, Gabriella : {https://orcid.org/0000-0003-3085-1271} * van Gelder, Celia W. G. : {https://orcid.org/0000-0002-0223-2329} * Palagi, Patricia M. : {https://orcid.org/0000-0001-9062-6303}",CC-BY-4.0,https://doi.org/10.1371/journal.pcbi.1007854,Ten simple rules for making training materials FAIR,,"Everything we do today is becoming more and more reliant on the use of computers. The field of biology is no exception; but most biologists receive little or no formal preparation for the increasingly computational aspects of their discipline. In consequence, informal training courses are often needed to plug the gaps; and the demand for such training is growing worldwide. To meet this demand, some training programs are being expanded, and new ones are being developed. Key to both scenarios is the creation of new course materials. Rather than starting from scratch, however, it’s sometimes possible to repurpose materials that already exist. Yet finding suitable materials online can be difficult: They’re often widely scattered across the internet or hidden in their home institutions, with no systematic way to find them. This is a common problem for all digital objects. The scientific community has attempted to address this issue by developing a set of rules (which have been called the Findable, Accessible, Interoperable and Reusable [FAIR] principles) to make such objects more findable and reusable. Here, we show how to apply these rules to help make training materials easier to find, (re)use, and adapt, for the benefit of all.",https://w3id.org/kim/hochschulfaechersystematik/n71,.pdf,Metadata * Bioinformatics * Trainees * Computer software * Internet * Ontologies * Computational biology * Open source software,en,article,text,,2020-05-21,teacher (school) * teacher (higher education) * content provider,,0,
3656ba4d-6347-4d0d-9a30-8bce810da929,"Garcia, Leyla : {https://orcid.org/0000-0003-3986-0510} * Palagi, Patricia : {https://orcid.org/0000-0001-9062-6303}",proprietary,https://www.youtube.com/watch?v=WuQtcu1y5Fg,ELIXIR Webinar: Ten Simple Rule for Making Training Materials FAIR,,,https://w3id.org/kim/hochschulfaechersystematik/n71,,,en,tutorial * lecture,video,,2020-09-18,teacher (school) * teacher (higher education) * content provider,isBasedOn:https://doi.org/10.1371/journal.pcbi.1007854,,
3c323389-4d6d-479f-95cf-a2eb8d6881e6,"Heseler, Jörg : {https://orcid.org/0000-0002-1497-627X} * Büttner, Alexandra : {https://orcid.org/0000-0002-4950-0941} * Arnold, Matthias : {https://orcid.org/0000-0003-0876-6177}",CC-BY-4.0,https://nfdi4culture.de/go/E5342,Grundlagen der digitalen Langzeitarchivierung,NFDI4Culture (SR),"Die Handreichung vermittelt Grundlagen der digitalen Langzeitarchivierung, stellt digitale Archive in NFDI4Culture vor, erläutert den Weg von Forschungsdaten ins digitale Archiv, erklärt das OAIS-Modell und führt in Erhaltungsstrategien ein. Im Fokus stehen dabei Kulturgüter.",https://w3id.org/kim/hochschulfaechersystematik/n0,,Digital Humanities * Guideline * Authority Data * Best Practice * Data Curation * FAIR * Longterm Preservation * Research Data * Research Data Management * Archiving * Persistent Identifier * Preserving * Publishing * Sharing * Storing ,de,article,text * image,,,researcher,,,1.0.3
b2d72179-5c91-4cda-9810-9c87292bead5,"Heseler, Jörg : {https://orcid.org/0000-0002-1497-627X} * Büttner, Alexandra : {https://orcid.org/0000-0002-4950-0941} * Arnold, Matthias : {https://orcid.org/0000-0003-0876-6177}",CC-BY-4.0,https://doi.org/10.5281/zenodo.11399379,Basics of digital preservation. A guideline to digital preservation from the perspective of the NFDI4Culture community.,NFDI4Culture (SR),"The guideline conveys the basics of digital preservation, introduces digital archives in NFDI4Culture, explains the path of research data into the digital archive, explains the OAIS model and introduces preservation strategies. The focus is on cultural assets.",https://w3id.org/kim/hochschulfaechersystematik/n0,.zip,Digital Humanities * Guideline * Authority Data * Best Practice * Data Curation * FAIR * Longterm Preservation * Research Data * Research Data Management * Archiving * Persistent Identifier * Preserving * Publishing * Sharing * Storing ,de,article,text * image,,2024-05-31,researcher,isPartOf:https://nfdi4culture.de/go/E5342,3.3,1.0.3
46811e6f-6db2-40c2-9213-266cfd0fa4a0,"Heseler, Jörg : {https://orcid.org/0000-0002-1497-627X} * Büttner, Alexandra : {https://orcid.org/0000-0002-4950-0941} * Arnold, Matthias : {https://orcid.org/0000-0003-0876-6177}",CC-BY-4.0,https://doi.org/10.5281/zenodo.11066500,Grundlagen der digitalen Langzeitarchivierung. Eine Handreichung zur digitalen Langzeitarchivierung aus Perspektive der NFDI4Culture Community.,NFDI4Culture (SR),,https://w3id.org/kim/hochschulfaechersystematik/n0,.bib * .csv * .ris * .xml * .pdf,Digital Humanities * Guideline * Authority Data * Best Practice * Data Curation * FAIR * Longterm Preservation * Research Data * Research Data Management * Archiving * Persistent Identifier * Preserving * Publishing * Sharing * Storing ,de,article,text * image,,2024-04-25,researcher,isPartOf:https://nfdi4culture.de/go/E5342,3.8,1.0.3
e917bf81-8f2b-4f17-985c-236039c5d6ad,DataPLANT,proprietary,https://www.youtube.com/playlist?list=PLi6d1LSow4XCKLSHw1bZQK626L723UVd8,SWATE Quickstart,,,https://w3id.org/kim/hochschulfaechersystematik/n0,,,en,,,,,,,,
973925e3-0053-4f9d-a5c5-8fb34054e538,DataPLANT,proprietary,https://www.youtube.com/watch?v=fbWEoGw6rDw&list=PLi6d1LSow4XCKLSHw1bZQK626L723UVd8&index=1,SWATE availability - SWATE manual,,,https://w3id.org/kim/hochschulfaechersystematik/n0,,,en,tutorial,video,,2024-06-13,researcher,isPartOf:https://www.youtube.com/playlist?list=PLi6d1LSow4XCKLSHw1bZQK626L723UVd8,,
60a5ade2-2606-4cca-9d79-7415b2bef343,DataPLANT,proprietary,https://www.youtube.com/watch?v=1cp2_ZnAeXI&list=PLi6d1LSow4XCKLSHw1bZQK626L723UVd8&index=2,Open or create an annotation table - SWATE manual,,,https://w3id.org/kim/hochschulfaechersystematik/n0,,,en,tutorial,video,,2024-06-13,researcher,isPartOf:https://www.youtube.com/playlist?list=PLi6d1LSow4XCKLSHw1bZQK626L723UVd8,,
9046e2a9-c99a-4817-80c4-f8bc1e5f3681,DataPLANT,proprietary,https://www.youtube.com/watch?v=x03FW1wpXtc&list=PLi6d1LSow4XCKLSHw1bZQK626L723UVd8&index=3,Add content to an annotation table - SWATE manual,,,https://w3id.org/kim/hochschulfaechersystematik/n0,,,en,tutorial,video,,2024-06-13,researcher,isPartOf:https://www.youtube.com/playlist?list=PLi6d1LSow4XCKLSHw1bZQK626L723UVd8,,
193f34de-3b35-4b30-8d63-07529ccdf51a,DataPLANT,proprietary,https://www.youtube.com/watch?v=Wje0UFCrzxc&list=PLi6d1LSow4XCKLSHw1bZQK626L723UVd8&index=4,Copy column content - SWATE manual,,,https://w3id.org/kim/hochschulfaechersystematik/n0,,,en,tutorial,video,,2024-06-13,researcher,isPartOf:https://www.youtube.com/playlist?list=PLi6d1LSow4XCKLSHw1bZQK626L723UVd8,,
eb21fd11-bf08-40c1-bac4-8b49efa3fddb,DataPLANT,proprietary,https://www.youtube.com/watch?v=jTVO0OQLIGo&list=PLi6d1LSow4XCKLSHw1bZQK626L723UVd8&index=5,"How to use the ""Update Columns: Create"" tool - SWATE manual",,,https://w3id.org/kim/hochschulfaechersystematik/n0,,,en,tutorial,video,,2024-06-13,researcher,isPartOf:https://www.youtube.com/playlist?list=PLi6d1LSow4XCKLSHw1bZQK626L723UVd8,,
e4bb4c0b-bbca-453a-935b-aa376f4a71a9,DataPLANT,proprietary,https://www.youtube.com/watch?v=AwzO3qYB72g&list=PLi6d1LSow4XCKLSHw1bZQK626L723UVd8&index=6,"How to use the ""Update Columns: Update"" tool - SWATE manual",,,https://w3id.org/kim/hochschulfaechersystematik/n0,,,en,tutorial,video,,2024-06-13,researcher,isPartOf:https://www.youtube.com/playlist?list=PLi6d1LSow4XCKLSHw1bZQK626L723UVd8,,
a07bab9f-187e-4427-925e-a8e5aa3f8748,DataPLANT,proprietary,https://www.youtube.com/watch?v=cIVM451iEL4&list=PLi6d1LSow4XCKLSHw1bZQK626L723UVd8&index=7,Add building blocks to an annotation table - SWATE manual ,,,https://w3id.org/kim/hochschulfaechersystematik/n0,,,en,tutorial,video,,2024-06-13,researcher,isPartOf:https://www.youtube.com/playlist?list=PLi6d1LSow4XCKLSHw1bZQK626L723UVd8,,
c47aa558-f3f5-4bcc-9f6e-8d32be4d65e5,DataPLANT,proprietary,https://www.youtube.com/watch?v=57lUTpyx6CY&list=PLi6d1LSow4XCKLSHw1bZQK626L723UVd8&index=8,Add building block with a Unit - SWATE manual,,,https://w3id.org/kim/hochschulfaechersystematik/n0,,,en,tutorial,video,,2024-06-13,researcher,isPartOf:https://www.youtube.com/playlist?list=PLi6d1LSow4XCKLSHw1bZQK626L723UVd8,,
32dc6dc2-948a-4117-9dc3-5904d1dbb955,DataPLANT,proprietary,https://www.youtube.com/watch?v=1qQBwbPv72k&list=PLi6d1LSow4XCKLSHw1bZQK626L723UVd8&index=9,About hidden columns - SWATE manual,,,https://w3id.org/kim/hochschulfaechersystematik/n0,,,en,tutorial,video,,2024-06-13,researcher,isPartOf:https://www.youtube.com/playlist?list=PLi6d1LSow4XCKLSHw1bZQK626L723UVd8,,
8c9cd487-8196-42ff-8c92-aa66bfa01f2d,DataPLANT,proprietary,https://www.youtube.com/watch?v=PG7uXQ2w8XM&list=PLi6d1LSow4XCKLSHw1bZQK626L723UVd8&index=10,Using non controlled vocabulary - SWATE manual,,,https://w3id.org/kim/hochschulfaechersystematik/n0,,,en,tutorial,video,,2024-06-13,researcher,isPartOf:https://www.youtube.com/playlist?list=PLi6d1LSow4XCKLSHw1bZQK626L723UVd8,,
2e607008-024d-4a83-b726-e9dbc8f6cbb1,DataPLANT,proprietary,https://www.youtube.com/watch?v=t9LKXxEBkXU&list=PLi6d1LSow4XCKLSHw1bZQK626L723UVd8&index=11,Use templates to setup annotation tables - SWATE manual,,,https://w3id.org/kim/hochschulfaechersystematik/n0,,,en,tutorial,video,,2024-06-13,researcher,isPartOf:https://www.youtube.com/playlist?list=PLi6d1LSow4XCKLSHw1bZQK626L723UVd8,,
cb393c3c-c516-4266-b91d-691201cdd68c,DataPLANT,proprietary,https://www.youtube.com/watch?v=G66X2cSZgXc&list=PLi6d1LSow4XCKLSHw1bZQK626L723UVd8&index=12,Use the term search for single annotation table cells - SWATE manual,,,https://w3id.org/kim/hochschulfaechersystematik/n0,,,en,tutorial,video,,2024-06-13,researcher,isPartOf:https://www.youtube.com/playlist?list=PLi6d1LSow4XCKLSHw1bZQK626L723UVd8,,
b3ae813c-ad41-4ed9-9a44-650ed8de81df,DataPLANT,proprietary,https://www.youtube.com/playlist?list=PLi6d1LSow4XBZ4MKMMGOW6qDTZwe7Zg8w,Arcitect Quickstart,,,https://w3id.org/kim/hochschulfaechersystematik/n0,,,en,tutorial,,,,,,,
1cb42579-a7a9-4844-85d5-683dee0bc54f,DataPLANT,proprietary,https://www.youtube.com/watch?v=cC6uZkH51l4&list=PLi6d1LSow4XBZ4MKMMGOW6qDTZwe7Zg8w&index=1&pp=iAQB,GUI Overview - ARCitect manual,,,https://w3id.org/kim/hochschulfaechersystematik/n0,,,en,tutorial,video,,2024-04-05,researcher,isPartOf:https://www.youtube.com/playlist?list=PLi6d1LSow4XBZ4MKMMGOW6qDTZwe7Zg8w,,
255e9fb9-d4a6-4c44-9460-031946c2f4db,DataPLANT,proprietary,https://www.youtube.com/watch?v=UgnXTH0vLic&list=PLi6d1LSow4XBZ4MKMMGOW6qDTZwe7Zg8w&index=2&pp=iAQB,Create an ARC - ARCitect manual,,,https://w3id.org/kim/hochschulfaechersystematik/n0,,,en,tutorial,video,,2024-04-05,researcher,isPartOf:https://www.youtube.com/playlist?list=PLi6d1LSow4XBZ4MKMMGOW6qDTZwe7Zg8w,,
61ca0a24-f1be-4b49-8386-630f00f21cba,DataPLANT,proprietary,https://www.youtube.com/watch?v=7SqvbaxlvWk&list=PLi6d1LSow4XBZ4MKMMGOW6qDTZwe7Zg8w&index=3&pp=iAQB,Naming your ARC - ARCitect manual,,,https://w3id.org/kim/hochschulfaechersystematik/n0,,,en,tutorial,video,,2024-04-05,researcher,isPartOf:https://www.youtube.com/playlist?list=PLi6d1LSow4XBZ4MKMMGOW6qDTZwe7Zg8w,,
cd6d54fa-43a9-41c5-a46c-ffb6de144be1,DataPLANT,proprietary,https://www.youtube.com/watch?v=182Aoqib6og&list=PLi6d1LSow4XBZ4MKMMGOW6qDTZwe7Zg8w&index=4&pp=iAQB,Add Investigation details - ARCitect manual,,,https://w3id.org/kim/hochschulfaechersystematik/n0,,,en,tutorial,video,,2024-04-05,researcher,isPartOf:https://www.youtube.com/playlist?list=PLi6d1LSow4XBZ4MKMMGOW6qDTZwe7Zg8w,,
cfee3b61-2101-4881-acef-96f86a8c5062,DataPLANT,proprietary,https://www.youtube.com/watch?v=2pBx8hxddWw&list=PLi6d1LSow4XBZ4MKMMGOW6qDTZwe7Zg8w&index=5&pp=iAQB,Add Contributors - ARCitect manual,,,https://w3id.org/kim/hochschulfaechersystematik/n0,,,en,tutorial,video,,2024-04-05,researcher,isPartOf:https://www.youtube.com/playlist?list=PLi6d1LSow4XBZ4MKMMGOW6qDTZwe7Zg8w,,
56945fa4-89cd-44bb-a882-f0e2ee415ed4,DataPLANT,proprietary,https://www.youtube.com/watch?v=Q4qgSFP8zUM&list=PLi6d1LSow4XBZ4MKMMGOW6qDTZwe7Zg8w&index=6&pp=iAQB,Add a study to your ARC - ARCitect manual,,,https://w3id.org/kim/hochschulfaechersystematik/n0,,,en,tutorial,video,,2024-04-05,researcher,isPartOf:https://www.youtube.com/playlist?list=PLi6d1LSow4XBZ4MKMMGOW6qDTZwe7Zg8w,,
cb07c765-9466-4347-b0f4-d5288cd4d169,DataPLANT,proprietary,https://www.youtube.com/watch?v=L3RebdWzg10&list=PLi6d1LSow4XBZ4MKMMGOW6qDTZwe7Zg8w&index=7&pp=iAQB,Add Study details - ARCitect manual,,,https://w3id.org/kim/hochschulfaechersystematik/n0,,,en,tutorial,video,,2024-04-05,researcher,isPartOf:https://www.youtube.com/playlist?list=PLi6d1LSow4XBZ4MKMMGOW6qDTZwe7Zg8w,,
ddf0d423-2a35-4f80-8c4f-c54d1ff92d80,DataPLANT,proprietary,https://www.youtube.com/watch?v=KWHGGiJ9H10&list=PLi6d1LSow4XBZ4MKMMGOW6qDTZwe7Zg8w&index=8&pp=iAQB,Add protocols to a Study - ARCitect manual,,,https://w3id.org/kim/hochschulfaechersystematik/n0,,,en,tutorial,video,,2024-04-05,researcher,isPartOf:https://www.youtube.com/playlist?list=PLi6d1LSow4XBZ4MKMMGOW6qDTZwe7Zg8w,,
655e50db-3e50-46a4-9586-d490f295aed2,DataPLANT,proprietary,https://www.youtube.com/watch?v=_9vEitxLsv4&list=PLi6d1LSow4XBZ4MKMMGOW6qDTZwe7Zg8w&index=9&pp=iAQB,Add an Assay - ARCitect manual,,,https://w3id.org/kim/hochschulfaechersystematik/n0,,,en,tutorial,video,,2024-04-05,researcher,isPartOf:https://www.youtube.com/playlist?list=PLi6d1LSow4XBZ4MKMMGOW6qDTZwe7Zg8w,,
0aeaab48-94f1-4fa3-9a1d-6fe7d1d6bbe0,DataPLANT,proprietary,https://www.youtube.com/watch?v=4ORLcqnW53Y&list=PLi6d1LSow4XBZ4MKMMGOW6qDTZwe7Zg8w&index=10&pp=iAQB,Add Assay details - ARCitect manual,,,https://w3id.org/kim/hochschulfaechersystematik/n0,,,en,tutorial,video,,2024-04-05,researcher,isPartOf:https://www.youtube.com/playlist?list=PLi6d1LSow4XBZ4MKMMGOW6qDTZwe7Zg8w,,
948fd236-636c-45b0-9c43-ab377ff6340e,DataPLANT,proprietary,https://www.youtube.com/watch?v=_M4e8JJtKfI&list=PLi6d1LSow4XBZ4MKMMGOW6qDTZwe7Zg8w&index=11&pp=iAQB,Add protocols to an Assay - ARCitect manual,,,https://w3id.org/kim/hochschulfaechersystematik/n0,,,en,tutorial,video,,2024-04-05,researcher,isPartOf:https://www.youtube.com/playlist?list=PLi6d1LSow4XBZ4MKMMGOW6qDTZwe7Zg8w,,
f4ae9f00-6a38-4b0d-a5f9-26ba13fe794f,DataPLANT,proprietary,https://www.youtube.com/watch?v=JQM2vpa8cpU&list=PLi6d1LSow4XBZ4MKMMGOW6qDTZwe7Zg8w&index=12&pp=iAQB,Add datasets to an Assay - ARCitect manual,,,https://w3id.org/kim/hochschulfaechersystematik/n0,,,en,tutorial,video,,2024-04-05,researcher,isPartOf:https://www.youtube.com/playlist?list=PLi6d1LSow4XBZ4MKMMGOW6qDTZwe7Zg8w,,
23252fe0-37c0-4d1b-b0fe-0c0863d10234,DataPLANT,proprietary,https://www.youtube.com/watch?v=7OHq0ejXoYw&list=PLi6d1LSow4XBZ4MKMMGOW6qDTZwe7Zg8w&index=13&pp=iAQB,Login to a DataHUB - ARCitect manual,,,https://w3id.org/kim/hochschulfaechersystematik/n0,,,en,tutorial,video,,2024-04-05,researcher,isPartOf:https://www.youtube.com/playlist?list=PLi6d1LSow4XBZ4MKMMGOW6qDTZwe7Zg8w,,
8608fa8b-cba1-43fd-bc00-72b4a1e247c7,DataPLANT,proprietary,https://www.youtube.com/watch?v=b1mWlPPNWqo&list=PLi6d1LSow4XBZ4MKMMGOW6qDTZwe7Zg8w&index=14&pp=iAQB,Create an Commit - ARCitect manual,,,https://w3id.org/kim/hochschulfaechersystematik/n0,,,en,tutorial,video,,2024-04-05,researcher,isPartOf:https://www.youtube.com/playlist?list=PLi6d1LSow4XBZ4MKMMGOW6qDTZwe7Zg8w,,
282414ec-2be9-44db-9a2b-4e8161f91ec2,DataPLANT,proprietary,https://www.youtube.com/watch?v=j4WIFfmS9Ow&list=PLi6d1LSow4XBZ4MKMMGOW6qDTZwe7Zg8w&index=15&pp=iAQB,Upload an ARC to the DataHUB - ARCitect manual,,,https://w3id.org/kim/hochschulfaechersystematik/n0,,,en,tutorial,video,,2024-04-05,researcher,isPartOf:https://www.youtube.com/playlist?list=PLi6d1LSow4XBZ4MKMMGOW6qDTZwe7Zg8w,,
bb04fc14-8213-4198-90f3-a6b24bbd0461,"Brilhaus, Dominik : {https://orcid.org/0000-0001-9021-3197} * DataPLANT",proprietary,https://www.youtube.com/playlist?list=PLi6d1LSow4XDfdAQrJ9iDf81rWIWs-8UK,CEPLAS + ARCs,,,https://w3id.org/kim/hochschulfaechersystematik/n0,,,en,lecture,video,,,researcher,,,
11ee98a1-a8eb-49d7-8dea-9a7c7912f40d,"Brilhaus, Dominik : {https://orcid.org/0000-0001-9021-3197} * DataPLANT",proprietary,https://www.youtube.com/watch?v=Ay9e3mkT8R0&list=PLi6d1LSow4XDfdAQrJ9iDf81rWIWs-8UK&index=1&pp=iAQB,01 Introduction to the ARC,,,https://w3id.org/kim/hochschulfaechersystematik/n0,,,en,lecture,video,,2023-05-17,researcher,isPartOf:https://www.youtube.com/playlist?list=PLi6d1LSow4XDfdAQrJ9iDf81rWIWs-8UK,,
ec83cb72-fe54-4bab-950f-199684cebb7e,"Brilhaus, Dominik : {https://orcid.org/0000-0001-9021-3197} * DataPLANT",proprietary,https://www.youtube.com/watch?v=o_hra9b3KLE&list=PLi6d1LSow4XDfdAQrJ9iDf81rWIWs-8UK&index=2&pp=iAQB,02 Structure your Data,,,https://w3id.org/kim/hochschulfaechersystematik/n0,,,en,lecture,video,,2023-05-17,researcher,isPartOf:https://www.youtube.com/playlist?list=PLi6d1LSow4XDfdAQrJ9iDf81rWIWs-8UK,,
40d38ebb-1615-4253-b32b-56d770a285a1,"Brilhaus, Dominik : {https://orcid.org/0000-0001-9021-3197} * DataPLANT",proprietary,https://www.youtube.com/watch?v=8GMoEHtVDMk&list=PLi6d1LSow4XDfdAQrJ9iDf81rWIWs-8UK&index=3&pp=iAQB,03 Annotate your Data using Swate,,,https://w3id.org/kim/hochschulfaechersystematik/n0,,,en,lecture,video,,2023-05-17,researcher,isPartOf:https://www.youtube.com/playlist?list=PLi6d1LSow4XDfdAQrJ9iDf81rWIWs-8UK,,
eaf204e8-9f70-43e3-a7b3-04720a8174a5,"Brilhaus, Dominik : {https://orcid.org/0000-0001-9021-3197} * DataPLANT",proprietary,https://www.youtube.com/watch?v=n6hMdP1aTNs&list=PLi6d1LSow4XDfdAQrJ9iDf81rWIWs-8UK&index=4&pp=iAQB,04 Share your Data using the DataHUB,,,https://w3id.org/kim/hochschulfaechersystematik/n0,,,en,lecture,video,,2023-05-17,researcher,isPartOf:https://www.youtube.com/playlist?list=PLi6d1LSow4XDfdAQrJ9iDf81rWIWs-8UK,,
0d03ffb2-4b93-4c62-9463-8e7aa1270a2b,"Brilhaus, Dominik : {https://orcid.org/0000-0001-9021-3197} * DataPLANT",proprietary,https://www.youtube.com/watch?v=jgxead62tzw&list=PLi6d1LSow4XDfdAQrJ9iDf81rWIWs-8UK&index=7&pp=iAQB,05 Create an ARC using the ARCCommander,,,https://w3id.org/kim/hochschulfaechersystematik/n0,,,en,lecture,video,,2023-05-17,researcher,isPartOf:https://www.youtube.com/playlist?list=PLi6d1LSow4XDfdAQrJ9iDf81rWIWs-8UK,,
7def7f5c-04bf-4f31-85ef-19077b5b30a7,"Brilhaus, Dominik : {https://orcid.org/0000-0001-9021-3197} * DataPLANT",proprietary,https://www.youtube.com/watch?v=ErPSvW819pQ&list=PLi6d1LSow4XDfdAQrJ9iDf81rWIWs-8UK&index=6&pp=iAQB,06 Create an ARC using the ARCitect,,,https://w3id.org/kim/hochschulfaechersystematik/n0,,,en,lecture,video,,2023-05-17,researcher,isPartOf:https://www.youtube.com/playlist?list=PLi6d1LSow4XDfdAQrJ9iDf81rWIWs-8UK,,
af193a19-16d9-4b1a-8fe3-b71037ef4d45,"Brilhaus, Dominik : {https://orcid.org/0000-0001-9021-3197} * DataPLANT",proprietary,https://www.youtube.com/watch?v=z7iM93qXsiE&list=PLi6d1LSow4XDfdAQrJ9iDf81rWIWs-8UK&index=5&pp=iAQB,07 Annotate your Data using SwateAlpha,,,https://w3id.org/kim/hochschulfaechersystematik/n0,,,en,lecture,video,,2023-05-17,researcher,isPartOf:https://www.youtube.com/playlist?list=PLi6d1LSow4XDfdAQrJ9iDf81rWIWs-8UK,,
7272ff3f-bd3d-4e3d-8eb4-ad14bee719df,DataPLANT,proprietary,https://www.youtube.com/playlist?list=PLi6d1LSow4XDPWlwggHuVQ3ynww1MA4Xz,SWATE metadata tool,,,https://w3id.org/kim/hochschulfaechersystematik/n0,,,en,tutorial,,,,researcher,,,
c5ce00fa-f708-46fb-bbe6-e05f0d3a334e,DataPLANT,proprietary,https://www.youtube.com/watch?v=vwJCkDz4BxM&list=PLi6d1LSow4XDPWlwggHuVQ3ynww1MA4Xz&index=1&pp=iAQB,01 Intro,,,https://w3id.org/kim/hochschulfaechersystematik/n0,,,en,tutorial,video,,2021-03-10,researcher,isPartOf:https://www.youtube.com/playlist?list=PLi6d1LSow4XDPWlwggHuVQ3ynww1MA4Xz,,
ea119d2c-bbc1-48bb-9296-18fd15311db6,DataPLANT,proprietary,https://www.youtube.com/watch?v=oAmmg28oJPw&list=PLi6d1LSow4XDPWlwggHuVQ3ynww1MA4Xz&index=2&pp=iAQB,02 About Swate,,,https://w3id.org/kim/hochschulfaechersystematik/n0,,,en,tutorial,video,,2021-03-11,researcher,isPartOf:https://www.youtube.com/playlist?list=PLi6d1LSow4XDPWlwggHuVQ3ynww1MA4Xz,,
85033b3f-3346-42b0-af16-b1cca6c936b6,DataPLANT,proprietary,https://www.youtube.com/watch?v=ELr5Z2DfzaU&list=PLi6d1LSow4XDPWlwggHuVQ3ynww1MA4Xz&index=3&pp=iAQB,03 Installing Swate Desktop application,,,https://w3id.org/kim/hochschulfaechersystematik/n0,,,en,tutorial,video,,2021-03-10,researcher,isPartOf:https://www.youtube.com/playlist?list=PLi6d1LSow4XDPWlwggHuVQ3ynww1MA4Xz,,
9c2d2653-7eb8-403a-8b2d-de7d8b75c232,DataPLANT,proprietary,https://www.youtube.com/watch?v=3Ig2F27oA2g&list=PLi6d1LSow4XDPWlwggHuVQ3ynww1MA4Xz&index=4&pp=iAQB,04 Installing Swate Online,,,https://w3id.org/kim/hochschulfaechersystematik/n0,,,en,tutorial,video,,2021-03-10,researcher,isPartOf:https://www.youtube.com/playlist?list=PLi6d1LSow4XDPWlwggHuVQ3ynww1MA4Xz,,
aaf7f54c-cb4e-4231-9afe-4427630638fa,DataPLANT,proprietary,https://www.youtube.com/watch?v=s3qT6BqQbws&list=PLi6d1LSow4XDPWlwggHuVQ3ynww1MA4Xz&index=5&pp=iAQB,05 Creating annotation tables,,,https://w3id.org/kim/hochschulfaechersystematik/n0,,,en,tutorial,video,,2021-03-10,researcher,isPartOf:https://www.youtube.com/playlist?list=PLi6d1LSow4XDPWlwggHuVQ3ynww1MA4Xz,,
ba1fe958-a0cf-462e-bd09-66c69432b00c,DataPLANT,proprietary,https://www.youtube.com/watch?v=pZ09yA9AKQo&list=PLi6d1LSow4XDPWlwggHuVQ3ynww1MA4Xz&index=6&pp=iAQB,06 Adding building blocks,,,https://w3id.org/kim/hochschulfaechersystematik/n0,,,en,tutorial,video,,2021-03-10,researcher,isPartOf:https://www.youtube.com/playlist?list=PLi6d1LSow4XDPWlwggHuVQ3ynww1MA4Xz,,
4a250ee4-bd1b-4f68-938b-3bc74decb595,DataPLANT,proprietary,https://www.youtube.com/watch?v=TfZfSDkNcKo&list=PLi6d1LSow4XDPWlwggHuVQ3ynww1MA4Xz&index=7&pp=iAQB,07 Filling cells with ontology terms,,,https://w3id.org/kim/hochschulfaechersystematik/n0,,,en,tutorial,video,,2021-03-10,researcher,isPartOf:https://www.youtube.com/playlist?list=PLi6d1LSow4XDPWlwggHuVQ3ynww1MA4Xz,,
3203dfe7-47f8-4776-9b8b-59cce709f778,DataPLANT,proprietary,https://www.youtube.com/watch?v=NNtPwsy6URE&list=PLi6d1LSow4XDPWlwggHuVQ3ynww1MA4Xz&index=8&pp=iAQB,08 Using the file picker,,,https://w3id.org/kim/hochschulfaechersystematik/n0,,,en,tutorial,video,,2021-03-10,researcher,isPartOf:https://www.youtube.com/playlist?list=PLi6d1LSow4XDPWlwggHuVQ3ynww1MA4Xz,,
1cb65df7-3b53-4ec4-88fd-f74ca33f14f2,DataPLANT,proprietary,https://www.youtube.com/watch?v=6Q6eq6IsrGs&list=PLi6d1LSow4XDPWlwggHuVQ3ynww1MA4Xz&index=9&pp=iAQB,09 Adding a checklist to your table,,,https://w3id.org/kim/hochschulfaechersystematik/n0,,,en,tutorial,video,,2021-03-10,researcher,isPartOf:https://www.youtube.com/playlist?list=PLi6d1LSow4XDPWlwggHuVQ3ynww1MA4Xz,,
31f30644-0a8c-49a8-9638-7e0c2895cf55,Marius Politze : {https://orcid.org/0000-0003-3175-0659} * Yusra Shakeel : {https://orcid.org/0000-0001-5135-4325} * Siream Hunke * Philipp Ost : {https://orcid.org/0000-0002-7198-0566} * Rossella Aversa : {https://orcid.org/0000-0003-2534-0063} * Benedikt Heinrichs : {https://orcid.org/0000-0003-3309-5985} * Ilona Lang,CC-BY-4.0,https://doi.org/10.52825/cordi.v1i.348,Long Term Interoperability of Distributed Research Data Infrastructures ,,"Research institutions have established a variety of research data infrastructures that orient towards discipline or methodology specific needs of their respective research community. Technically, these infrastructures ultimately are based on “off-the-shelf” hardware and software building blocks – both commercial and open-source. While such “enterprise ready” infrastructures can scale well, they apt to data silos and typically do not adhere to scientific standards like the FAIR (Findability, Accessibility, Interoperability, Reusability) principles out of the box. Using common architecture concepts such as the FAIR Digital Object (FAIR DO) allows interconnection of these silos by adding a long term interoperability layer on top of the existing infrastructure components.The presented approach provides a practical solution for interconnecting distributed research data infrastructures to national (like NFDI) and international (like EOSC and Gaia-X) infrastructures and preventing the creation of data silos. By allowing existing data infrastructures to make data FAIR, we enable researchers to access and reuse data from different domains, facilitating cross-disciplinary research and advancing new methods for scientific discoveries.",,.pdf,FAIR * FAIR Digital Object * Service Architecture * Standardization,en,bibo:Article,text,,2023-09-07,,,0.9,
d31873a1-6861-4823-9559-3a102f3b8bf8,Rossella Aversa : {https://orcid.org/0000-0003-2534-0063},CC-BY-4.0,https://doi.org/10.5445/IR/1000162579,Rossella Aversa : {https://orcid.org/0000-0003-2534-0063},,"Materials science is a highly active research area, covering a broad range of topics. Many communities exist which focus on specific aspects; despite their differences, all of them acknowledge the need of establishing good data management practices following the FAIR principles (Findability, Accessibility, Interoperability, Reusability). This presentation highlights the results achieved so far in this area by three research projects: the NFFA (Nanoscience Foundries and Fine Analysis)-Europe Pilot, the German Joint Lab MDMC (integrated Model and Data-driven Materials Characterization), and the German consortium NFDI-MatWerk (National Research Data Infrastructure for Materials Science and Engineering). The commonalities among them, particularly in terms of requirements, tools and infrastructure solutions are showcased. These success stories underscore the crucial importance of aligning data management activities across multiple communities, in order to enable interdisciplinary collaborations and facilitate efficient data sharing and reuse.",,.pdf,Data management infrastructure * Data management tools * FAIR data * metadata,en,mo:lecture,presentation,,2023-09-26,,,5.8,1
29d8c952-5416-4a5f-9e49-b48970a7533a,Marius Politze : {https://orcid.org/0000-0003-3175-0659},CC-BY-4.0,https://doi.org/10.5281/zenodo.8385605,Exploiting FAIR Data to Enhance Data Analysis,,"In times of continuously increasing data intensive research, good management of data becomes inevitable. This talk outlines some technologies and Coscine as a tool that are available to researchers to manage their data according to the FAIR principles and to make the best use of it.",,.pdf,,en,mo:lecture,presentation,,2023-06-29,,,1.4,1
9e9e0e66-18a8-4661-b779-e2c2778e9b0d,Marius Politze : {https://orcid.org/0000-0003-3175-0659},CC-BY-4.0,https://doi.org/10.5281/zenodo.8384001 ,Digital Materials Environment – An Architecture and Tools based on FAIR Digital Objects for the NFDI-MatWerk,,"The NFDI-MatWerk consortium, a part of the German National Research Data Infrastructure, focuses on serving the Material Science community. Within the consortium the Task Area Materials Data Infrastructure develops the Digital Materials Environment (DME) to offer access to data storage, sharing, searching, and analysis capabilities based on ""off-the-shelf"" and ""enterprise ready"" hardware and software building blocks. This presentation showcases the implementation of the DME through integrated platforms (Coscine and MatWerk Data Repository), tools for creating FAIR Digital Objects (FDO Maker), and exploration tools (FAIR-DOscope). These implementations align with the recommended FAIR Digital Objects concept by the RDA and the European Commission. By combining service offerings and installable applications, the FAIR principles can be effectively incorporated into existing research data infrastructures based on enterprise solutions. The results presented adhere to W3C standards and are currently undergoing evaluation within the participant projects of the NFDI-MatWerk consortium.",,.pdf,,en,mo:lecture,presentation,,2023-09-26,,,3.8,1
02497a0e-49de-484f-a71b-96fcbf75c384,Harald Sack : {https://orcid.org/0000-0001-7069-9804},CC-BY-4.0,https://doi.org/10.5281/zenodo.10600183,"Knowledge Graph-Based Research Data Management - NFDI4Culture, NFDI-MatWerk, NFDI4DataScience and more...",Information Service Engineering @ FIZ Karlsruhe (S),Knowledge Graphs and Ontologies for the National Research Data Infrastructure on the example of NFDI4Culture and NFDI-MatWerk.,,.pdf,,en,mo:lecture,presentation,,2024-01-31,,,15.8,1
4df928dc-4c5b-4a70-9483-6dee6929ba24,"Ortmeyer, Jochen : {https://orcid.org/0000-0003-2074-8027} * Haugwitz, Jan-Michael : {https://orcid.org/0009-0007-3576-3947} * Steiner, Petra : {https://orcid.org/0000-0001-8997-2620} * Stäcker, Thomas : {https://orcid.org/0000-0002-1509-6960} * Schrade, Torsten : {https://orcid.org/0000-0002-0953-2818} * Sax, Ulrich : {https://orcid.org/0000-0002-8188-3495} * Kismihók, Gábor : {https://orcid.org/0000-0003-3758-5455} * Müller, Matthias * Pelz, Peter F. : {https://orcid.org/0000-0002-0195-627X} * Herres-Pawlis, Sonja : {https://orcid.org/0000-0002-4354-4353} ",CC-BY-4.0,https://doi.org/10.5281/zenodo.14183167,A Platform for the Provision of Teaching and Training Contents in Data Literacy: DALIA4NFDI,,"Presentation given at the first BASE4NFDI User Conference on November 21, 2024 (Berlin). The presentation was part of the session ""Upcoming Services"". Part of the talk was a live presentation of the DALIA portal, which is reflected in this upload as screenshots of the website. DALIA is currently funded by the Federal Ministry of Education and Research (BMBF) and the funding measure from the EU’s Capacity Building and Resilience Facility under the funding code 16DWWQP07.",https://w3id.org/kim/hochschulfaechersystematik/n0,.pdf,DALIA project * OER * Open Educational Resources * Data literacy * Open science * Research data management * Education * Training * Knowledge base ,en,Tutorial,presentation,,2024-11-28,researcher,,2.1000,v1
58800db1-200c-45e0-8b5c-f44dd43b10d5,"Geiger, Jonathan : {https://orcid.org/0000-0002-0452-7075} * Steiner, Petra : {https://orcid.org/0000-0001-8997-2620} * Desouki, Abdelmoneim Amer : {https://orcid.org/0000-0003-2083-1277} * Lange, Frank : {https://orcid.org/0000-0002-9346-6031}",CC-BY-SA-4.0,https://doi.org/10.5281/zenodo.11521028,DALIA Interchange Format,,"The DALIA (Data Literacy Alliance) project aims to develop a knowledge graph for FAIR teaching and learning materials on data literacy, data competencies and research data management (RDM) skills within the National Research Data Infrastructure (NFDI) and the RDM landscape. Such a platform thrives on the participation of users who want to search, create, manage or use teaching and learning materials. A schematization of the metadata is necessary for the interoperability of teaching and learning materials. This is done by the DALIA Interchange Format (DIF), which provides a framework for making the metadata of teaching and learning materials transparent, comparable and smooth to integrate into the DALIA platform. It includes the description and explanation of the data fields for the online publication of educational resources. The DIF was developed in close consultation with the scientific community. This development process included several feedback rounds in which valuable feedback was provided and subsequently incorporated into the DIF. This not only contributed to the clear, transparent and user-oriented definitions of the data fields, and to a clear structure, but also to the integration of many existing data standards and to the (special) requirements of the scientific community. The selection of elements is based on the Dublin Core Application Profile. The DIF is provided as a PDF document and in table form (ODS) to convey the attributes of the teaching and learning materials and their definitions in an easily understandable form and to facilitate communication. It also includes a legend and an example in tabular form. In addition, a template (CSV) with the attributes as column headers is provided, which can be used for recording the metadata of the teaching and learning materials. The tables can also be transferred to technical application profiles. We would like to thank all the commentators of the previous versions, especially Susanne Arndt, Sophie Boße, Sonja Felder, Marc Fuhrmans, Jan-Michael Haugwitz, Marina Lemaire, Karoline Lemke, Birte Lindstädt, Juliane Röder, and Jakob Voß. Without their feedback and advice, the DIF would be less transparent.",https://w3id.org/kim/hochschulfaechersystematik/n0,.ods * .pdf * .csv,OER * Open Educational Resources * Learning Resources * DALIA project * Metadata schema * Guidelines ,en,Tutorial,text * image,,2024-07-06,researcher,,0.0211,v1.3
7ae6da7c-a6d2-460c-b1eb-10f57379bc26,"Hastik, Canan : {https://orcid.org/0000-0003-1729-4642}",CC-BY-4.0,https://doi.org/10.5281/zenodo.10821312,"Knowledge-Base für ""FAIR data usage and supply""",,,https://w3id.org/kim/hochschulfaechersystematik/n0,.pdf,,de,lecture,presentation,,2024-05-15,researcher,,0.6368,v1
d8a5c13b-65ff-468b-aa47-837726ab9e0d,"Hastik, Canan : {https://orcid.org/0000-0003-1729-4642} * Herres-Pawlis, Sonja : {https://orcid.org/0000-0002-4354-4353} * Pelz, Peter F. : {https://orcid.org/0000-0002-0195-627X} * Sax, Ulrich : {https://orcid.org/0000-0002-8188-3495} * Schrade, Torsten : {https://orcid.org/0000-0002-0953-2818} * Stäcker, Thomas : {https://orcid.org/0000-0002-1509-6960} * Kismihók, Gábor : {https://orcid.org/0000-0003-3758-5455} * Müller, Matthias ",CC-BY-4.0,https://doi.org/10.5281/zenodo.10688067,DALIA Knowledge-Base: Der Community-Hub für FAIRe Datenbereitstellung und Datennutzung,,"Das Verbundprojekt DALIA folgt dem Paradigma “Datenkompetenz von Anfang an”. Damit wird die Bildung und Stärkung dieser Schlüsselqualifikation betont und ein Bogen von der Datennutzung bis zur Datenbereitstellung gespannt. Mit DALIA wird der Forschungscommunity ein neuartiger Wissens-Hub für Lehr- und Lernmaterialien zur Verfügung gestellt und dauerhaft etabliert. Gleichzeitig werden wissenschaftliche, politische, rechtliche und wirtschaftliche Fragen nach dem Wert von Daten, der Datenökonomie, sozialen Regeln im Umgang mit Daten, Aspekten des Eigentums- und Persönlichkeitsrechts und der Vermittlung adressiert. DALIA steht für “Data  Literacy Alliance”. Diese verbindet ein disziplinübergreifendes Kompetenzspektrum aus Lehre, Forschung, Infrastruktur und Wissensmanagement getragen von Prof. Peter Pelz, Prof. Sonja Herres-Pawlis, Prof. Ulrich Sax, Prof. Torsten Schrade und Prof. Thomas Stäcker, Prof. Mathias Müller und Dr. Gabor Kishmihok. Über die enge Verbundenheit der Projektpartner mit dem NFDI e.V. und den Sektionen Training & Education, ELSA Ethical, Legal & Social Aspects und (Meta)daten, Terminologien, Provenienz wird sichergestellt, dass nach dem Projekt Lern- und Lehrmaterialien über die Knowledge-Base kontinuierlich angeboten werden und bedarfsorientiert eine methodisch-technische Weiterentwicklung der Knowledge-Base stattfindet. Es wird davon ausgegangen, dass die Bedarfe der NutzerInnen und AnbieterInnen von Lern- und Lehrmaterialien vielfältig sind, sich nach Kompetenz- und Karrierestufen spezifizieren, differenzieren, verändern und wachsen. Um die unterschiedlichen Bedarfe aller Karriere- und Kompetenzstufen und Disziplinen zu vernetzen und zu integrieren, wird in DALIA ein Wissensgraph mit Such- und Empfehlungsdiensten entwickelt, der offen und interoperabel ist und als föderiertes Vernetzungssystem externe Ressourcen anschlussfähig und zugänglich macht. Über die Anbindung verteilter Quellen lernt die Systemlogik, die den Lernprozess durch individuelle Lernpfade, dynamische Lernempfehlungen, Such- und Filteroptionen, Personalisierung, Qualitätssicherungsprozess, Monitoring, Bewertungen und Reviews unterstützt. Zielgruppenorientierung, Qualitätssicherung und Stand der Technik bilden die kommunikative Brücke zwischen Bedarfen, Materialien und Disziplinen und sind die Grundlage für DALIA mit dem Funktionsumfang um FAIRes Forschungsdatenmanagement und Data Science nachhaltig und ganzheitlich zu fördern und disziplinübergreifend zu verankern.",https://w3id.org/kim/hochschulfaechersystematik/n0,.pdf,,de,Poster,text * image,,2023-04-25,researcher,,13.3000,v1
4558fb85-f948-403b-80a1-b58baf1d2341,"Hastik, Canan : {https://orcid.org/0000-0003-1729-4642} * Geiger, Jonathan : {https://orcid.org/0000-0002-0452-7075} ",CC-BY-4.0,https://doi.org/10.5281/zenodo.10686608,DALIA Datenkompetenz von Anfang an!,,"This poster about the DALIA project was presented at the Jubiläumssymposium of the Deutsche Gesellschaft für Information und Wissen e.V. (DGI) from the 14th to the 15th of September 2023 in Frankfurt a. M., Germany (https://dgi-info.de/event/symposium-75-jahre-dgi/). This project with the funding code 16DWWQP07A was funded by the Federal Ministry of Education and Research (BMBF) and the funding measure from the EU’s Capacity Building and Resilience Facility.",https://w3id.org/kim/hochschulfaechersystematik/n0,.pdf,Data Literacy * Research Data Management * Digital Infrastructure * Training and Education ,de,poster,text * image,,2024-02-21,researcher,,0.6819,v1
f664fbaf-da40-40fb-a7f1-a92ef2a6e42f,"Desouki, Abdelmoneim Amer : {https://orcid.org/0000-0003-2083-1277} * Hastik, Canan : {https://orcid.org/0000-0003-1729-4642} * Steiner, Petra : {https://orcid.org/0000-0001-8997-2620} * Kismihók, Gábor : {https://orcid.org/0000-0003-3758-5455} * Lange, Frank : {https://orcid.org/0000-0002-9346-6031} ",CC-BY-4.0,https://doi.org/10.5281/zenodo.10473303,DALIA FAIR Open Educational Federation,,"This poster was presented at the first Conference on Research Data Infrastructure (CoRDI 2023) on September 12-14, 2023 in Karlsruhe, Germany. Please see also the peer-reviewed extended abstract in the proceedings of the 1st Conference on Research Data Infrastructure (CoRDI 2023). DOI: 10.52825/cordi.v1i.373 This project with the funding code 16DWWQP07A was funded by the Federal Ministry of Education and Research (BMBF) and the funding measure from the EU’s Capacity Building and Resilience Facility.",https://w3id.org/kim/hochschulfaechersystematik/n0,.pdf,Knowledge Graph * Training and Education * Research Data Management * Harmonizing RDM ,en,poster,text * image,,2024-09-01,researcher,IsSupplementedBy:https://doi.org/10.52825/cordi.v1i.373,1.4000,v1
7d69cebe-0a6d-4b94-b104-86d0934f24db,"Hastik, Canan : {https://orcid.org/0000-0003-1729-4642} * Haugwitz, Jan-Michael : {https://orcid.org/0009-0007-3576-3947}",CC-BY-4.0,https://doi.org/10.5281/zenodo.10213263,"DALIA, Data Literacy for all from the very beginning",,"The NFDI's covers a wide range of disciplines from culture to natural sciences. These different focal points of the NFDI cooperate through Section EduTrain with the Data Literacy Alliance (DALIA), which is funded by the Federal Ministry of Education and Research (BMBF). Aim is to inter-connect educational materials to promote data literacy via a semantic knowledge graph and ensure accessibility. The platform connects educational materials on FAIR data usage and supply, improves metadata quality and promotes change in data culture. For best user support, a question-answer interaction will be integrated and personalized learning paths should be possible.",https://w3id.org/kim/hochschulfaechersystematik/n0,.pdf,,en,poster,text * image,,2023-11-28,researcher,,0.6528,v1
7578dd4b-f9f8-469b-bf6f-dac8e4fc6924,"Ilangovan, Vinodh",proprietary,https://www.youtube.com/watch?v=gDNt3C57OO0&ab_channel=DALIA,20240313 OpenResearchKnowledgeGraph,,"The Open Research Knowledge Graph (ORKG) is a scholarly infrastructure designed to structurally and semantically represent research contributions. ORKG utilizes machine-actionable formats for efficient data processing and analysis. By moving away from traditional document-based information flow, which is often locked in formats unsuitable for machine processing, ORKG addresses inefficiencies in the research lifecycle. The unique design of the ORKG interlinks scholarly information, enhancing knowledge extraction, comparison, and synthesis across different scientific domains. I will present the features of the ORKG and workflows to facilitate the creation, curation, publication, and use of FAIR (Findable, Accessible, Interoperable, and Reusable) scientific information.",,,,de,,video,novice,2024-03-14,data steward * student (BA),,,
f7ef9ad9-cea2-4d07-9ced-1d3bec50aeda,"Zug, Sebastian * Dietrich, Andre",proprietary,https://www.youtube.com/watch?v=cBkJiCPT-Is&ab_channel=DALIA,20230920 LiaScript,,"On September 20, 2023, Sebastian Zug and Andre Dietrich (TU Freiberg) presents the concepts, the concrete implementation and experiences from many years of use of LiaScript.",,,,en,,video,advanced beginner,2023-09-21,data steward * student (MA),,,
7ee6ad69-4547-48e4-89d9-d77d6ab4fbd3,"Posthumus, Etienne",proprietary,https://www.youtube.com/watch?v=1B2oPgoo3k8,20230620_NFDI4Culture Knowledge Graph,,"On June 20, 2023, Etienne Posthumus (FIZ Karlsruhe) gave an introduction to Knowledge Graph (KG) based RDM solutions. He presented the Culture Knowledge Graph and its application.",,,,en,,video,advanced beginner,2023-08-01,data steward * student (MA),,,
a7602fb5-36ac-49dd-a3f0-fcbb5039b410,"Ilkou, Eleni",proprietary,https://www.youtube.com/watch?v=311e8MFDytU,20230219_EduCOR,,"19 February 2023, our project partners from TIB Hannover introduced EduCOR ontology.",,,,en,,video,advanced beginner,2023-08-01,student (PhD),,,
2625adfe-8244-4077-a9a8-df45d13a6995,"Weber, Christian * Abu-Rasheed, Hasan",proprietary,https://www.youtube.com/watch?v=JMH15tFUUWg,20230219_eDoer_KnowledgeGraph,,"19 February 2023, our project partners from TIB Hannover presented the eDoer Knowledge Graph.",,,,en,,video,advanced beginner,2023-08-01,student (PhD),,,
27183eb6-8b72-4117-9ce1-41a36fcb3008,"Tavakoli, Reza * Abdolali, Faraji * Molavi, Reza * Kismihok, Gabor",proprietary,https://www.youtube.com/watch?v=QGfa2MYTkGI, 20230219_eDoer_Introduction ,,"19 February 2023, our project partners from TIB Hannover presented eDoer, the prototype of the their open AI-based recommendation system for educational material.",,,,en,,video,novice,2023-08-01,student (PhD),,,
