DALIA_ID,Authors,License,Link,Title,Community,Description,Discipline,FileFormat,Keywords,Language,LearningResourceType,MediaType,ProficiencyLevel,PublicationDate,TargetGroup,RelatedWork,Size,Version
daea58ba-4c73-4942-8d87-78e7d340bbcd,"Klimpel, Paul * Rack, Fabian",CC-BY-4.0,https://docs.nfdi4culture.de/ta6-audiovisuelle-materialien-urheberrecht-in-forschung-und-lehre,Audiovisuelle Materialien in Forschung und Lehre – eine Übersicht zu urheberrechtlichen Aspekten,NFDI4Culture,"Das Rechtsgutachten (Neuauflage der Fassung von 2015) erläutert, wie audiovisuelle Materialien in Forschung und Lehre genutzt werden dürfen. Es stellt dar, in welchen Fällen Forschende eine Erlaubnis einholen müssen und in welchen die Nutzung gesetzlich erlaubt ist.",,,Training,de,,,,2023-04-01,,,,
452ec40a-3193-4a54-ae89-71105e503a67,"Gruß, Melanie * Mayer, Desiree",CC-BY-4.0,https://doi.org/10.5446/60986,Was sind Normdaten?,NFDI4Culture,"Das Tutorial erklärt grundsätzlich, was Normdaten sind und wie sie im Bezug auf Forschungsdaten genutzt werden können. Zudem werden Normdaten für verschiedene Entitäten und von verschiedenen Anbietern thematisiert und ihr Potential für das Semantic Web erläutert.",,,NFDI * Culture * Normdaten * Forschungsdaten * Nationale Forschungsdateninfrastruktur * Standards * FAIR,de,,video,,2023,,,,
5f811cb9-2964-4f8b-afac-aa5090e5e945,"Schubert, Zoe * Sternitzke, Katja",CC-BY-4.0,https://doi.org/10.5446/60987,3D-Objekte: Das kulturelle Erbe virtuell,NFDI4Culture,"Dieses Video-Tutorial erklärt, was ein 3D-Objekt ist und wie es entsteht, was bei der Herstellung beachtet werden sollte, warum 3D-Objekte für die Wissenschaft sinnvoll sind und wie sie dabei helfen, das kulturelle Erbe zu erforschen und zu bewahren. This video tutorial explains what a 3D object is and how it is created, what to consider during the production, why 3D objects are useful for science, and how they help explore and preserve cultural heritage.",,,NFDI * Culture * Forschungsdaten * Nationale Forschungsdateninfrastruktur * 3D * Kulturerbe * Digitalisierung,de,,video,,2023,,,,
42d6cb5c-6ed4-494b-9fc9-e3b11fcff454,"Donig, Simon : {https://orcid.org/0000-0002-1741-466X} * Große, Peggy : {https://orcid.org/0000-0003-1181-6219} * Hohmann, Georg : {https://orcid.org/0000-0002-2619-6991} * Kliewer, Mario : {https://orcid.org/0009-0001-8946-1051} * Körfer, Anna-Lena : {https://orcid.org/0000-0002-1644-5042} * Köther, Felix : {https://orcid.org/0000-0002-6432-1431} * Meiners, Ole : {https://orcid.org/0000-0002-2568-2939}",CC-BY-4.0,https://zenodo.org/records/10423899,NFDI4Memory Task Area 1 Präsentation Workshop Datenqualitätspraktiken 2023-10-18-19,NFDI4Culture,"Die Präsentation umfasst die Folien des Workshops „Datenqualitätspraktiken“ der Task Area 1 ""Data quality"" des Konsortiums NFDI4Memory, der vom 18.-19.10.2023 am Deutschen Museum in München stattfand. Zielgruppe des Workshops waren Vertreter:innen von Institutionen, die sich mit der Verarbeitung und Aufbereitung von Forschungsdaten im Bereich der historischen Forschung beschäftigen. Die Präsentation umfasst Themen wie Definition und Kriterien von Datenqualität, die Unterscheidung zwischen Normdaten und Datennormen, als auch die Vorstellung des Arbeitsprogrammes der Task Area 1.",,,Training,de,,,,2023-12-22,,,,
d64a3ce0-30a1-46d5-93ed-748bb80e3b0d,"Lechner, Martin * Toolbox Datenkompetenz : {organization}",CC-BY-4.0,https://beta.toolboxdatenkompetenz.de/catalogue/snow-on-christmas,Schnee an Weihnachten,,"Schnee an Weihnachten ist fester Bestandteil und omnipräsente Kulisse von Filmen, Liedern, Werbung und Geschenkverpackungen. Es liegt daher nahe anzunehmen, dass Schnee bzw. Schneefall an Weihnachten etwas Normales sei, welcher aber in den letzten Jahren vermehrt ausblieb – ein Umstand, der Gegenstand zahlreicher sozialer, politischer und klimaorientierter Diskussionen ist.
Doch lag früher wirklich mehr Schnee an Weihnachten? Ohne Weihnachtsbilder der letzten Jahre dafür vom Dachboden zu holen, gehen wir der Frage in einem geleiteten Jupyter Notebook mit Python-Code, entsprechenden Hilfsbibliotheken (""libraries"") und Klimadaten auf den Grund!
Bei dem vorliegenden Notebook handelt es sich um eine Version zur Vor- bzw. Nachbearbeitung der Veranstaltung Coding Workshop – Data Exploration mit der Toolbox Datenkompetenz: „Früher lag mehr Schnee an Weihnachten?!“, welche vom Forschungsteam der Toolbox Datenkompetenz (InfAI e.V., Leipzig) anlässlich des Markts der digitalen Möglichkeiten im Rahmen des Digitalgipfels 2023 am 21.11.2023 in Jena durchgeführt wurde.",,,Climate data * Python * Christmas * Meteostat,de,Code Notebook,code,,2023,,,,
ae711399-e2b2-448b-9b1b-cf726a1eccda,"Hock, Martin * NFDI4Ing : {organization} * Institut für Fluidsystemtechnik : {organization}",CC-BY-4.0,https://doi.org/10.5446/60091,NFDI4Ing Community Meeting CC-42 2022: Überblick zu NFDI & NFDI4Ing,NFDI4Ing,Eine kurze Einführung in die Nationale Forschungsdateninfrastruktur (NFDI)und die Nationale Forschungsdateninfrastruktur für Ingenieure (NFDI4Ing). A short introduction to the (German) National Research Data Infrastructure (NFDI) and the National Research Data Infrastructure for Engineers (NFDI4Ing).,,,NFDI4Ing * FDM * RDM * Forschungsdatenmanagement * Research Data Management * Nationale Forschungsdateninfrastruktur * NFDI,de,,video,,2022,,,,
600027e8-bc90-46ec-ae80-dbd593fd7234,"Hock, Martin * NFDI4Ing : {organization} * Institut für Fluidsystemtechnik : {organization}",CC-BY-4.0,https://doi.org/10.5446/60092,NFDI4Ing Community Meeting CC-42 2022: Überblick zum Forschungsdatenmanagement,NFDI4Ing,Kurze Übersicht über das Forschungsdatenmanagement. Short overview on research data management.,,,NFDI4Ing * FDM * RDM * Introduction * Forschungsdatenmanagement * Research Data Management,de,,video,,2022,,,,
9893588c-860a-4da1-b5cd-b9413b8d0e76,FIZ Karlsruhe Video-Bits : {organization},CC-BY-4.0,https://www.youtube.com/playlist?list=PLsJuX9tO-0VTqyAASHUPtJr8dgHf120Ty,RADAR–Videotutorials,RADAR,RADAR (ReseArch DAta Repository) ist ein disziplinübergreifendes Forschungsdatenrepositorium für die Archivierung und Publikation von Forschungsdaten abgeschlossener wissenschaftlicher Studien und Projekte. Es wird betrieben von FIZ Karlsruhe – Leibniz-Institut für Informationsinfrastruktur. Mehr Informationen finden Sie auf der RADAR Website: https://www.radar-service.eu/de,,,,de,,video,,2021-10-12,,,,
5473da68-d328-4151-a9c3-29a8b59a5969,FIZ Karlsruhe Video-Bits : {organization},CC-BY-4.0,https://www.youtube.com/watch?v=nkhIomFGxZQ&list=PLsJuX9tO-0VTqyAASHUPtJr8dgHf120Ty&index=2,RADAR–Videotutorial: Registrierung,RADAR,"Erfahren Sie, wie Sie sich bei RADAR kostenlos registrieren.",,,,de,,video,novice * advanced beginner,2018-03-19,,isPartOf:https://www.youtube.com/playlist?list=PLsJuX9tO-0VTqyAASHUPtJr8dgHf120Ty,,
1eab5cd8-3b78-4b66-8a4d-e3e4ce9fb6a8,FIZ Karlsruhe Video-Bits : {organization},CC-BY-4.0,https://www.youtube.com/watch?v=kGcLt7_Ln-U&list=PLsJuX9tO-0VTqyAASHUPtJr8dgHf120Ty&index=3,RADAR–Videotutorial: Testoption,RADAR,"Erfahren Sie, wie Sie RADAR unverbindlich und kostenlos testen können.",,,,de,,video,novice * advanced beginner,2018-03-19,,isPartOf:https://www.youtube.com/playlist?list=PLsJuX9tO-0VTqyAASHUPtJr8dgHf120Ty,,
bcb8a084-3764-452e-bfcd-33d2df8960ad,FIZ Karlsruhe Video-Bits : {organization},CC-BY-4.0,https://www.youtube.com/watch?v=PmDF1nuwILQ&list=PLsJuX9tO-0VTqyAASHUPtJr8dgHf120Ty&index=4,RADAR–Videotutorial: Arbeitsbereich anlegen,RADAR,"Erfahren Sie, wie Sie einen Arbeitsbereich anlegen, um Forschungsdaten in RADAR zu verwalten.",,,,de,,video,,2018-03-19,content provider,isPartOf:https://www.youtube.com/playlist?list=PLsJuX9tO-0VTqyAASHUPtJr8dgHf120Ty,,
ab721ab0-8e1a-41f0-818c-6da1cd4944b6,FIZ Karlsruhe Video-Bits : {organization},CC-BY-4.0,https://www.youtube.com/watch?v=ZHub02yIG38&list=PLsJuX9tO-0VTqyAASHUPtJr8dgHf120Ty&index=5,RADAR–Videotutorial: Metadaten Standardwerte,RADAR,"Erfahren Sie, wie Sie einheitliche Metadaten hinterlegen, die für alle Forschungsdaten eines RADAR-Arbeitsbereichs gelten.",,,,de,,video,,2018-03-19,content provider,isPartOf:https://www.youtube.com/playlist?list=PLsJuX9tO-0VTqyAASHUPtJr8dgHf120Ty,,
6f055718-96af-4dea-81fa-d2962f927291,FIZ Karlsruhe Video-Bits : {organization},CC-BY-4.0,https://www.youtube.com/watch?v=GMgixzMzQ1M&list=PLsJuX9tO-0VTqyAASHUPtJr8dgHf120Ty&index=6,RADAR–Videotutorial: Rollen und Benutzerverwaltung,RADAR,"Erfahren Sie mehr über die Rollen und Aufgaben von RADAR Administratoreninnen und Administratoren, Kuratorinnen und Kuratoren, Subkuratorinnen und Subkuratoren.",,,,de,,video,,2018-03-19,content provider,isPartOf:https://www.youtube.com/playlist?list=PLsJuX9tO-0VTqyAASHUPtJr8dgHf120Ty,,
213f191f-f56a-47ea-aa80-db0684ab5616,FIZ Karlsruhe Video-Bits : {organization},CC-BY-4.0,https://www.youtube.com/watch?v=bGXcW7FGNaA&list=PLsJuX9tO-0VTqyAASHUPtJr8dgHf120Ty&index=7,RADAR–Videotutorial: Arbeitsbereich nutzen,RADAR,"Erfahren Sie, wie Sie den Arbeitsbereich nutzen, um Forschungsdaten in RADAR zu verwalten.",,,,de,,video,,2018-03-19,content provider,isPartOf:https://www.youtube.com/playlist?list=PLsJuX9tO-0VTqyAASHUPtJr8dgHf120Ty,,
4d23bed5-2a04-477a-bad2-b6c50aa25068,FIZ Karlsruhe Video-Bits : {organization},CC-BY-4.0,https://www.youtube.com/watch?v=OqzK9AuabvI&list=PLsJuX9tO-0VTqyAASHUPtJr8dgHf120Ty&index=8,RADAR–Videotutorial: Datenpakete,RADAR,"Erfahren Sie, wie Sie Forschungsdaten in RADAR laden, archivieren oder publizieren.",,,,de,,video,,2018-03-19,content provider,isPartOf:https://www.youtube.com/playlist?list=PLsJuX9tO-0VTqyAASHUPtJr8dgHf120Ty,,
026530cd-d50b-412b-9d53-3730fbb91133,FIZ Karlsruhe Video-Bits : {organization},CC-BY-4.0,https://www.youtube.com/watch?v=TnJVm1cumZc&list=PLsJuX9tO-0VTqyAASHUPtJr8dgHf120Ty&index=9,RADAR–Videotutorial: Metadaten für Datenpakete,RADAR,"Erfahren Sie, wie Sie Forschungsdaten mit Metadaten beschreiben, um Auffindbarkeit und gegebenenfalls Referenzierung und Nachnutzbarkeit der Daten zu erhöhen.",,,,de,,video,,2018-03-19,content provider,isPartOf:https://www.youtube.com/playlist?list=PLsJuX9tO-0VTqyAASHUPtJr8dgHf120Ty,,
5987baf1-3aa7-45cb-b70a-e8c026784184,Forschungsdatenmanagement Bayern : {organization},CC-BY-3.0,https://www.youtube.com/watch?v=2e5Gma7AtrE,Datenmanagementplan-Tool RDMO: Erste Schritte -- Beispiel einer RDMO-Instanz (FAU Erlangen-Nürnberg),RDMO,"Dieser Online-Kurs stellt das Datenmanagementplan-Werkzeug ""RDMO"" vor und beschreibt dessen grundlegende Funktionen. Die Inhalte werden dabei anhand einer RDMO-Instanz an der Friedrich-Alexander-Universität Erlangen-Nürnberg veranschaulicht.",,,Data Management Plan * RDMO,de,,video,,2019-09-18,,,,
62d1c049-282f-4557-978b-24268a04f74f,"Straka, Janine",CC-BY-4.0,https://rdmorganiser.github.io/img/promo/videos/fragenkatalog_v2.mp4,Wie beantworte ich einen Fragenkatalog?,RDMO,,,MP4,Data Management Plan * RDMO,de,,video,,,,,,
635a8ce2-141c-403e-b1f2-f9c4b6307bad,"Horlacher, Mathis * mediomix GmbH : {organization} * marumTV : {organization}",proprietary,https://www.youtube.com/watch?v=5bJfSuAukTQ,How to publish FAIR Data with PANGAEA. - Data Publisher for Earth & Environmental Science,PANGAEA,"If you publish and long term archive your data with PANGAEA (https://www.pangaea.de/), they will become findable, accessible, interoperable and reusable following the FAIR principles. Submitting data to PANGAEA is rather easy, all you need is your data, some additional information called metadata, and the willingness to open up your data to the world. PANGAEA is a fully curated data repository, so once you take the initial step by uploading your data (https://www.pangaea.de/submit/), experienced data curators are going to help you personally through the further submission process.",,,PANGAEA * Repository * Data Publishing * Open Data * Data Review,en,,video,,2019-11-18,,,,
2df2b7c8-ebaa-4701-8c90-5983fe9e6246,"Thöricht, Heike * Zänkert, Sandra * Steinmann, Lena * Drechsler, Rolf",CC-BY-4.0,https://doi.org/10.5281/zenodo.8004372,How to document your research data,Data Science Center of the University of Bremen,"The ""How to Document Your Research Data"" poster series provides a comprehensive overview of essential documentation practices for research data. Created with the goal of promoting transparency and reproducibility, these posters highlight key aspects of data documentation and guide researchers in effectively managing their data throughout the research lifecycle. The posters cover Electronic 
Laboratory Notebooks (ELNs), Codebooks, Model Cards for Machine Learning and Artificial Intelligence models, Datasheets for Machine Learning datasets, Data Nutrition Labels for Artificial Intelligence datasets, and Readme Files. Each poster provides insights into the background, functions, and essential components of these documentation tools.

The posters can be used by scientists looking for the right documentation tool for their research project and by research data management support services at research institutions providing information about documentation in trainings and consultations.",,PDF,Electronic Lab Notebook * ELN * Codebook * Dataset datasheets * Model cards * Data Nutrition Label * Readme file * research data * documentation * transparency * reproducibility * reusability * scientific knowledge * FAIR * Machine Learning * Artificial intelligence,en,Poster,image,,2023-06-05,,,34.2,
b65b9045-c5bc-447a-82ff-5f56c9f0b072,OER.DigiChem : {organization},CC-BY-SA-4.0,https://www.youtube.com/playlist?list=PLvLrbzYLkLaTACvydkIuCWRbYwgcGlQPs,eLabFTW,OER.DigiChem.NRW,,,,Electronic Laboratory Notebook * ELN * eLabFTW,de,,video,,2023-01-23,,,,
8334bb82-adbf-400e-b721-39f35e2503dd,"Hackradt, Hans * OER.DigiChem : {organization}",CC-BY-SA-4.0,https://www.youtube.com/watch?v=28bgL8WdLCQ&list=PLvLrbzYLkLaTACvydkIuCWRbYwgcGlQPs&index=2,eLabFTW: Anmelden und Benutzerseite,OER.DigiChem.NRW,"In diesem DigiChem-Video lernst Du, wie du dich in eLabFTW anmeldest und welche Einstellungen du auf deiner Benutzerseite vornehmen kannst.",,,Electronic Laboratory Notebook * ELN * eLabFTW,de,,video,,2023-01-23,,isPartOf:https://www.youtube.com/playlist?list=PLvLrbzYLkLaTACvydkIuCWRbYwgcGlQPs,,
9f318042-7b14-4708-9f1a-f1fac2e1dac4,"Hackradt, Hans * OER.DigiChem : {organization}",CC-BY-SA-4.0,https://www.youtube.com/watch?v=3MMrz4dBHkc&list=PLvLrbzYLkLaTACvydkIuCWRbYwgcGlQPs&index=3,eLabFTW: Die Menüleiste,OER.DigiChem.NRW,In diesem DigiChem-Video lernst Du die Menüführung Deines elektronischen Laborjournals bei eLabFTW kennen.,,,Electronic Laboratory Notebook * ELN * eLabFTW,de,,video,,2023-01-23,,isPartOf:https://www.youtube.com/playlist?list=PLvLrbzYLkLaTACvydkIuCWRbYwgcGlQPs,,
7de6002d-a048-4922-8389-8f4e0fc01b11,"Hackradt, Hans * OER.DigiChem : {organization}",CC-BY-SA-4.0,https://www.youtube.com/watch?v=StgQfbLNtCg&list=PLvLrbzYLkLaTACvydkIuCWRbYwgcGlQPs&index=4,eLabFTW: Neues Experiment erstellen,OER.DigiChem.NRW,"In diesem DigiChem-Video lernst Du, wie Du ein neues Experiment in Deinem elektronischen Laborjournal anlegst.",,,Electronic Laboratory Notebook * ELN * eLabFTW,de,,video,,2023-01-23,,isPartOf:https://www.youtube.com/playlist?list=PLvLrbzYLkLaTACvydkIuCWRbYwgcGlQPs,,
f74fd9ec-9c2e-4c16-85a0-ff6d53650fc7,"Hackradt, Hans * OER.DigiChem : {organization}",CC-BY-SA-4.0,https://www.youtube.com/watch?v=TPPHqMvhkL4&list=PLvLrbzYLkLaTACvydkIuCWRbYwgcGlQPs&index=5,eLabFTW: Der Editor und Co,OER.DigiChem.NRW,In diesem DigiChem-Video lernst Du die ersten Basics im Bearbeiten Deines Experiments.,,,Electronic Laboratory Notebook * ELN * eLabFTW,de,,video,,2023-01-23,,isPartOf:https://www.youtube.com/playlist?list=PLvLrbzYLkLaTACvydkIuCWRbYwgcGlQPs,,
8cc05570-f3d9-4ebd-ac2f-c96a6bbb69f5,"Hackradt, Hans * OER.DigiChem : {organization}",CC-BY-SA-4.0,https://www.youtube.com/watch?v=i_DblyK8ZZQ&list=PLvLrbzYLkLaTACvydkIuCWRbYwgcGlQPs&index=6,eLabFTW: Dateien und Bilder verknüpfen,OER.DigiChem.NRW,"In diesem DigiChem-Video lernst Du, wie Du bei eLabFTW Dateien und Bilder mit Deinen Experimenten verknüpfst.",,,Electronic Laboratory Notebook * ELN * eLabFTW,de,,video,,2023-01-23,,isPartOf:https://www.youtube.com/playlist?list=PLvLrbzYLkLaTACvydkIuCWRbYwgcGlQPs,,
a9b04e95-c4d3-454c-9d41-eb25339bb47e,"Hackradt, Hans * OER.DigiChem : {organization}",CC-BY-SA-4.0,https://www.youtube.com/watch?v=i5kD5FBX4dw&list=PLvLrbzYLkLaTACvydkIuCWRbYwgcGlQPs&index=7,eLabFTW: Schlagwörter anwenden,OER.DigiChem.NRW,"In diesem DigiChem-Video lernst Du, wie Du Schlagwörter anwendest und damit Deine Experimente besser organisierst.",,,Electronic Laboratory Notebook * ELN * eLabFTW,de,,video,,2023-01-23,,isPartOf:https://www.youtube.com/playlist?list=PLvLrbzYLkLaTACvydkIuCWRbYwgcGlQPs,,
26501578-8e7a-49af-9e8f-cb74b2d4f32a,"Hackradt, Hans * OER.DigiChem : {organization}",CC-BY-SA-4.0,https://www.youtube.com/watch?v=M1c5xwXoNeI&list=PLvLrbzYLkLaTACvydkIuCWRbYwgcGlQPs&index=8,eLabFTW: Moleküleditor und MOLFiles,OER.DigiChem.NRW,In diesem DigiChem-Video lernst Du die Funktionen des integrierten Moleküleditor bei eLabFTW kennen.,,,Electronic Laboratory Notebook * ELN * eLabFTW,de,,video,,2023-01-23,,isPartOf:https://www.youtube.com/playlist?list=PLvLrbzYLkLaTACvydkIuCWRbYwgcGlQPs,,
e47b342b-2a3a-4667-beb1-4f84147de9b0,"Hackradt, Hans * OER.DigiChem : {organization}",CC-BY-SA-4.0,https://www.youtube.com/watch?v=9IPh5uWdHxA&list=PLvLrbzYLkLaTACvydkIuCWRbYwgcGlQPs&index=9,eLabFTW: Zusätzliche Felder erstellen - JSON,OER.DigiChem.NRW,"In diesem DigiChem-Video lernst Du, wie Du Felder in einem Element erstellst und entsprechend Deines Vorhabens konfigurierst.",,,Electronic Laboratory Notebook * ELN * eLabFTW,de,,video,,2023-01-23,,isPartOf:https://www.youtube.com/playlist?list=PLvLrbzYLkLaTACvydkIuCWRbYwgcGlQPs,,
34085693-3b0b-4398-95e6-fa5af79fcaa0,"Hackradt, Hans * OER.DigiChem : {organization}",CC-BY-SA-4.0,https://www.youtube.com/watch?v=k9EAah9Fxbk&list=PLvLrbzYLkLaTACvydkIuCWRbYwgcGlQPs&index=10,eLabFTW: Formeln mit TeX Commands erstellen,OER.DigiChem.NRW,"In diesem DigiChem-Video lernst Du, wie Du mit Hilfe von TeX Commands Formeln und spezifische Zeichen bei eLabFTW im Editor eines Elements implementierst.",,,Electronic Laboratory Notebook * ELN * eLabFTW,de,,video,,2023-01-23,,isPartOf:https://www.youtube.com/playlist?list=PLvLrbzYLkLaTACvydkIuCWRbYwgcGlQPs,,
266fdf5c-49cd-4ec7-a9aa-57a529ddf4c7,"Hackradt, Hans * OER.DigiChem : {organization}",CC-BY-SA-4.0,https://www.youtube.com/watch?v=tnV3epsu7Lo&list=PLvLrbzYLkLaTACvydkIuCWRbYwgcGlQPs&index=11,eLabFTW: Neue Vorlagen erstellen,OER.DigiChem.NRW,In diesem DigiChem-Video lernst Du neue Vorlagen für deine Experimente zu erstellen.,,,Electronic Laboratory Notebook * ELN * eLabFTW,de,,video,,2023-01-23,,isPartOf:https://www.youtube.com/playlist?list=PLvLrbzYLkLaTACvydkIuCWRbYwgcGlQPs,,
b21ab98f-8505-4138-9731-48758980bb2c,"Hackradt, Hans * OER.DigiChem : {organization}",CC-BY-SA-4.0,https://www.youtube.com/watch?v=O7ewSr0tIlY&list=PLvLrbzYLkLaTACvydkIuCWRbYwgcGlQPs&index=12,eLabFTW: Datenbankelemente und Terminkalender,OER.DigiChem.NRW,"In diesem DigiChem-Video lernst Du, wie Du in der Datenbank Elemente erstellst, ordnest, bearbeitest und anschließend auf der Team-Seite buchen kannst.",,,Electronic Laboratory Notebook * ELN * eLabFTW,de,,video,,2023-01-23,,isPartOf:https://www.youtube.com/playlist?list=PLvLrbzYLkLaTACvydkIuCWRbYwgcGlQPs,,
a85dffca-00d0-4ac4-a583-bf9000da5a80,"Hackradt, Hans * OER.DigiChem : {organization}",CC-BY-SA-4.0,https://www.youtube.com/watch?v=78KV44Ib-F4&list=PLvLrbzYLkLaTACvydkIuCWRbYwgcGlQPs&index=13,eLabFTW: (Lese-)Berechtigungen,OER.DigiChem.NRW,"In diesem DigiChem-Video lernst Du, wie Du Lese- und Schreiberechte bei Experimenten, Vorlagen oder Datenbank-Elemente einsehen und bearbeiten kannst.",,,Electronic Laboratory Notebook * ELN * eLabFTW,de,,video,,2023-01-23,,isPartOf:https://www.youtube.com/playlist?list=PLvLrbzYLkLaTACvydkIuCWRbYwgcGlQPs,,
d5d3cee2-2f52-4fb3-a2cc-e77b7efe369a,"Hackradt, Hans * OER.DigiChem : {organization}",CC-BY-SA-4.0,https://www.youtube.com/watch?v=7I7u3VqGUwY&list=PLvLrbzYLkLaTACvydkIuCWRbYwgcGlQPs&index=14,eLabFTW: Revisionen und Timestamps,OER.DigiChem.NRW,In diesem DigiChem-Video lernst du wie du auf Revisionen deiner Experimente zugreifst und deine Ergebnisse mit oder ohne einem Zeitstempel abschließt.,,,Electronic Laboratory Notebook * ELN * eLabFTW,de,,video,,2023-01-23,,isPartOf:https://www.youtube.com/playlist?list=PLvLrbzYLkLaTACvydkIuCWRbYwgcGlQPs,,
d9c1aa99-cc68-42b6-af0e-1c779b852cbc,"Hackradt, Hans * OER.DigiChem : {organization}",CC-BY-SA-4.0,https://www.youtube.com/watch?v=pB6yxIz2r5U&list=PLvLrbzYLkLaTACvydkIuCWRbYwgcGlQPs&index=15,eLabFTW: PDF und ZIP Export,OER.DigiChem.NRW,"In diesem DigiChem-Video lernst Du, wie Du ein Experiment aus Deinem ELB exportierst.",,,Electronic Laboratory Notebook * ELN * eLabFTW,de,,video,,2023-01-23,,isPartOf:https://www.youtube.com/playlist?list=PLvLrbzYLkLaTACvydkIuCWRbYwgcGlQPs,,
c00187a6-8152-42c5-83a7-c488188b2694,"Hackl, Claudia * Hörner, Tanja * Kalová, Tereza * Slowig, Benjamin",CC-BY-4.0,https://doi.org/10.5281/zenodo.7057711,Handreichung: Open Educational Resources (OER) im Sinne von Open Science und einer FAIRen Daten-Kultur,,"FAIR-Prinzipien und Openess spielen eine zentrale Rolle im Forschungsdatenmanagement (FDM), weswegen diese auch beim Aus- und Aufbau von entsprechenden Kompetenzen und bei der Erstellung von Lehr- und Lernmaterialien größere Beachtung finden. Als ein Bestandteil im Bereich Open Science hat sich der Begriff der OER, also Open Educational Resources, etabliert. Gleichzeitig wird damit ein Rahmen geschaffen, in dem Inhalte (möglichst) frei verfügbar gemacht und für die Nachnutzung aufbereitet werden. Durch die Erstellung von OER ergeben sich nicht nur finanzielle Vorteile in Bezug auf Förderungen und Projektanträge, durch die offene Verfügbarkeit erfolgt eine hohe Sichtbarkeit zum einen der Materialien und Fortbildungsprogramme zum anderen der verantwortlichen Autor:innen. Jedoch entstehen auch eine Vielzahl von Fragen und Herausforderungen, mit denen sich die Lehrenden bzw. Referent:innen auseinandersetzen müssen.",,PDF * ODP *PPTX,Forschungsdaten * Forschungsdatenmanagement * Offene Bildungsressourcen * OER * Data Steward * Training,de,Poster,image,competent,2022-09-22,data steward * teacher (higher education) * content provider,,1.6,
c05f69af-ca5b-4579-90ed-026067f8ab1f,"Netscher, Sebastian * Rizzolli, Michaela",CC-BY-4.0,https://doi.org/10.5281/zenodo.10117381,FDM in den Sozialwissenschaften,,"Folien zum Aufbaumodul 3 ""FDM in den Sozialwissenschaften"", Zertifikatskurs Forschungsdatenmanagement 2023/24 - Basismodul Forschung, FD & FDM in den Fachgebieten.",,PDF,Data Protection * Quantitative Data * Anonymization * Qualitative Data * Pseudonymization * QualiAnon * Data Documentation * Data Preservation * Data Review,de,,presentation,competent,2023-11-13,data steward,,3.4,
2e93761b-6aae-4b74-b5fb-4415f46d4e1d,"Mertzen, Daniela * Neuroth, Heike * Schneemann, Carsten * Woywod, Kathrin * Haase, Claudia * Jacob, Boris * Kroehling, Max * Mittelbach, Jens * Straka, Janine * Szczukowski, Anita * Weise, Katrin",CC-BY-4.0,https://doi.org/10.5281/zenodo.7936965,"Zertifikatskurs ""Forschungsdatenmanagement für Studierende"": Spring School 2023 der Landesinitiative für Forschungsdatenmanagement in Brandenburg",FDM-BB,"Der Zertifikatskurs Forschungsdatenmanagement (FDM) für Studierende wurde im Rahmen des BMBF- und MWFK-geförderten Projekts IN-FDM-BB entwickelt. Der Kurs berücksichtigt eine Vielzahl von organisatorischen, formalen, technischen, inhaltlichen und didaktischen Aspekten, die für die Entwicklung geeigneter Lehrmaterialien von Bedeutung sind. Der von der Landesinitiative “Forschungsdatenmanagement in Brandenburg” (FDM-BB) verantwortete Zertifikatskurs fand erstmals Anfang März 2023 als einwöchige digitale Spring School mit 30 Bachelor- und Masterstudierenden der acht brandenburgischen Hochschulen statt. Der mindestens einmal jährlich stattfindende Zertifikatskurs ist mit zwei bis vier ECTS, je nach Prüfungsumfang, anrechenbar. Der gesamte Kurs besteht aus einer vorbereitenden Selbstlernphase inkl. Quiz (ca. 10 Std.), aktiver Teilnahme an der Spring School (40 Std.) (insg. 2 ECTS) und optional einer nachbereitenden Prüfungsleistung (ca. 25 oder 50 Std., 3 oder 4 ECTS). Insgesamt elf Dozierende der Brandenburgischen Technischen Universität Cottbus-Senftenberg, der Fachhochschule Potsdam und der Universität Potsdam aus unterschiedlichen beruflichen Verantwortungsbereichen (Forschung und Lehre, Forschungsunterstützung, 
Bibliothek) vermitteln die Lehrinhalte (siehe Punkt (ii)).
Die hier zur Nachnutzung bereitgestellte Materialiensammlung beinhaltet:

(A) Das Modulhandbuch des Zertifikatskurses (eine .pdf-Datei)

(B) Die gesamten Lehrskripte (eine .odp-Datei) mit folgenden Modulkursen (MK):
MK1: Einführung in das Forschungsdatenmanagement; Forschungsdaten-Lebenszyklus und FAIR Data Principles; Open Science; Übung;
MK2: Datendokumentation und Metadaten; Datenmanagementpläne; Datenmanagementpläne mit dem Research Data Management Organiser (RDMO); Übung;
MK3: Aktives Datenmanagement; Langzeitarchivierung; Kollaborative Tools und Versionierung; Übung
MK4: Datenpublikation persistente Identifizierung, Zitation; Lizenzen, Re3Data; Rechtliche Aspekte des FDM; Übung
MK5: Gute wissenschaftliche Praxis; Projektmanagement; Übung; 
Diskussion, Evaluation und individuelle Beratung zur Prüfungsleistung

(C) Literaturempfehlungen (eine .pdf-Datei)

(D) Quizfragen (der vorbereitenden Selbstlernphase des Kurses). Quizfragen werden hier ohne korrekte Antworten hinterlegt, da diese im folgenden Zertifikatskurs nachgenutzt werden; Lehrenden/Dozierenden stellen wir diese auf Nachfrage gerne bereit (info-fdm-bb@listserv.dfn.de).",,PDF * ODP,research data management * certificate course * lesson * training * students,de,,,novice,2023-08-29,student (BA) * student (MA) * teacher (higher education),,20.3,
2f2faab7-e0e3-417d-ab3f-4d0a3e46cc1c,"Rudnik, Pia",CC-BY-4.0,https://doi.org/10.5281/zenodo.3985074,Video: Crashkurs Digitale Langzeitarchivierung - Dateiformate,,"Dieser Crashkurs gibt einen Überblick über das Thema ""Dateiformate"" und dessen Relevanz im Bereich der Digitalen Langzeitarchivierung.
Zu Beginn wird das Verhältnis zwischen einem digitalen Signal, einer Datei und einem Dateiformat veranschaulicht. Im Anschluss werden mit der Formatidentifizierung und der Formatvalidierung von Dateien zwei einander ergänzende Verfahren beschrieben, welche die technische Verfügbarkeit von digitaler Information langfristig gewährleisten. Beide Verfahren sind somit ein wichtiger Bestandteil der 
Langzeitarchivierungs-Praxis.
Dieser Crashkurs wurde als Lehrvideo für das Teil-Modul ""Digitale Langzeitarchivierung"" des Zertifikatskurses ""Data Librarian"" erstellt. Der Zertifikatskurs wurde 2019/2020 vom Zentrum für Bibliotheks- und Informationswissenschaftliche Weiterbildung der Technischen Hochschule Köln unter wissenschaftlicher Leitung von Prof. Dr. Konrad Förstner ausgerichtet.",,MP4,Digital Preservation * Digitale Langzeitarchivierung * LZA * Dateiformat * File Format * Dateiformatidentifizierung * Dateiformatvalidierung * file format identification * file format validation * Einführung * Introduction * Lecture * Crashkurs * Tutorial,de,,video,,2020-08-14,,,51.7,
2d0bc102-5499-48e7-9f77-442206fb8a80,"Krähwinkel, Esther * Langner, Patrick * Lipp, Robert * Pietsch, Andre Manuel",CC-BY-4.0,https://doi.org/10.5281/zenodo.6373595,HeFDI Data Learning Materials: Forschungsdatenmanagement – eine Online-Einführung,HeFDI - Hessische Forschungsdateninfrastrukturen,"Allgemeines: Hier werden zwei Importdateien für ein Lernmodul zum Thema Forschungsdatenmanagement zur Nachnutzung zur Verfügung gestellt. Die Importdateien liegen für Moodle (Version 3.9) und ILIAS (Version 7.0) vor. Die Kompatibilität mit anderen Versionen muss ggf. geprüft werden.

Inhalte: Einführung FDM; Lebenszyklus von Forschungsdaten; Datenmanagementplan; Metadaten und Metadatenstandards; FAIR-Prinzipien und CARE-Prinzipien; Datenqualität; Datenorganisation; Datenspeicherung und -archivierung; Recht.

Aufbau: Die einzelnen Kapitel sind jeweils nach einem gemeinsamen Muster aufgebaut: Einführung - Inhalte-Fragen-Nachweise und Weiterführendes - Handout. Der Kurs ist modular angelegt. Die Kapitel sind thematisch aufeinander aufbauend, können aber auch einzeln verwendet/bearbeitet werden. Die Inhalte wurden gemeinsam von HeFDI erstellt und sind in beiden Dateien deckungsgleich, sie enthalten jedoch lokale Anpassungen der Standorte Frankfurt University of Applied Sciences (Moodle) bzw. Philipps-Universität Marburg (ILIAS). Das betrifft sowohl Verlinkungen als auch Texte oder eingefügte Videos. Wie der Kurs für die Universität Marburg gestaltet ist, sehen Sie hier: https://uni-marburg.de/2uW2q

Einsatz: Wir möchten Sie dazu ermuntern, das WBT in allen möglichen Formen nachzunutzen, zu verändern, zu erweitern und an die Bedingungen vor Ort anzupassen. Zudem verstehen wir das WBT nicht nur als Angebot, bei Bedarf individuell diesen Kurs zu absolvieren, sondern insbesondere auch als Grundlage für den Einsatz in der (universitären) Lehre. Einzelne Kapitel oder auch das gesamte WBT können beispielsweise in einem Inverted Classroom Szenario vor einer Lehrveranstaltung durchgearbeitet werden, um es dann in der Präsenzzeit inhaltlich und fachlich zu vertiefen. Vorstellbar ist auch, die hier angebotene Einführung als Grundlage für themenspezifische Ausarbeitungen zu nutzen (beispielsweise in Form von Referaten oder online gestützt in Form von Produkten wie einem Datenmanagementplan).",,ZIP * DOCX * MBZ * TXT,Forschungsdaten * Forschungsdatenmanagement * FDM * Selbstlerneinheit * Web Based Training * WBT * eLearning * Lehrmaterialien * Schulungsmaterialien * Open Educational Resources * OER * Open Science * Data Literacy * FAIR * Metadaten * Datenmanagementpläne * Datenqualität * Datenorganisation * Forschungsdatenlebenszyklus * Datenveröffentlichung * Gute Wissenschaftliche Praxis * HeFDI,de,,,,2022-03-22,,,634,
e4b1455b-84ad-4903-92cf-5d1dae103641,"Schmitz, Dominik * Hausen, Daniela * Magrean, Benedikt * Trautwein-Bruns, Ute * Windeck, Jürgen * Medien für die Lehre : {organization}",CC-BY-3.0,https://www.youtube.com/watch?v=YrKg26XWBRk&list=PL0eaiqVqG1ovx-A_rGpz76nylfLjd9auR&index=2,Forschungsdaten leben länger,,"„Forschungsdaten leben länger…“ ist ein Lehrvideo zum Forschungsdatenmanagement. Es erzählt die Geschichte eines erfolgreichen Projekts in der fiktiven Eichhörnchen-Forschung. Trotz exzellenter Forschung ist ein nachhaltiges Datenmanagement wie so oft zu kurz gekommen.
Entlang des Lebenszyklus von Forschungsdaten wird ein typischer Projektverlauf geschildert. Luise, Rachel und Frank haben erfolgreiche Ideen, identifizieren sich mit ihrer Arbeit und erzielen exzellente Ergebnisse, nehmen sich aber leider wenig Zeit für die Planung und Abstimmung des Datenmanagements. Das kostet sie schon während der aktiven Arbeit im Projekt Zeit, hindert sie aber nicht daran, das Projekt erfolgreich abzuschließen. Erst als Ihre Publikationen auf großes Interesse in der Community stoßen und andere Wissenschaftlerinnen und Wissenschaftler auf ihre Daten zugreifen möchten, kostet es sie viel Zeit, sich immer wieder mit dem alten Projekt zu beschäftigen. Als Remy schließlich die Projektergebnisse in seinem neuen Projekt nachnutzen möchte, müssen sie feststellen, dass viele Informationen verloren gegangen sind.",,,,de,,video,,2018-02-20,,isPartOf:https://www.youtube.com/playlist?list=PL0eaiqVqG1ovx-A_rGpz76nylfLjd9auR,,
836170c2-69ca-4c7b-b5ce-60113fba91d2,"Schmitz, Dominik * Hausen, Daniela * Trautwein-Bruns, Ute * Medien für die Lehre : {organization}",CC-BY-3.0,https://www.youtube.com/watch?v=XummkIOmMIg&list=PL0eaiqVqG1ovx-A_rGpz76nylfLjd9auR&index=5,Datenmanagement nach Plan,,"„Datenmanagement nach Plan“ ist ein Lehrvideo zum Forschungsdatenmanagement. Das Video erklärt kurz, was ein Datenmanagementplan (DMP) ist und welche Vorteile er für die Forschung bietet. Der DMP ist ein Dokument zur Strukturierung und Beschreibung des Datenmanagements für ein spezifisches Projekt. In der Regel umfasst er alle notwendigen Maßnahmen im Lebenszyklus der Forschungsdaten – von der Erhebung über die Archivierung bis hin zur Publikation. Nicht alles ist schon vorab absehbar und planbar, so dass er zwar zu Projektbeginn angelegt werden sollte, aber über die Projektlaufzeit gepflegt und angepasst werden muss. DMP-Vorlagen und Tools helfen bei der Erstellung. Sie führen anhand von Fragen strukturiert durch den Plan. Zudem können sie die gemeinsame Bearbeitung, Versionierung und Formatierung unterstützen. Im Idealfall ist ein DMP mehr als ein formales Dokument. Auch wenn das Erstellen und die Pflege zunächst Aufwand bedeuten, so birgt er doch viele Vorteile für die Forschung. Alle Maßnahmen zum Datenmanagement werden von Anfang an durchdacht und abgestimmt sowie die Aufwände und Verantwortlichkeiten geklärt. Dokumentationen zu den Daten werden angelegt und die Zugangs- und Nachnutzungsbedingungen geregelt. Insgesamt kann so viel Zeit für laufende Abstimmung und Erklärung eingespart und die Qualität und Nachnutzbarkeit von Forschungsdaten sichergestellt werden.",,,,de,,video,,2019-02-26,,isPartOf:https://www.youtube.com/playlist?list=PL0eaiqVqG1ovx-A_rGpz76nylfLjd9auR,,
1ec1db44-5330-47c5-aae3-6852b11f43a4,"Schmitz, Dominik * Hausen, Daniela * Trautwein-Bruns, Ute * Medien für die Lehre : {organization}",CC-BY-3.0,https://www.youtube.com/watch?v=54pZJ0bU5ek&list=PL0eaiqVqG1ovx-A_rGpz76nylfLjd9auR&index=6,Inhalte eines Datenmanagementplans,,"„Inhalte eines Datenmanagementplans“ (DMP) ist ein Lehrvideo zum Forschungsdatenmanagement. Typischerweise beinhaltet ein DMP Informationen zum Projekt und seinen Rahmenbedingungen, zu den Forschungsdaten selbst, den Methoden und Metadaten sowie zur Datensicherung, Verfügbarkeit und Nachnutzbarkeit. Und schließlich sollte ein DMP Verantwortlichkeiten, Pflichten und Kosten benennen. Am Beispiel einer typischen DMP-Vorlage wird zu verschiedenen Themen jeweils eine Frage herausgegriffen und exemplarisch am fiktiven Beispiel der Eichhörnchenforschung beantwortet. Eine DMP-Vorlage hilft, den Plan zu strukturieren und keine wichtigen Aspekte zu übersehen, ohne dass eine Beantwortung aller Fragen notwendig ist. Die Inhalte sollten sich an den Vorgaben und den spezifischen Anforderungen im Projekts orientieren. Alle Angaben sollten so konkret wie möglich gemacht werden.",,,,de,,video,,2019-03-07,,isPartOf:https://www.youtube.com/playlist?list=PL0eaiqVqG1ovx-A_rGpz76nylfLjd9auR,,
be5a4452-75e3-4718-a4cc-1ad011552ddf,"Schmitz, Dominik * Hausen, Daniela * Trautwein-Bruns, Ute * Medien für die Lehre : {organization}",CC-BY-3.0,https://www.youtube.com/watch?v=1eCMRhbi60U&list=PL0eaiqVqG1ovx-A_rGpz76nylfLjd9auR&index=4,Forschungsdaten und ihre Metadaten,,"„Forschungsdaten und ihre Metadaten“ ist ein Lehrvideo zum Forschungsdatenmanagement. Das Video erklärt kurz, was Metadaten sind und wo diese im Forschungsdatenlebenszyklus auftreten. Anhand des Beispiels einer Messwerttabelle werden die Begriffe Metadaten und Metadatenschema erklärt. In der Projektarbeit machen Vorgaben zu Metadaten die Ergebnisse verschiedener Bearbeiter vergleichbar, nachvollziehbar und interoperabel. Das Video gibt außerdem Beispiele für Metadaten, die zu unterschiedlichen Zeiten des Lebenszyklus relevant sind. Diese Metadaten können beispielsweise in einem Datenmanagementplan festgehalten werden. Datenproduzenten und Projektmitarbeiter sowie potenzielle Nachnutzer können dann alle wichtigen Informationen über die Forschungsdaten an einem Ort finden.",,,,de,,video,,2019-02-18,,isPartOf:https://www.youtube.com/playlist?list=PL0eaiqVqG1ovx-A_rGpz76nylfLjd9auR,,
923c7324-9f0e-4690-a0ce-08bb31efbef6,"Schmitz, Dominik * Hausen, Daniela * Trautwein-Bruns, Ute * Medien für die Lehre : {organization}",CC-BY-3.0,https://www.youtube.com/watch?v=uVq7IuDCTFw&list=PL0eaiqVqG1ovx-A_rGpz76nylfLjd9auR&index=3,Persistent Identifier (PID),,"„Persistent Identifier (PID)“ ist ein Lehrvideo zum Forschungsdatenmanagement. Es erklärt kurz, was PIDs sind und wie diese im Rahmen des Forschungsdatenmanagements verwendet werden können.",,,,de,,video,,2019-01-22,,isPartOf:https://www.youtube.com/playlist?list=PL0eaiqVqG1ovx-A_rGpz76nylfLjd9auR,,
87ed24ba-2291-4c37-bfc8-436533af061b,"Schmitz, Dominik * Hausen, Daniela * Trautwein-Bruns, Ute * Medien für die Lehre : {organization}",CC-BY-3.0,https://www.youtube.com/watch?v=GuIQO3cFIuw&list=PL0eaiqVqG1ovx-A_rGpz76nylfLjd9auR&index=7,Forschungsdaten zu Publikationen,,"„Forschungsdaten zu Publikationen“ ist ein Lehrvideo zum Forschungsdatenmanagement. Am fiktiven Beispiel der Eichhörnchenforschung werden Best Practice-Möglichkeiten erklärt, wie mit Forschungsdaten, die Grundlage einer Publikation sind, verfahren werden kann. Grundsätzlich sollten die Forschungsdaten, die einer Publikation zugrunde liegen, bewusst ausgewählt und mit nachvollziehbarer Struktur und Benennung zusammen mit den zum Verständnis erforderlichen Kontextinformationen abgelegt werden. Zur Archivierung dieser Daten sollte ein professioneller Archivdienst genutzt werden, der die sichere Aufbewahrung für mindestens 10 Jahre entsprechend der guten wissenschaftlichen Praxis garantiert. Wenn keine Argumente, wie beispielsweise Datenschutz oder das weitere Verwertungskonzept dagegensprechen, können Forschungsdaten auch als eigenständige Objekte publiziert werden. Sie werden dann auf einem Repositorium öffentlich zur Nachnutzung bereitgestellt. Dabei hat die Datenpublikation den Vorteil, dass zukünftig kein Aufwand mehr besteht, wenn die Forschungsdaten nachgefragt werden. Entsprechend der FAIR data principles sollten Forschungsdaten auffindbar (Findable), zugreifbar (Accessible), kompatibel (Interoperable) und nachnutzbar (Re-usable) sein. Ein wichtiges Werkzeug dabei sind Persistent Identifier. Sie ermöglichen es, archivierte oder publizierte Daten mit der wissenschaftlichen Textpublikation zu verknüpfen.",,,,de,,video,,2019-03-13,,isPartOf:https://www.youtube.com/playlist?list=PL0eaiqVqG1ovx-A_rGpz76nylfLjd9auR,,
915f892f-548d-4214-bbb5-a287e4daa2e7,"Biernacka, Katarzyna * Helbig, Kerstin * Senft, Matthias * Trautwein-Bruns, Ute",CC0,https://doi.org/10.5281/zenodo.4037150,Datendokumentation leicht gemacht! Ein interaktiver Online-Workshop,,"""Datendokumentation leicht gemacht! Ein interaktiver Online-Workshop"" richtet sich insbesondere an FDM-Trainer*innen und Data Stewards, aber auch Forschende sind potenzielle Teilnehmende. Mit dem eineinhalbstündigen Online-Workshop wird die Datendokumentation als lästiges aber notwendiges Thema im Forschungsdatenmanagement aufgegriffen und Lehrkonzepte umgesetzt, die die Interaktivität von Online-Veranstaltungen steigern.",,PPTX * DOCX * XLSX * PNG,Schulung * Forschungsdaten * Datendokumentation * Online-Workshop * Interaktive Methoden * Readme * Data Dictionary,de,,,novice,2020-09-21,data steward * teacher (higher education),,3.5,
e4384beb-abc6-4790-8579-5f45b1817b72,"Schallaböck, Jan * Hoffstätter, Ute * Buck, Daniel * Linne, Monika",CC-BY-4.0,https://zenodo.org/records/10409864,Mustervertrag Datennutzung KonsortSWD,KonsortSWD,"Dieser Musterdatennutzungsvertrag wurde 2021 im Rahmen von KonsortSWD erarbeitet. Zwei Updates wurden 2023 veröffentlicht. Basis waren Datennutzungsverträge von Forschungsdatenzentren (FDZ), die durch den RatSWD akkreditiert sind. Auf freiwilliger Basis stellten 20 FDZ ihre Datennutzungsverträge für die Konzeption eines harmonisierten Vertrags zur Verfügung. Darauf aufbauend wurde unter Expertise der Kanzlei iRights.Law ein Vertrag für die Datenbereitstellung – auch personenbezogener Daten – im In- und Ausland unter Berücksichtigung der DSGVO erarbeitet.
   
Die Veröffentlichung beinhaltet:

- Mustervertrag Datennutzung inkl. Anhänge sowie drei Vertragserweiterungen (DE), mit und ohne Nachverfolgung der Änderungen zur vorherigen Version
- Mustervertrag Datennutzung inkl. Anhänge sowie drei Vertragserweiterungen (EN)
- Erläuterungen zum Mustervertrag sowie die Beantwortung rechtlicher Fragen (DE)
- Änderungsprotokoll (DE)

Wichtig: Wir freuen uns sehr, wenn Sie den Mustervertrag nutzen möchten. Bitte beachten Sie dabei die beigefügten Erläuterungen. Sie können den gesamten Vertrag oder Teile davon frei nutzen. Dennoch freuen wir uns sehr über eine kurze Nachricht, dass Sie den Vertrag nutzen und ggf. welche Teile davon.

Feedback oder Fragen?
Gerne an hoffstaetter@dzhw.eu

Im selben Projekt wurde auch ein Mustervertrag für die Datenaufnahme erarbeitet: https://doi.org/10.5281/zenodo.7648897

Other

In Version 3.0.0 wurde insbesondere eine englische Übersetzung des Vertrages beigefügt. Siehe dazu auch das Änderungsprotokoll.",Recht,PDF,,de * en,,,,2023-12-20,,,0.2,
c6f736f0-428b-4d1b-8f27-e5e8cc638bb9,"Mozygemba, Kati * Gebel, Tobias * Ikiz-Akinci, Dilek",CC-BY-4.0,https://zenodo.org/records/8120841,"Qualitative Daten nachnutzen - Status Quo, Herausforderungen und Perspektiven",KonsortSWD,"Nachdem in der qualitativen Forschung lange über die Frage diskutiert wurde, ob sich qualitative Daten und Forschungsmaterialien überhaupt nachnutzen lassen (paradigmatisch: Hirschauer 2014), stellen wir – vor allem bei jüngeren Forscherinnen und Forschern – ein deutlich gestiegenes Interesse an Fragen der Archivierung und Nachnutzung qualitativer Daten und Forschungsmaterialien fest. Dies findet seinen Niederschlag neben Beispielen für Sekundäranalysen auch in einer mittlerweile stark ausdifferenzierten Infrastruktur zur Archivierung und Bereitstellung qualitativer Daten. Dazu gehören etwa die vom Rat für Sozial- und Wirtschaftsdaten akkreditierten Forschungsdatenzentren (FDZ), die qualitative Forschungsdaten halten – darunter das FDZ des Deutschen Zentrums für Hochschul- und Wissenschaftsforschung (DZHW), das FDZ für Betriebs- und Organisationsdaten, das FDZ Qualiservice, das FDZ Bildung und das Archiv für Gesprochenes Deutsch, das FDZ aviDa sowie das FDZ eLabour. Diese FDZ entwickelten in Zusammenarbeit mit den wissenschaftlichen Communitys Prozesse, die eine Archivierung und Bereitstellung von Forschungsmaterialien im Einklang mit forschungsethischen, rechtlichen und fachlichen Standards und Praktiken ermöglichen. Zugleich bietet jedes FDZ Services, die sich in ihrer fachlichen, thematischen oder Datentyp-Spezifik unterscheiden.

Mit dem Ziel Forschenden einen besseren Zugang zu Forschungsdaten und Unterstützung rund um das Teilen von qualitativen Daten zu ermöglichen, wird im Rahmen der Nationalen Forschungsdateninfrastruktur (NFDI) vom Konsortium für die Sozial-, Bildungs-, Verhaltens- und Wirtschaftswissenschaften (KonsortSWD) der Verbund QualidataNet aufgebaut. In QualidataNet arbeiten verschiedene FDZ, die qualitative Forschungsdaten halten, zusammen. Die Website mit dem Suchportal wird Mitte 2023 online gehen und einen „single point of entry“ zu Daten, zu Instrumenten für das Forschungsdatenmanagement qualitativer Daten und zu best practices der Datenaufbereitung für das Data Sharing bieten. Ziel ist es, Forschenden den Zugang zu und die Nachnutzung von qualitativen Forschungsdaten zu erleichtern. Dabei ist für die Zukunft besonders wichtig, wie wir sicherstellen, dass die Bedarfe qualitativ Forschender die Grundlage für weitere Entwicklungen bilden, was aus Forschendensicht wichtig und notwendig ist, wie Forschende in Prozesse einbezogen werden können und werden wollen und wo die Infrastrukturen auch auf den Diskurs in den wissenschaftlichen Communitys angewiesen sind. Wir möchten zum Austausch darüber einladen und und damit auch dazu, die Weiterentwicklung von KonsortSWD im Rahmen der NFDI mitzugestalten.",,PDF,QualidataNet * qualitative Daten * Archivierung * Data Sharing * Daten teilen * Sekundärnutzung qualitativer Daten * Verbund * Forschungsdatenzentrum * Archiv * Netzwerk;,de,Poster,image,,2023-07-06,data steward,,0.4,
cc9a502c-5d2c-405c-8b46-34e66d47be83,"Rakebrand, Thomas",CC-BY-4.0,https://ul.qucosa.de/api/qucosa%3A72556/attachment/ATT-0/,Wissenschafts- und Forschungsethik als Schlüsselkompetenz Studierender Her­aus­forderungen und Potenziale für den ­systematischen Einbezug als Ausbildungsinhalt.,KonsortSWD,,Ethik,PDF,Forschungsethik * Wissenschaftsethik * Didaktik;,de,Article,text,advanced beginner,2020,,,0:2,
1b897889-92f4-420d-8930-dd5b84459a03,Rat für Sozial- und Wirtschaftsdaten : {organization},CC-BY-SA-4.0,https://www.konsortswd.de/aktuelles/publikation/forschungsethik-in-den-sozial-und-wirtschaftswissenschaften/,Lehr- und Übungsmaterialien für die akademische Lehre. Grundlagen der Forschungsethik in den Sozial- und Wirtschaftswissenschaften.,KonsortSWD,,Ethik,PPTX,Forschungsethik * Ethik * Rahmenbedingungen * Wissenschaftliche Gütekriterien;,de,,presentation,advanced beginner,2019-05-08,student (BA) * student (MA) * student (PhD) * data steward,,1.3,
27fafa5d-1165-4edb-8242-81d3a11908e0,Rat für Sozial- und Wirtschaftsdaten : {organization},CC-BY-4.0,https://www.konsortswd.de/publikation/lehrfolien-fdm-kleine-projekte/,Forschungsdatenmanagement für kleine Projekte in den Sozial- und Wirtschaftswissenschaften: RatSWD Lehrfolien zur eigenen Verwendung in Forschung und Lehre.,KonsortSWD,"Die Handreichung Forschungsdatenmanagement in kleinen Projekten. Eine Handreichung für die Praxis (RatSWD, 2023) enthält weitere Hinweise und ausführlichere Informationen.
   
Die Folien sollen zur eigenen Verwendung in Forschung und Lehre genutzt und angepasst werden.
   
Als lebendes Dokument soll das Material fortlaufend aktualisiert werden. Schicken Sie uns Ihr Feedback gern an office@ratswd.de.",RDM,PDF,FAIR Principles * Scientific Data * RDM-Lifecycle * Small Projects * Social Sciences * Planning * Data Generation * Data Preparation * Data Analysis * Publication * Archiving * Data Reuse * Economics;,de,,presentation,advanced beginner,2023-03-14,student (PhD),,4.0,
a282bbfa-b564-41c8-a15e-16c15f081999,,proprietary,https://www.berd-nfdi.de/berd-academy/aitext-2023/,AI based Methods for Using Text as Data in the Social Sciences,BERD@NFDI,"Moderated by Prof. Dr. Gerhard Heyer (University of Leipzig), you will be introduced to various examples. This workshop is for both, researchers who are just starting with text-as-data and those looking for advanced practical applications.",,,,en,Workshop,,novice,2023,researcher,,,
71afc8ad-bf09-46bd-8661-d077090b3597,"Kahmann, Christian ",proprietary,https://www.berd-nfdi.de/wp-content/uploads/2023/10/AI-text-1-iLCM.pdf,iLCM – an interactive text mining environment for social and economic scientists,BERD@NFDI,"iLCM is an integrated research environment for the analysis of structured and unstructured data in a ‘Software as a Service’ architecture (SaaS), and has been designed to address the needs of researchers with little experience in working with text mining tools as well as experienced researchers with substantial knowledge of the R language. It supports the quantitative evaluation of large amounts of qualitative data using text mining methods, including organising data into subcorpora, annotating and classifying data with active learning, and representing data and topics over time. We introduce the software and present a real application use case",,,,en,,presentation,,2023,,isPartOf:https://www.berd-nfdi.de/berd-academy/aitext-2023/,,
4ea838f2-66db-4c44-9e62-2929af973c3d,"Eckart, Thomas * Körner, Erik",proprietary,https://www.berd-nfdi.de/wp-content/uploads/2023/10/AI-text-2-Wortschatz_export.pdf,Working with English News Corpora in the Leipzig Corpora Collection,Text+,"The Leipzig Corpora Collection (LCC) contains up-to-date and time-stamped crawled news data for more than 900 corpora in more than 250 languages. We shall present the available data for corpora in English using the (No)Sketch Searchengine, including their metadata such as publication date, or subject area, and demonstrate by way of example how the corpora can be used for an application in the social sciences using a complex search environment enhanced by linguistic pre-processing.",,,,en,,presentation,,2023,,isPartOf:https://www.berd-nfdi.de/berd-academy/aitext-2023/,,
4fd550c3-43ab-4549-9c41-72e672fce34d,"Schröder, Christopher",proprietary,https://www.berd-nfdi.de/wp-content/uploads/2023/10/AI-text-3-Active-Learning.pdf,Active Learning with (L)LMs: State of the Art and Practical Challenges,BERD@NFDI,"Following a brief introduction to Active Learning, we shall demonstrate how the Active Learning Library Small-Text can be applied to a “Words-of-the-Day”-Corpus of the Leipzig Corpora Collection. In addition we shall discuss how LLMs can be used for social science research, and how they can be optimised with respect to performance and memory requirements.",,,,en,,presentation,,2023,,isPartOf:https://www.berd-nfdi.de/berd-academy/aitext-2023/,,
0ce4ad11-7afb-49be-be14-fe2ebcba851b,"Heist, Nicolas ",proprietary,https://www.berd-nfdi.de/berd-academy/data-science-with-python/,Data Science with Python,BERD@NFDI,"You want to learn Python for Data Science, but don’t find the time to visit synchronous courses regularly? Register for this free self-paced course and learn all you need to start with Python on your own schedule!",,,,en,,,novice * advanced beginner * competent,,,,,
383a0301-0783-482e-b210-1a3f43df86ae,"Gehrmann, Leoni",proprietary,https://www.berd-nfdi.de/berd-academy/soon-data-science-with-r/,Data Science with R,BERD@NFDI,"You want to learn R for Data Science, but don’t find the time to visit synchronous courses regularly? Register for this free self-paced course and learn all you need to start with R on your own schedule!",,,,en,,,novice * advanced beginner * competent,,,,,
00855e6b-ebc6-422b-a2d5-7caa58569a9b,Team: https://slds-lmu.github.io/i2ml/team/,CC-BY-4.0,https://slds-lmu.github.io/i2ml/,Introduction to Machine Learning (I2ML),BERD@NFDI,Dive into Machine Learning (ML) on your own pace. This extensive online course from LMU Munich experts starts with the basics and guides you to the more advanced components of Machine Learning.,,,,en,,,,2022,student (BA) * student (MA),,,
cdf91845-a027-4bbf-b837-3eebad17d536,PUNCH4NFDI : {organization},proprietary,https://indico.desy.de/event/40559/,"Deep Learning School ""Basic Concepts""",PUNCH4NFDI,"In a comfortable ambience, intensive classes on Neural Network Building Blocks, Mastering Model Building and Convolutional Neural Networks will be held over 4 days. On the fifth day, a Career Developpment Workshop for ErUM-Scientists will take place. The workshop is aimed at deep-learning starters from all ErUM communities (Research on Universe and Matter) who have a basic knowledge of physics.",,,,en,,,,2024-02-26,,,,
1c6e7bd0-07d5-4a92-9548-e270ef12d18e,PUNCH4NFDI : {organization},proprietary,https://indico.desy.de/event/40133/,Fast and Efficient Python Computing School,PUNCH4NFDI,"In this school you will learn how Python code can be accelerated. A focus will be placed on numeric NumPy-like array computations. In addition, running these array computations on hardware accelerators, i.e., GPUs, will play a key role in this school. 
The school is intended for young researchers - especially for PhD students - who regularly work with the scientific Python ecosystem. Requirements are good knowledge of the scientific Python ecosystem, basics of the C++ programming language are beneficial.
The school (see timetable) is split into five parts of which three are keynote lectures with hands-on tutorials. The other two comprise an opening talk and a coding group challenge for the participants.
A fee of 300€ will be charged for participation in the workshop.",,,,en,,,,2024-08-19,,,,
dcea2252-301d-4a84-9f44-c5b49a3a9565,PUNCH4NFDI : {organization},proprietary,https://indico.desy.de/event/40560/,Advanced Deep Learning - Active training course,PUNCH4NFDI,"The Active Training Course ""Advanced Deep Learning"" will take place over 4 days at Bernhäuser Forst in Filderstedt. The event serves the professional education of young scientists belonging to the ErUM Community and is being organized by the community organization DIG-UM with support from the BMBF-funded ErUM-Data-Hub. 
The intensive course on Transformers, Normalizing Flows and Autoencoders will be held from 21.05.24 - 24.05.24. The course includes a challenge to be worked out and presented by participant subgroups. The workshop is aimed at deep-learning enthusiasts from all ErUM communities (Research on Universe and Matter) who have prior knowledge of neural networks and applied basic concepts of deep learning. 
A fee of 300€ will be charged for participation in the course. The workshop fee includes the cost of the workshop, accommodation and catering. Registration closes tba.
Read here about the first Active Training Course ""Advanced Deep Learning"" in November 2022.",,,,en,,,,2024-05-21,,,,
45caa283-2e8c-439e-bd93-3dcd659e23c2,PUNCH4NFDI : {organization},proprietary,https://indico.desy.de/event/40586/,Deep Learning - Train-the-Trainer Workshop,PUNCH4NFDI,"This is the fifth Deep Learning Train-the-Trainer Workshop organized by the ErUM-Data-Hub with the support of DIG-UM.
Aim of this workshop is to educate lecturers for future teaching activities and to provide material to give lecture series on deep learning, including hands-on-exercises. Covered topics will be Neural Network Building Blocks & Mastering Model Building, Convolutional Neural Networks & Graph Convolutions and Generative Models. 
This workshop is addressed to scientists from all ErUM communities with prior knowledge of neural networks with an academic level of postdoc or higher. 
All attendees should be willing to give deep learning lectures at schools and workshops in the future.
A fee of 80€ will be charged for participation in the workshop.
You can find reviews of past workshops here.",,,,en,,,,2024-03-25,,,,
4cd68a77-e6c0-4c68-b563-c1a6596091d6,"Khalatyan, Arman * Quadt, Arnulf * Achkar, Baida * Sacchi, Elena * Enke, Harry",proprietary,https://indico.desy.de/event/42921/,PYA training on REANA,PUNCH Young Academy,"REANA is a reusable analysis platform allowing scientists to run containerised data analysis pipelines on remote compute clouds. This makes it easy to structure the analysis in a reprobucible way, enabling future reuse.",,,,en,,,,2024-02-06,,,,
63663481-d8a6-4224-90b7-da40b9b34ee7,"Achkar, Baida * Grunwald, Cornelius * Gaertner, Lorenz Ennio * Wigard, Michael * Malavasi, Nicola",proprietary,https://indico.desy.de/event/40315/,training on JupyterHub service,PUNCH Young Academy,"In this training you will learn about a number of tools and services that are developed and/or widely used by the PUNCH communities. The selection of these tools has be performed to meet the needs and expectations of the early-stage career scientists in PUNCH4NFDI consortium. The tools will be explored in a thrilling alternation of explanation, discussion and practical sessions.",,,,en,,,,2023-10-11,,,,
5e4fd35a-4d04-425f-9de9-feb51352e69d,NFDI4Ing Special Interest Group RDM Training & Education : {organization},CC-BY-4.0,https://nfdi4ing.pages.rwth-aachen.de/education/education-pages/dlc-datalifecycle/html_slides/dlc1.html#/,Forschungsvorhaben planen,NFDI4Ing,,,,,de,,,,,,,,
6b547c70-0a5b-4380-9d6f-3010c8bec05c,NFDI4Ing Special Interest Group RDM Training & Education : {organization},CC-BY-4.0,https://nfdi4ing.pages.rwth-aachen.de/education/education-pages/dlc-datalifecycle/html_slides/dlc2.html,Daten erheben,NFDI4Ing,,,,,de,,,,,,,,
249176da-14f4-413e-a918-3eca3091a72b,NFDI4Ing Special Interest Group RDM Training & Education : {organization},CC-BY-4.0,https://nfdi4ing.pages.rwth-aachen.de/education/education-pages/dlc-datalifecycle/html_slides/dlc4.html,Daten teilen und publizieren,NFDI4Ing,,,,,de,,,,,,,,
55348124-3b74-4bc0-8e77-9665d14b5d87,NFDI4Ing Special Interest Group RDM Training & Education : {organization},CC-BY-4.0,https://nfdi4ing.pages.rwth-aachen.de/education/education-pages/dlc-datalifecycle/html_slides/dlc5.html,Forschungsdaten archivieren,NFDI4Ing,,,,,de,,,,,,,,
265ffc9c-038c-430b-b36e-875c6c9e62ea,NFDI4Ing Special Interest Group RDM Training & Education : {organization},CC-BY-4.0,https://nfdi4ing.pages.rwth-aachen.de/education/education-pages/dlc-datalifecycle/html_slides/dlc6.html,Forschungsdaten nachnutzen,NFDI4Ing,,,,,de,,,,,,,,
3dc9a075-0a72-4a2d-9dd1-ddbf51c0d297,"Sponholz, Gerlinde",proprietary,https://ombudsman-fuer-die-wissenschaft.de/2895/lehrmaterialien-zur-gwp/,Curriculum für Lehrveranstaltungen zur guten wissenschaftlichen Praxis,KonsortSWD,"Das (fachbereichsübergreifende) Curriculum zur guten wissenschaftlichen Praxis von 2011 ist in 2019 umfassend überarbeitet worden (Download hier, inklusive Anlage aktualisierter Links von 2023). Eingegangen sind die praktischen Erfahrungen der Autorin, Frau PD Dr. Dr. Gerlinde Sponholz, sowie weiterer erfahrener GWP-Trainer*innen. Die Erfahrungen des „Ombudsman für die Wissenschaft“ flossen – auch mit Blick auf die Prävention von Konflikten – u.a. in das Kapitel „Umgang mit Konflikten und wissenschaftlichem Fehlverhalten“ ein. Auch aktuelle Themen wie der Umgang mit (digitalen) Daten, der Umgang mit Fake Journals und der neu erschienene DFG-Kodex wurden eingearbeitet. Neu ist eine Checkliste mit Fragen, die insbesondere bei der Konzeption eines Kurses beachtet werden sollten. Zudem gibt es nun zu jedem Modul eine separate Literatur- und Materialsammlung, die die Illustration der Kursinhalte erleichtert.

Sie können das Curriculum von 2019 sowie die Liste aktualisierter Links von 2023 auch separat herunterladen.",,PDF,,de,,text,,2019,,,2.6,
941164e4-2605-425c-bc11-330819806fe8,KonsortSWD : {organization},CC-BY-4.0,https://www.forschungsdaten-bildung.de/stamp-nutzen,Der Standardisierte Datenmanagementplan für die Bildungsforschung (Stamp),KonsortSWD,"Der Standardisierte Datenmanagementplan für die Bildungsforschung (Stamp) liefert konkrete Handlungsanweisungen zu Planung, Umsetzung und Dokumentation von Maßnahmen des Datenmanagements. Der Stamp besteht aus einem  Basismodul und acht inhaltlichen Modulen. Im Basismodul werden allgemeine Angaben zum Forschungsvorhaben, den Daten und den zu managenden Dateien erfasst. Das Basismodul strukturiert das Datenmanagement und liefert wesentliche Informationen z. B. für Anträge, Berichte oder Begutachtungen. Die acht inhaltlichen Module liefern konkrete Handlungsanweisungen zum Datenmanagement rund um Forschungsethik, Datenschutz, Urheberrecht, Nachvollziehbarkeit, Verfügbarkeit, Langfristsicherung und Verantwortlichkeiten und Aufwände.",,PDF,Planung * Realisierung * Dokumentation * Forschungsethik * Datenschutz * Urheberrecht * Langfristsicherung * Verantwortlichkeit * Aufwand * Verfügbarkeit * Nachvollziehbarkeit * Datenmanagement;,de,,,,2023-03-01,,,3.7,
88488c9c-91e1-4cb8-8257-f1be34cd4fcd,"Murray, Neil",CC-BY-4.0,https://zenodo.org/records/7413901,RDCnet: Connecting guest researcher workstations to provide secure access to sensitive microdata,KonsortSWD,"Presentation on the general concept and implementation of the RDCnet at the workshop ""Sensitive Research Data in Switzerland"" (Bern, November 25, 2022).",,PDF,Sensetive Research Data * RDCnet * Guest Researcher Workstations * Secure Remote Access;,en,,presentation,,2022-12-08,,,2.9,
df176b4f-db35-427e-89bb-367048bb6e3a,GFBio : {organization},CC-BY-3.0,https://www.youtube.com/watch?v=PFoFHOD1sVw&list=PL06Unzn1hDrjw4nOQk7ZfZmZ8vJ48aDy_,Introduction to Tidy data - Tidy Data part 1,NFDI4Biodiversity,"This video is part of the Data Science for Ecologists in R series and gives an introduction on what tidy data is and why we should use tidy data.

Links: 
https: https://www.r-project.org RStudio: https://www.rstudio.com/products/rstu... Git Repository: https://github.com/DataScience4Ecolog...","Data Science, Ecology",,Data Science * R,en,,,,2021-09-10,,,,
35136f41-8711-4aa9-980f-72c1177e844c,GFBio : {organization},CC-BY-3.0,https://www.youtube.com/watch?v=5uc7pesJ7Nk&list=PL06Unzn1hDrjw4nOQk7ZfZmZ8vJ48aDy_&index=2,Data preparation - Tidy Data part 2,NFDI4Biodiversity,"This video is part of the Data Science for Ecologists in R series and gives an introduction on what tidy data is and why we should use tidy data.

Links: 
https: https://www.r-project.org RStudio: https://www.rstudio.com/products/rstu... Git Repository: https://github.com/DataScience4Ecolog...",Data Science,,Data Science * R,en,,,,2021-11-08,,,,
f6198f9b-a844-4d68-8113-48f18caa597d,GFBio : {organization},CC-BY-3.0,https://www.youtube.com/watch?v=DhL4uOtmc48&list=PL06Unzn1hDrjw4nOQk7ZfZmZ8vJ48aDy_&index=3,Importing data in R - Tidy Data part 3,NFDI4Biodiversity,"This video is part of the Data Science for Ecologists in R series and gives an introduction on what tidy data is and why we should use tidy data.

Links: 
https: https://www.r-project.org RStudio: https://www.rstudio.com/products/rstu... Git Repository: https://github.com/DataScience4Ecolog...",Data Science,,Data Science * R,en,,,,2021-11-12,,,,
03e50e54-8624-4766-bb10-5a9568feb082,GFBio : {organization},CC-BY-3.0,https://www.youtube.com/watch?v=9sQ_ipicsTA&list=PL06Unzn1hDrjw4nOQk7ZfZmZ8vJ48aDy_&index=4,Tidy Data 4 - Importing Data into R Structuring and summarizing Data,NFDI4Biodiversity,"This video is part of the Data Science for Ecologists in R series and gives an introduction on what tidy data is and why we should use tidy data.

Links: 
https: https://www.r-project.org RStudio: https://www.rstudio.com/products/rstu... Git Repository: https://github.com/DataScience4Ecolog...",Data Science,,Data Science * R,en,,,,2022-07-18,,,,
96a4087e-26cf-4137-851e-1ad7c71eb812,GFBio : {organization},CC-BY-3.0,https://www.youtube.com/watch?v=lEbr7hoZFQw&list=PL06Unzn1hDrizkhhD0L9nROFnfqxtBVwY,Linear models 1 - The Normal distribution,NFDI4Biodiversity,This video is part of the Data Science for Ecologists in R series and shows how to do linear models in R,Data Science,,,en,,video,,2022-06-27,,,,
637068fc-de37-4e88-8700-937ba99d4575,"Zhou, Xiaoran * Usadel, Björn",GPL-3.0,https://github.com/nfdi4plants/dataplan,DMP Generator,DataPLANT,,,,Data management plan,en,,,,,,,,
8a7901dc-d0f6-4bf1-ac95-48a85a80c814,Nationale Forschungsdateninfrastruktur (NFDI) : {organization},proprietary,https://www.nfdi.de/sektionen/,"Gemeinsam zum Ziel: Zusammenarbeit in Sektionen: Konzepte der NFDI-Sektionen „Common Infrastructures“, „Ethical, Legal and Social Aspects“, „(Meta)daten, Terminologie und Provenienz“, „Training & Education„",KonsortSWD,,,HTML,,de,Webpage,text,,2022,,,,
51aaceff-0bb5-4d76-b009-64027861a5c5,British Educational Research Association : {organization},CC-BY-NC-ND-2.0,https://www.bera.ac.uk/publication/twitter-data-collection-informed-consent,"BERA Research Ethics Case Studies: 1. Twitter, data collection & informed consent.",KonsortSWD,,,PDF,,en,Case Study,,,2019,,,0.2,
4c6872e9-ccf6-4ec9-a3b4-d323502f5232,British Educational Research Association : {organization},CC-BY-NC-ND-2.0,https://www.bera.ac.uk/publication/researcher-wellbeing-international-fieldwork,BERA Research Ethics Case Studies: 2. Researcher wellbeing & international fieldwork,KonsortSWD,,,PDF,,en,Case Study,,,2019,,,0.2,
9f5e1c8c-90bc-4ea2-a135-2eec201e280d,British Educational Research Association : {organization},CC-BY-NC-ND-2.0,https://www.bera.ac.uk/publication/anticipating-the-application-unintended-consequences-of-practitioner-research,BERA Research Ethics Case Studies: 3. Anticipating the application & unintended consequences of practitioner research.,KonsortSWD,,,PDF,,en,Case Study,,,2019,,,0.2,
7c75deae-1c1d-46c8-91fc-7f590e851ffb,"European Commission – Science Polixy, Advice & Ethics Unit : {organization}",proprietary,https://www.youtube.com/watch?v=QJtGzWmBQBw,"Horizon Europe: Key Changes to the Ethics Appraisal Process: Key changes to the Ethics Appraisal Process, identifying Serious complex issues, and addressing ethics of Artificial Intelligence.",KonsortSWD,,,,,en,Case Study,,,2021-07-09,,,,
9d6285d6-18ae-4765-9e62-f07bf3c10a10,Forschungsdatenmanagement Bayern : {organization},CC-BY-3.0,https://www.youtube.com/channel/UC5CCijOlCLxMKO4PIjE5-fg/search?query=rdmo,Tutorials für FDM,KonsortSWD,,,,,de,,,,,,,,
0d1c6a5e-f0a8-43b4-8883-bd312c92bdc3,Gesellschaft für Informatik e.V. : {organization},CC-BY-NC-SA-3.0,https://gewissensbits.gi.de/,Gewissensbits: Fallbeispiele zu Informatik und Ethik,KonsortSWD,,,,,de * en,Case Study,,,2021,,,,
866b4614-376b-4c48-95c2-9cea4f10da2e,"Zhang, Yudong * Baran, Erdal * Zloch, Matthäus * Mühlbauer, Alexander * Klas, Claus-Peter * Mutschke, Peter",Apache-2.0,https://zenodo.org/records/5914219,KonsortSWD PID Registrator,KonsortSWD,The purpose of this software is to enable registering any object with an existing PID handle server based on the ePIC API.,,,NFDI * PID * DOI * Registration * ePIC * da|ra;,en,,code,,2022-01-31,,,0.3,
7816be63-7fcf-4723-b5df-cbf818b15165,ZBW : {organization} * GESIS : {organization} * RatSWD : {organization},CC-BY-SA-3.0,https://auffinden-zitieren-dokumentieren.de/,Auffinden – Zitieren – Dokumentieren,KonsortSWD,Wegweiser zum Umgang mit quantitativen Forschungsdaten,,HTML,Auffinden * Dokumentieren * Zitieren;,de,Webpage,text,,2014,,,,
e72c9f16-3855-4b58-ac61-0ed70f137e3f,"Altenhöner, Reinhard * Oellers, Claudia",proprietary,https://www.konsortswd.de/publikation/langzeitarchivierung-von-forschungsdaten/,Standards und Disziplinspezifische Lösungen,KonsortSWD,"Die Langzeitarchivierung von Forschungsdaten ist eine Voraussetzung für gute wissenschaftliche Praxis. Sie weist drei zentrale Bereiche auf: die Dokumentation der Forschungsdaten, deren langfristige Aufbewahrung sowie die Bereitstellung eines Zugangs zu den Daten. Ohne diese infrastrukturellen wie organisatorischen Voraussetzungen sind die Daten für die wissenschaftliche Sekundärnutzung, also für die Überprüfung von Ergebnissen und auch für die Beantwortung neuer Forschungsfragen nur eingeschränkt verfügbar. Das vorliegende Buch gibt einen Überblick über bestehende Standards und liefert einen Beitrag zur Diskussion über Voraussetzungen zur Archivierung von Datenbeständen. Es ist somit gleichermaßen für Infrastruktureinrichtungen, Fachbibliotheken, Archive, Wissenschaftler und alle, die im weitesten Sinne mit der Verfügbarmachung von Forschungsdaten betraut sind, lesenswert.",,PDF,,de,,,,2012,,,5.2,
af9fe017-fe6b-4ff4-bfcf-61d33ddf7bbc,NFDI4Biodiversity : {organization},CC-BY-3.0,https://www.youtube.com/watch?v=UZNy855tzyY,"""Who owns my data?"" - Workshop by Dr. Amber Hartman Scholz at the SFE2 GfÖ EEF Joint Meeting 2022",NFDI4Biodiversity,"""Who owns my data? On our way to open data - Nagoya and beyond!"" - under this workshop titel, Dr. Amber Hartman Scholz presents the facts of the Nagoya Protocol at the SFE2 GfÖ EEF Joint Meeting, the International Conference on Ecological Sciences 2022. She is Head of Science Policy Department and Deputy to the Director at the Leibniz Institute DSMZ, the German Collection of Microorganims and Cell Cultures, and an expert in science policy, microbiology and genomics. The DSMZ is one of the about 50 partner institutions of NFDI4Biodiversity.
In this workshop, she presents the current debate on whether digital sequence information (DSI) is subject to the Nagoya Protocol and why the answer to this question could have serious implications on global research.

More information about NFDI4Biodiversity can be found on our website (www.nfdi4biodiversity.org) and on Twitter (@NFDI4Biodiv).",,,,en,,video,,2023-04-18,,,,
749871e6-bb7b-42aa-ac3a-241f28cdd5ec,NFDI4Biodiversity : {organization},CC-BY-3.0,https://www.youtube.com/watch?v=3k64WHbwy8I,Wind of Change – Sharing is Caring: How to Improve Research Data & Its Benefits in the Life Sciences,NFDI4Biodiversity,"What needs to happen to establish conscientious research data management in the disciplines of the life sciences? How can researchers be convinced and reservations be overcome? These were the questions addressed in a highly interesting panel discussion on February 16, 2023, jointly organised by the NFDI consortia NFDI4Biodiversity, DataPLANT, NFDI4Health and NFDI4Microbiota.

Panelists were Dr. Barbara Ebert (NFDI4Biodiversity), Prof. Dr. Konrad Förstner (NFDI4Microbiota), Prof. Dr. Björn Usadel (DataPLANT) and Prof. Dr. Iris Pigeot (NFDI4Health). The discussion was moderated by Dr. Kerstin Elbing (Verband Biologie, Biowissenschaften und Biomedizin in Deutschland e. V. – VBIO).

The discussion was introduced by keynote speeches from Dr. Martin Friedrichs-Manthey (NFDI4Biodiversity), Prof. Dr Björn Usadel and Prof. Dr Iris Pigeot.

The event was part of the Love Data Week 2023, an international week of action to discuss and reflect on research data together. Under the motto ""Data: Agent of Change"" the Love Data Week 2023 was celebrated worldwide from 13-17 February with numerous events on a wide range of research data management (RDM) topics.",,,Life Science * Research Data;,en,,,,2023-03-24,,,,
a68e3fc8-03b3-4836-824f-dd1bd96ad6e5,"Brilhaus, Dominik * DataPlant : {organization}",CC-BY-4.0,https://www.youtube.com/watch?v=Ay9e3mkT8R0,Introduction to the ARC,DataPLANT,what is annotated research context (ARC)?,,,,en,,video,,2023-05-17,,,,
e65325f3-c8c7-457f-92be-104031e63801,"Brilhaus, Dominik * DataPlant : {organization}",proprietary,https://www.youtube.com/watch?v=n6hMdP1aTNs,Share your Data using the DataHUB,DataPLANT,how to share the ARC?,,,,en,,video,,2024-05-17,,,,
cece975d-8f82-46d5-91db-117ac49ee908,DataPlant : {organization},proprietary,https://www.youtube.com/watch?v=3Ig2F27oA2g,Installing Swate Online,DataPLANT,how to use swate in excel online?,,,,en,,video,,2021-05-10,,,,
911cf7d9-43e7-4280-982e-c3da1f4fb4da,"Dörpholz, Hannah * Usadel, Björn * Kranz, Angela",CC-BY-4.0,https://zenodo.org/records/8405208,Using Container Ontologies Built on ISA for (Meta)data Quality Analysis in Transcriptomics,DataPLANT,"Research data management is essential for scientific research, enabling interoperability, reproducibility and sharing of knowledge. The ARC Container, a research data container developed in DataPLANT, is built upon ISA and structures experimental (meta)data hierarchically. The corresponding ARC Container Ontology offers a graph representation of the ARC, linking all concepts and attributes together in a semantic network. This ontology facilitates additional analyses and metadata inference, based on structured experimental data. We demonstrate its use for analyzing single cell RNA sequencing data from Arabidopsis thaliana from public datasets. By querying quality scores for the data files and the experimental parameters, we investigate the relationship between raw data quality and the experimental setup. In the future, the ARC Container Ontology will be expanded to cover additional standards to ISA and applied to data types from different methodologies in order to facilitate extensive analyses for diverse data in plant sciences.",,PDF,"ontology, ARC, research data management, dataPLANT",en,Poster,image,,2023-10-04,,,2.2,
47125412-fb07-4b3b-b6ad-de623c57d6b5,"Engel, Judith Sophie * Kostadinov, Ivaylo * Linares, Jimena * Frey, Kevin * von Suchodoletz, Dirk * Martins Rodrigues, Cristina",CC-BY-4.0,https://zenodo.org/records/8356211,Optimizing User Support through Synergistic Integration of Helpdesk Systems,DataPLANT,"Helpdesks are an essential platform to engage with users around the central topics and services offered by the NFDI consortia. Thus, many consortia are planning to provide such a point of contact for the community. Topics to be covered by all helpdesks include both general and discipline specific Research Data Management (RDM)-related questions. Several consortia already offer helpdesks from previous developments, others have implemented or are in the process of implementing one.

The organization and technical backbone of helpdesks can be very diverse and can either be based on existing systems or be implemented and developed from scratch. In this abstract, we discuss both variants on the example of the existing systems of NFDI4Biodiversity and DataPLANT. With this example, we would like to start the discussion on potential joint helpdesk efforts in the NFDI community. Combining our efforts certainly offers many advantages, but it also poses challenges that we want to overcome together, with the goal of OneNFDI and, above all, user-friendliness in mind.",,PDF,"Support, Helpdesk, OneNFDI, User-friendliness, Cross-Cutting, NFDI4Biodiversity, DataPLANT",en,Poster,image,,2023-09-18,,,1.2,
bbf3ee6e-5ec0-433a-bf67-52de39aee1d2,"Bauer, Jonathan * von Suchodoletz, Dirk
",CC-BY-4.0,https://zenodo.org/records/6630492,"NFDI ToolTalk: One roof, several services: Bringing together all DataPLANT efforts",DataPLANT,"Description
Slides of the presentation given on June 08, 2022 as part of the NFDI ToolTalk series. The presentation follows up on the status reached after one and a half year into DataPLANT services discussions and developments. It will show the general concept and the already implemented services and how they could fit into either local or centralized research infrastructures. In the future these services may run on-top of future NFDI base services or integrate NFDI base service components like AAI. DataPLANT services might as well be offered to a wider community beyond fundamental plant research.",,PDF,"Software Sustainability, nfdi4plants, DataPLANT, Nationale Forschungsdateninfrastruktur, NFDI, Open Science, Research Data Management, RDM service infrastructure, ToolTalk",en,,presentation,,2022-06-08,,,1.8,
735aa0ba-a692-4eb2-bfc7-32df8febd89d,"Kuhl, Martin",CC-BY-4.0,https://nfdi4plants.github.io/nfdi4plants.knowledgebase/fundamentals/research-data-management/,"Research Data Management
",DataPLANT,,,HTML,,en,Webpage,text,,,,,,
81229d6a-e9f8-4ce2-964b-c69fdd710d12,"Kuh, Martin * Eggels, Stella",CC-BY-4.0,https://nfdi4plants.github.io/nfdi4plants.knowledgebase/vault/swate-quickstart/,"Swate QuickStart
",DataPLANT,,,HTML,,en,Webpage,text,,,,,,
834bea75-07b6-4cf8-84a4-4b311bc32d7f,"Kranz, Angela * Dumschott, Kathryn * Eggels, Stella * Dörpholz, Hannah",CC-BY-4.0,https://nfdi4plants.github.io/nfdi4plants.knowledgebase/fundamentals/ontology-service-landscape/,"Ontology Service Landscape
",DataPLANT,,,HTML,,en,Webpage,text,,,,,,
7e436521-6652-4d2b-bd24-2bf45e33e84f,"Linke, David",CC-BY-4.0,https://zenodo.org/records/10200920,voc4cat* - The NFDI4Cat service for collaborative management of terms in the field of catalysis,NFDI4Cat,"Slides from the 10 min talk given in the Workshop ""Exploring the Ontology Landscape for Catalysis Research Data"" which was embedded in the ADCR 2023 conference (Frankfurt, 2023-11-02/03).",,PDF,SKOS * vocabulary * catalysis * FAIR-data * NFDI4Cat,en,,presentation,,2023-11-23,,,0.7,
772ec801-6be8-45e9-9519-5c64af56411d,"Linke, David * Kushnarenko, Volodymyr * Rodrigues, Preston",CC-BY-4.0,https://zenodo.org/records/10200987,PIDs in the Field of Catalysis – What can NFDI4Cat offer?,NFDI4Cat,"Poster to stimulate discussions about a solution for PIDs for samples, devices etc.. - We compare different PID systems and outline our current approach which is based on the handle system.",,PDF,,en,Poster,image,,2023-11-23,,,0.8,
71b80aa5-3fcc-47de-93e7-dea91c6c5239,"Khatamirad, Mohammad * Bianca, Wentzel",CC-BY-4.0,https://zenodo.org/records/10390105,Piloting Data Science Tools within a Local Data Infrastructure for Heterogeneous Catalysis – NFDI4Cat,NFDI4Cat,This poster was presented in the ADCR poster session in Novermber 2023.,,PDF,,en,Poster,image,,2023-12-15,,,1.2,
1fe63943-90f2-4ccc-acb4-c4544dc094bf,"Nieva de la Hidalga, Abraham * Liborio, Leandro * Austin, Patrick * González-Beltrán, Alejandra",CC-BY-4.0,https://zenodo.org/records/10172120,Publishing reproducible results supported by FAIR data,NFDI4Cat,"We discuss two techniques for processing and analysing data that at the same time generate the required metadata to create FAIR digital objects. These objects can then be published as supporting information for the results obtained. This approach requires minimum intervention from the researcher performing the processing and analysis tasks. Consequently, these methods are ideal for improving the practices of publishing data, facilitate reproducibility of results, and support greater reuse of published data. Both techniques produce the metadata required for reproducing the results, including data used, parameters set at each stage, sequence of operations and mapping between inputs and outputs. The use of these type of tools reduces the work for documenting supporting data, enables comparison of results when varying parameters, and supports exploratory testing of different parameter combinations.",,PDF,,en,Poster,image,,2023-11-21,,,0.7,
9dea7b52-ba87-456c-b7cc-830d2bd47c69,"Linke, David * Moustakas, Nikolaos G.",CC-BY-4.0,https://zenodo.org/records/10200694,voc4cat - A SKOS vocabulary for the catalysis disciplines. From proof of concept to a reliable service.,NFDI4Cat,"A poster presented at the ADCR 2023 conference (Frankfurt, 2-3/11/2023), describing a user-friendly tool for the community - driven development and curation of a SKOS catalysis-related vocabulary. The development of a catalysis-related vocabulary is an ongoing process performed over the course of Task Area 1: Ontology Development and Metadata Standards of the NFDI4Cat project (DFG, ID: 441926934).",,PDF,SKOS * vocabulary * catalysis * FAIR-data * NFDI4Cat,en,Poster,image,,2023-11-23,,,0.8,
4321068e-6285-4c25-abb0-a108f8441762,"Rohde, Philipp * Iglesias, Enrique * Vidal, Maria-Esther",CC-BY-4.0,https://zenodo.org/records/10591442,FedORKG: Accessing Federations of Open Research Knowledge Graphs,NFDI4Energy,,,PDF,Federated Access * Federated Query Processing * Open Research,en,,text,,2024-01-30,,,0.07,
c70060a0-a2e1-49c5-a17c-d1f192002619,"Ferenz, Stephan * Nieße, Astrid",CC-BY-4.0,https://zenodo.org/records/10532301,Improved Findability of Energy Research Software by Introducing a Metadata-based Registry,NFDI4Energy,,,PDF,Interoperability * Digital Libraries * Energy Research * FAIR * Research Soft-ware * Metadata * Open Source Software * Software Reusability,en,,text,,2024-01-19,,,0.4,
016ef2f6-a10d-4421-ad0e-9515cc488391,"Nieße, Astrid * Ferenz, Stephan * Frost, Emilie",CC-BY-4.0,https://zenodo.org/records/7937282,Research Data Management for Energy Systems Research,NFDI4Energy,"The National Research Data Infrastructure Germany (NFDI) aims to systematically assess valuable data from
science and research, and make them usable sustainably and qualitatively for the entire German science sys-
tem. With NFDI4Energy as a consortium driven by German energy system researchers heavily involved in ener-
gy informatics, the first energy consortium in this field has been established in 2023. The keynote will give in-
sights into the motivation for and main challenges in this area, thus showing which community services
NFDI4Energy will deliver to the research community including industry and public partners. The talk will link
these project goals with European activities in research data management and show connections to topics of
international standardization.",,PDF,,en,,presentation,,2024-05-15,,,2.8,
46ba6fa6-b872-4885-bb6f-97af843aac11,"Karras, Oliver * Göpfert, Jan * Kuckertz, Patrick * Pelser, Tristan * Auer, Sören",CC-BY-4.0,https://zenodo.org/records/10560077,Organizing Scientific Knowledge From Energy System Research Using the Open Research Knowledge Graph,NFDI4Energy,,,PDF,Energy System Research * FAIR * Open Science * Scenario * Scientific Knowledge * Scientific Communication * Infrastructure * Knowledge Graph * Ontology,en,,text,,2024-01-24,,,0.4,
7ab46ca8-f096-4600-8e6c-5f5f0614cf0a,"Nieße, Astrid * Ferenz, Stephan *  Auer, Sören * German, Reinhard * Hagenmeyer, Veit * Lehnhoff, Sebastian * Liliestam, Johan * Monti, Antonello * Richter, Mascha * Vogel, Berthold * Weidlich, Anke * Weinhardt, Christof",CC-BY-4.0,https://zenodo.org/records/7314122,National Research Data Infrastructure for Interdisciplinary Energy System Research,NFDI4Energy,"nfdi4energy is a new consortium recommended for funding in the third and final funding round of the National Research Data Infrastructure (NFDI). It focuses on energy system research which heavily rely on modelling and (co-)simulation-based approaches. Tracking of models together with all data creates a complex software and data management challenge, which needs to be addressed in each research project. Therefore, the handling of research data and software presents a key motivation for nfdi4energy.

To this end, nfdi4energy covers the whole research and transfer cycle of projects in energy system research ranging from (1) identifying relevant competencies for a research field; (2) defining relevant scenarios and experimental setup; (3) integrating models and data, coupling tools and laboratories; (4) extracting results, facilitating public consultation; to (5) identifying research challenges for follow-up activities.

We define the following key objectives for nfdi4energy: (1) Establish common research community services for FAIR data, models, and processes in energy system research and motivate its use in the community. (2) Allow traceability, reproducibility, and transparency of results for the scientific community as well as for the society, improving the overall FAIRness. (3) Enable and motivate the involvement of society for the identification and solution of relevant research questions. (4) Promote better collaboration and knowledge transfer between scientific research institutes and business partners via FAIR research data management. (5) Simplify identification, integration, and coordination of simulation-based models. (6) Integrate the provided services for energy system research within the wider NFDI ecosystem to improve cross-domain collaboration.

With our poster we would like to present the general ideas behind nfdi4nergy and discuss possible connection points to energy system research, especially reflecting the needs of the research community.",,PDF,nfdi * research data management * energy research,en,Poster,image,,2022-11-08,,,0.6,
a195da8d-b19e-4934-9511-9369e60ccaa1,"Parker, Simon * Deschler, Katharina * Eufinger, Jan * Kirli, Koray * Kohlbacher, Oliver * Kuchenbecker, Lèon * Molnár-Gábor, Fruzsina * Schaffer, Mirjam * Schatlowski, Nicole * Stegle, Oliver * Struck, Matthias",CC-BY-4.0,https://zenodo.org/records/8391892,The Legal and Data Protection Concept for the Operation of the German Human Genome-Phenome Archive (GHGA),GHGA,"In this white paper we will describe the legal and data protection concept for GHGA, and how its development was shaped by the legal and data protection obligations under which GHGA operates.",biology * genomics,PDF,Data protection * Omics Archive * Data sharing,en,Report,text,,2023-09-28,,,0.6,
4d5de2dc-a027-48f9-8a55-c919339d4eca,"Iyappan, Anandhi * Mauer, Karoline * Menges, Paul * Sürün, Bilge * Tremper, Galina * Parker, Simon * Kırlı, Koray * Kraus, Florian * Unni, Deepak * Schultze, Joachim L. * Bork, Peer * Ulas, Thomas * Nahnsen, Sven * The GHGA Consortium : {organization}",CC-BY-4.0,https://zenodo.org/records/8341224,Metadata Schema for the German Human Genome-Phenome Archive,GHGA,"This White Paper summarizes the development of the German Human Genome-Phenome Archive (GHGA) Metadata Model and describes the modeling framework in detail. Further, it elaborates on implemented ontologies, data privacy considerations and alignment with other (inter-) national consortia.",biology * genomics,PDF,Metadata * FAIR * Data sharing * Ontology * Standards Guidelines * Genomic data * LinkML,en,Report,text,,2023-09-13,,,1.1,
5df551bb-65cf-41b3-ba24-c0400733213d,"Bruns, Andreas * Benet-Pages, Anna * Eufinger, Jan * Graessner, Holm * Kohlbacher, Oliver * Molnár-Gábor, Fruzsina * Parker, Simon * Schickhardt, Christoph * Stegle, Oliver * Winkler, Eva",CC-BY-4.0,https://zenodo.org/records/6828131,Consent Modules for Data Sharing via the German Human Genome-Phenome Archive (GHGA),GHGA,The German Human Genome-Phenome Archive (GHGA) is a research consortium which is currently establishing a federated data infrastructure allowing the secure storage of and controlled access to omics and related health data consented for scientific research use. This whitepaper contains guidance for Data Submitters on how to update their consent forms such that data may be shared via GHGA for secondary research use.,biology * genomics,PDF,Data sharing * Omics archive * Informed consent,en,Report,text,,2023-07-13,,,0.2,
fc6bc316-8fad-43b3-afa9-9845372273f9,"Unni, Deepak * GHGA Consortium : {organization}",CC-BY-4.0,https://zenodo.org/records/4954901,EATRIS Summer School in Precision Medicine - German Human Genome-Phenome Archive,GHGA,"GHGA aims to address the needs for establishing a national genome archive for human genome data while tackling challenges in data access, sharing, and privacy. GHGA aims provide a national infrastructure for secure and safe storage, access management, dissemination, and analysis of human omics data under a coherent ethical-legal framework. 

The core objectives of GHGA are as follows:

To build a platform for long-term FAIR data archival of human omics data that are being generated at the major omics centers in Germany
Provide Controlled access management and community-centric data sharing platforms
Provide an ethico-legal and data use framework for data sharing, protection and analysis
Enable distributed analytics to democratize data processing and research reuse
Establish strong interfaces with international genome initiatives and become THE german node in the new Federated EGA",biology * genomics,PDF,GHGA * Precision Medicine * EATRIS * NFDI * Federated EGA,en,,presentation,,2021-06-15,,,3.7,
edc3c715-ca0c-42b7-9500-4140903f13f6,"Hubaux, Jean-Pierre",proprietary,https://www.youtube.com/watch?v=xwklWFniCzw,GDPR-Compliant Federated Learning on Medical Data,GHGA,"This presentation was part of the GHGA lecture series ""Advances in Data-Driven Biomedicine"" and was chaired by Fruzsina Molnár-Gábor. GHGA stands for German Human Genome-Phenome Archive, you can find out more here: www.ghga.de",biology * genomics,,,en,,video,,2022-11-11,,,,
36939b01-5411-42cc-a220-718fc8f548aa,"Brunak, Søren",proprietary,https://www.youtube.com/watch?v=BZ0zax4Tlck&list=PLXMwmQxyLByWyzx2PNVp4Ed9vV_9IYBc5,"Individual-level, longitudinal data linkable to sequencing data in Denmark",GHGA,"This is a recording of a part of the symposium ""Data Infrastructures for Genomic Research in Europe"" for the GHGA Annual Meeting 2023. The speaker is Søren Brunak from the University of Copenhagen, Denmark.",biology * genomics,,,en,,video,,2023-11-07,,,,
9f7c054d-9c06-46cb-966d-12fb20df15ca,NFDIxCS : {organization},proprietary,https://nfdixcs.org/fileadmin/GI/Hauptseite/Aktuelles/Projekte/NFDIxCS/2021-09-27_NFDIxCS_DMV-Jahrestagung.pdf,Mathematics and Informatics within the NFDI,NFDIxCS,,,PDF,,en,,presentation,,2021-09-27,,,,
076c3a39-492b-4442-829c-95a24e774658,NFDIxCS : {organization},proprietary,https://nfdixcs.org/fileadmin/GI/Hauptseite/Aktuelles/Projekte/NFDIxCS/2021-09-30_NFDIxCS_Perspektiven-des-FMD.pdf,Forschungsdatenmanagement aus der Sicht der Informatik,NFDIxCS,,,PDF,,en,,presentation,,2021-09-30,,,,
ebea6318-64b0-4ca6-adc1-89f635ca0e23,"Koziolek, Anne",proprietary,https://nfdixcs.org/fileadmin/PR/NFDIxCS/koziolek2020-NFDIxCS_talk.pdf,"Artefakte aus der Softwareentwicklung als Daten
aus der Perspektive der Software-Technik-Forschung",NFDIxCS,,,PDF,,de,,presentation,,2020-06-09,,,,
ca7d2bef-66cb-4cc8-94bf-5abaaea505cf,NFDIxCS : {organization},proprietary,https://nfdixcs.org/documents,Webtalks,NFDIxCS,,,HTML,,de,Webpage,text,,,,,,
a916ec77-ba52-4147-a3f2-7015a57d91e1,"Cimiano, Philipp",CC-BY-4.0,https://www.youtube.com/watch?v=tU-bf627ons&t=3s,Forschungsdatenmanagement mit Conquaire,NFDIxCS,"Was bedeutet FAIRes Forschungsdatenmanagement für die Informatik? Mit welchen Herausforderungen sehen sich Wissenschaftler*innen im Forschungsalltag konfrontiert? Welche Lösungsansätze wurden in einzelnen Sub-Disziplinen erarbeitet? Wie kann der Transfer dieser Best Practices in andere Sub-Disziplinen gelingen?
Mit den Forschungsdaten-Soirees möchten wir als Gesellschaft für Informatik e.V. den Austausch zum Forschungsdatenmanagement (FDM) in der Informatik befördern und laden alle Interessierten ein, sich aktiv daran zu beteiligen. In kurzen Impulsvorträgen stellen einzelne Sub-Disziplinen der Informatik ihre Forschungsdaten sowie ihre spezifischen Herausforderungen und Lösungsansätze im FDM vor. Neben der Darstellung unterschiedlicher Forschungsdaten der Informatik ist jede Veranstaltung zudem einem FDM-Thema gewidmet, das disziplinübergreifend relevant ist und ebenfalls in kurzen Impulsvorträgen präsentiert wird. Vom Spezifischen kommen wir so ins Allgemeine und öffnen die Diskussion im Anschluss für alle Teilnehmenden. Dadurch soll ein niedrigschwelliger Austausch zum Forschungsdatenmanagement in der Informatik ermöglicht werden.",,,,de,,video,,2022-02-14,,isPartOf:https://nfdixcs.org/documents,,
8ffe04db-921f-4cff-b0ae-3c94cf72b4f6,"Boehm, Franziska * Trinitis, Carsten ",proprietary,https://www.youtube.com/watch?v=VYoNT5_CxT0&t=4s,Forschungsdaten-Soiree #3: Ethische und rechtliche Perspektiven im Forschungsdatenmanagement (FDM),NFDIxCS,"Was bedeutet FAIRes Forschungsdatenmanagement für die Informatik? Mit welchen Herausforderungen sehen sich Wissenschaftler*innen im Forschungsalltag konfrontiert? Welche Lösungsansätze wurden in einzelnen Sub-Disziplinen erarbeitet? Wie kann der Transfer dieser Best Practices in andere Sub-Disziplinen gelingen?

Mit den Forschungsdaten-Soirees möchten wir als Gesellschaft für Informatik e.V. den Austausch zum Forschungsdatenmanagement (FDM) in der Informatik befördern und laden alle Interessierten ein, sich aktiv daran zu beteiligen. In kurzen Impulsvorträgen stellen einzelne Sub-Disziplinen der Informatik ihre Forschungsdaten sowie ihre spezifischen Herausforderungen und Lösungsansätze im FDM vor. Neben der Darstellung unterschiedlicher Forschungsdaten der Informatik ist jede Veranstaltung zudem einem FDM-Thema gewidmet, das disziplinübergreifend relevant ist und ebenfalls in kurzen Impulsvorträgen präsentiert wird. Vom Spezifischen kommen wir so ins Allgemeine und öffnen die Diskussion im Anschluss für alle Teilnehmenden. Dadurch soll ein niedrigschwelliger Austausch zum Forschungsdatenmanagement in der Informatik ermöglicht werden.

In unserer 3. Forschungsdaten-Soiree widmeten wir uns den ethischen und rechtlichen Fragen im Forschungsdatenmanagement (FDM). Kurze Inputvorträge von Prof. Dr. Franziska Boehm (KIT) und Prof. Dr. Carsten Trinitis (TU München) bildeten die Grundlage für die anschließende Diskussion und können hier angeschaut werden.
",,,,de,,video,,2021-10-15,,isPartOf:https://nfdixcs.org/documents,,
484fef17-8087-448a-87ac-c900fd85667a,"Hoppe, Matthias",proprietary,https://www.youtube.com/watch?v=mZATXsqvSFY&t=3s,Forschungsdaten-Soiree #4: Mensch-Computer-Interaktion & Publikationsprozesse: Matthias Hoppe,NFDIxCS,"Was bedeutet FAIRes Forschungsdatenmanagement für die Informatik? Mit welchen Herausforderungen sehen sich Wissenschaftler*innen im Forschungsalltag konfrontiert? Welche Lösungsansätze wurden in einzelnen Sub-Disziplinen erarbeitet? Wie kann der Transfer dieser Best Practices in andere Sub-Disziplinen gelingen?

Mit den Forschungsdaten-Soirees möchten wir als Gesellschaft für Informatik e.V. den Austausch zum Forschungsdatenmanagement (FDM) in der Informatik befördern und laden alle Interessierten ein, sich aktiv daran zu beteiligen. In kurzen Impulsvorträgen stellen einzelne Sub-Disziplinen der Informatik ihre Forschungsdaten sowie ihre spezifischen Herausforderungen und Lösungsansätze im FDM vor. Neben der Darstellung unterschiedlicher Forschungsdaten der Informatik ist jede Veranstaltung zudem einem FDM-Thema gewidmet, das disziplinübergreifend relevant ist und ebenfalls in kurzen Impulsvorträgen präsentiert wird. Vom Spezifischen kommen wir so ins Allgemeine und öffnen die Diskussion im Anschluss für alle Teilnehmenden. Dadurch soll ein niedrigschwelliger Austausch zum Forschungsdatenmanagement in der Informatik ermöglicht werden.",,,,de,,video,,2022-06-26,,isPartOf:https://nfdixcs.org/documents,,
7a2ff98e-a887-462a-92b8-fbf58984dc16,"Politze, Marius * Shakeel, Yusra * Hunke, Sirieam * Philipp, Ost * Aversa, Rossella * Heinrichs, Benedikt * Lang, Ilona",CC-BY-4.0,https://zenodo.org/records/10204105,Long Term Interoperability of Distributed Research Data Infrastructures,NFDI-MatWerk,"Research institutions have established a variety of research data infrastructures that orient towards discipline or methodology specific needs of their respective research community. Technically, these infrastructures ultimately are based on ""off-the-shelf"" hardware and software building blocks – both commercial and open-source. While such ""enterprise ready"" infrastructures can scale well, they apt to data silos and typically do not adhere to scientific standards like the FAIR (Findability, Accessibility, Interoperability, Reusability) principles out of the box. Using common architecture concepts such as the FAIR Digital Object (FAIR DO) allows interconnection of these silos by adding a long term interoperability layer on top of the existing infrastructure components.

The presented approach provides a practical solution for interconnecting distributed research data infrastructures to national (like NFDI) and international (like EOSC and Gaia-X) infrastructures and preventing the creation of data silos. By allowing existing data infrastructures to make data FAIR, we enable researchers to access and reuse data from different domains, facilitating cross-disciplinary research and advancing new methods for scientific discoveries.",,PDF,NFDI * NFDI-MatWerk * CoRDI'23,en,,presentation,,2023-09-13,,,2.1,
7b8837d1-b3b2-4bcd-9982-0ed4f8a76ffd,"Ost, Philipp * Shakeel, Yusra * Tögel, Philipp",CC-BY-4.0,https://zenodo.org/records/8399407,Data Collections Explorer – An Easy-to-Use Tool for Sharing and Discovering Research Data,NFDI-MatWerk,"There is a wide variety of archives, databases, and repositories currently available that pro-vide access to research data. However, basic information about these systems is often diffi-cult to gather, such as whether there are limits to the size of data sets that can be published or whether there is any publication fee that applies. In addition to that, there are plenty of re-search groups publishing their research data sets independently of these infrastructures, making it difficult for scientists to find them since they are not centrally registered. Research data must be easily discoverable and accessible for scientists to use it effectively. The Data Collections Explorer, developed within the national research data infrastructure for the engineering sciences NFDI4Ing, is an easy-to-use information system addressing these needs. It is a low threshold information system that provides an overview of research data repositories, archives, databases as well as individually published data sets. Similar systems exist in other subject areas, for example the Data Repository Finder focusing on the medi-cal, life and social sciences. Contrary to the Data Collections Explorer, the Data Repository Finder only lists repositories.

This is the slide set for the talk as part of the ""Engineering Sciences"" track at the 1st Conference on Research Data Infrastructures.",,PDF,NFDI * NFDI4Ing * NFDI-MatWerk * CoRDI,en,,presentation,,2023-09-15,,,4.8,
e63ad718-289e-4e65-a620-1eebeab59d63,"Stotzka, Rainer * Abdildina, Gulzaure * Aversa, Rossella * Blumenröhr, Nicolas * Chelbi, Sabrine * Duda, Leonhard * Ernst, Felix * Frank, Laura * Götzelmann, Germaine * Hartmann, Volker * Inckmann, Maximilian * Jejkal, Thomas * Jha, Vandana * Joseph, Reetu * Ost, Philipp * Pfeil, Andreas * Shakeel, Yusra * Soysal, Mehmet * Tögel, Philipp * Vitali, Elias",CC-BY-4.0,https://zenodo.org/records/7227714,FAIR Data Commons / Essential Services and Tools for Metadata Management Supporting Science,NFDI-MatWerk,"A sophisticated ensemble of services and tools enables high-level research data and research metadata management in science. On a technical level, research datasets need to be registered, preserved, and made interactively accessible using repositories that meet the specific requirements of scientists in terms of flexibility and performance. These requirements are fulfilled by the Base Repo and the MetaStore of the KIT Data Manager Framework.
In our data management architecture, data and metadata are represented as FAIR Digital Objects that are machine actionable. The Typed PID Maker and the FAIR Digital Object Lab provide support for the creation and management of data objects. Other tools enable editing of metadata documents, annotation of data and metadata, building collections of data objects, and creating controlled vocabularies.
Information systems such as the Metadata Standards Catalog and the Data Collections Explorer help researchers select domain-specific metadata standards and schemas and identify data collections of interest.
Infrastructure developers search the Catalog of Repository Systems for information on modern repository systems, and the FAIR Digital Object Cookbook for recipes for creating FAIR Digital Objects.

Existing knowledge about metadata management, services, tools, and information systems has been applied to create research data management architectures for a variety of fields, including digital humanities, materials science, biology, and nanoscience. For Scanning Electron Microscopy, Transmission Electron Microscopy and Magnetic Resonance Imaging, metadata schemas were developed in close cooperation with the domain specialists and incorporated in the research data management architectures.
This research has been supported by the research program ‘Engineering Digital Futures’ of the Helmholtz Association of German Research Centers, the Helmholtz Metadata Collaboration (HMC) Platform, the German National Research Data Infrastructure (NFDI), the German Research Foundation (DFG) and the Joint Lab “Integrated Model and Data Driven Materials Characterization (MDMC)”. Also, this project has received funding from the European Union’s Horizon 2020 research and innovation programme under grant agreement No. 101007417 within the framework of the NFFA-Europe Pilot (NEP) Joint Activities.",,PDF,"Metadata, FAIR Digital Objects",en,Poster,image,,2022-10-05,,,9.7,
192c0628-b419-4a6f-8c29-4e6b6c08115f,NFDI-MatWerk : {organization},proprietary,https://nfdi-matwerk.de/teaching,A constantly evolving Teaching Area...,NFDI-MatWerk,,,HTML,,en,Webpage,text,,,,,,
1e8624c2-d47c-4e66-a663-e86abb9342f9,ISE FIZ Karlsruhe : {organization},CC-BY-3.0,https://www.youtube.com/playlist?list=PLNXdQl4kBgzubTOfY5cbtxZCgg9UTe-uF,Knowledge Graphs - Foundations and Applications (OpenHPI 2023),,,,,,en,,video,,,,isPartOf:https://nfdi-matwerk.de/teaching,,
e34eb93e-5091-4063-a9d9-f37d44300023,"Sack, Harald * Bruns, Sasha * Tan, Ann * Tietz, Tabea * Vafaie, Mahsa",CC-BY-3.0,https://www.youtube.com/watch?v=CiU1sMbL3k4&list=PLNXdQl4kBgzubTOfY5cbtxZCgg9UTe-uF&index=1,Knowledge Graphs - 0.0 Lecture Overview,,"Knowledge Graphs; Foundations and Applications 
Knowledge Representation with Graphs",,,,en,,video,,2023-10-25,,isPartOf:https://www.youtube.com/playlist?list=PLNXdQl4kBgzubTOfY5cbtxZCgg9UTe-uF,,
7a100178-6472-4c12-bb61-3f0c69a83797,"Sack, Harald * Tietz, Tabea * Bruns, Oleksandra * Vafaie, Mahsa * Ann Tan, Mary",CC-BY-4.0,https://zenodo.org/records/10040113,Knowledge Graphs 2023 - 0.0 Lecture Overview,,,,PDF,,en,,presentation,,2023-10-11,,isPartOf:https://www.youtube.com/watch?v=CiU1sMbL3k4&list=PLNXdQl4kBgzubTOfY5cbtxZCgg9UTe-uF&index=1,0.9,
b03a0928-63c7-49a1-bb3a-4c4317bb14e0,"Sack, Harald ",CC-BY-3.0,https://www.youtube.com/watch?v=g0VE611HkIU&list=PLNXdQl4kBgzubTOfY5cbtxZCgg9UTe-uF&index=7,Knowledge Graphs - 1.5 Knowledge Graphs,,Knowledge Graphs - Foundations and Applications; Knowledge Representation with Graphs,,,,en,,video,,2023-10-25,,isPartOf:https://www.youtube.com/playlist?list=PLNXdQl4kBgzubTOfY5cbtxZCgg9UTe-uF,,
6e4f7825-bd4d-4cd4-9f05-1604a4739077,"Sack, Harald ",CC-BY-4.0,https://zenodo.org/records/10040443,Knowledge Graphs 2023 - 1.5 Knowledge Graphs,,,,PDF,,en,,presentation,,2023-10-11,,isPartOf:https://www.youtube.com/watch?v=g0VE611HkIU&list=PLNXdQl4kBgzubTOfY5cbtxZCgg9UTe-uF&index=7,4.0,
01de1970-9ee4-4994-bd82-71483ad92147,"Sack, Harald * Bruns, Oleksandra",CC-BY-3.0,https://www.youtube.com/watch?v=HW5dNSuwGyY&list=PLNXdQl4kBgzubTOfY5cbtxZCgg9UTe-uF&index=14&t=494s,Knowledge Graphs - 2.1 How to identify and access Things,,Knowledge Graphs - Foundations and Applications; Basic Knowledge Graph Infrastructur,,,,en,,video,,2023-10-26,,isPartOf:https://www.youtube.com/playlist?list=PLNXdQl4kBgzubTOfY5cbtxZCgg9UTe-uF,,
a07f3451-27d0-42c6-b577-1499c0485eea,"Sack, Harald * Bruns, Oleksandra",CC-BY-4.0,https://zenodo.org/records/10043723,Knowledge Graphs 2023 - 2.1 How to identify and access Things,,,,PDF,,en,,presentation,,2023-10-18,,isPartOf:https://www.youtube.com/watch?v=HW5dNSuwGyY&list=PLNXdQl4kBgzubTOfY5cbtxZCgg9UTe-uF&index=14&t=494s,2.2,
d770c3c3-28fd-4260-9b1f-bb6003aaa714,"Ann Tan, Mary",CC-BY-3.0,https://www.youtube.com/watch?v=Gw17N-KZueE&list=PLNXdQl4kBgzubTOfY5cbtxZCgg9UTe-uF&index=66,Knowledge Graphs - Hands-On 6.1 NetworkX,,Knowledge Graphs - Foundations and Applications; Intelligent Applications with Knowledge Graphs and Deep Learning,,,,en,,video,,2023-11-22,,isPartOf:https://www.youtube.com/playlist?list=PLNXdQl4kBgzubTOfY5cbtxZCgg9UTe-uF,,
24fa44c2-e9cf-4a2c-8515-aa49adce60d5,openHPI : {organization},proprietary,https://colab.research.google.com/drive/1n1edsDTR3s2T3OSi6EiIf0rHzHKSES_R?usp=sharing,"openHPI Course: Knowledge Graphs 2023
Week 6: Intelligent Applications with Knowledge Graphs and Deep Learning",,,,IPYNB,,en,Code Notebook,code,,,,isPartOf:https://www.youtube.com/watch?v=Gw17N-KZueE&list=PLNXdQl4kBgzubTOfY5cbtxZCgg9UTe-uF&index=66,0.3,
528fa701-4fdf-480a-a90f-f88e63239fb3,NFDI4Cat : {organization},proprietary,https://www.youtube.com/watch?v=JUqicR4kmEI,Ontologies,NFDI4Cat,"In the realm of science, not every connection is readily apparent. Within NFDI4Cat, we leverage ontologies to represent the wisdom derived from catalysis and related research. 🧠 Ontologies are more than just structured representations of knowledge and concepts; they're the scaffolding upon which groundbreaking research is built. In catalysis and related sciences, they provide a common language for scientists to navigate complex data and unlock hidden insights. ❓But what exactly are ontologies, and why are they so crucial in the field of catalysis and catalysis-related sciences?",,,catalysis * fairdata * ontology,en,,video,,2023-11-07,,,,
6e0e643c-50f1-47f9-99cf-de30a09455f9,NFDI4Cat : {organization},proprietary,https://www.youtube.com/watch?v=k9mRFwtwAjA,Metadata,NFDI4Cat,"📊 In the dynamic world of science, the efficient management of research data is a game-changer. Metadata serves as the backbone of comprehensive data management, allowing researchers in catalysis to organize, share, and interpret their valuable data more effectively. It's the compass that guides us in this intricate research journey. 🌐 In a digital age, metadata makes research data more FAIR - Findable, Accessible, Interoperable, and Reusable. It's the key to unlocking hidden insights, fostering collaboration, and accelerating scientific discoveries. 🎬In this video, find out about the concept and importance of metadata and how it plays a key role in making your research data FAIR.",,,metadata * fairdata * catalysis,en,,video,,2023-11-07,,,,
b0d1e97c-3eca-488b-9aab-95e60a09b32a,NFDI4Cat : {organization},proprietary,https://www.youtube.com/watch?v=lB3j_V__JDU,Electronic Lab Notebook (ELN),NFDI4Cat,"In the age of digital transformation, research is undergoing a remarkable evolution, and the Electronic Lab Notebook (ELN) is at the forefront of this revolution. 📈 ELNs are not just about replacing traditional paper notebooks; they're about elevating research data management to a whole new level. With ELNs, researchers in diverse fields are embracing efficiency, accessibility, and collaboration like never before. 🎬Dive into this video to explore the benefits of ELNs and how they can support you in maintaining sustainable and accessible documentation of your research!",,,ELN * catalysis * fairdata,en,,video,,2023-11-07,,,,
06d854f9-7532-4aea-9cec-869699bd1c73,FAIRmat : {organization},proprietary,https://www.youtube.com/watch?v=80o2RToIWOA&list=PLrRaxjvn6FDUrMoG-mTHD8zYUSwE3kUV5&index=1,NOMAD introduction (virtual tutorial series),FAIRmat,"This is part of the 1st tutorial in the NOMAD virtual tutorial series. This is on the NOMAD Repository and Archive. You find the web-site for the tutorial here: https://th.fhi-berlin.mpg.de/meetings... This is the introduction video, where NOMAD Developer Markus Scheidgen explains what NOMAD is and what role NOMAD components like the Repository and Archive play. Before you start to watch the other tutorial videos and do the exercises, we recommend to watch this introduction. It will give you a brief overview of NOMAD, its various parts and functionality as well as some nomenclature. You find the web-based user interface to the official NOMAD Repository and Archive here: http://nomad-lab.eu/prod/rae",,,,en,,video,,2020-10-06,,,,
7f7122ae-6464-450c-abda-7eb458ce5ecf,FAIRmat : {organization},proprietary,https://www.youtube.com/watch?v=nKJ5PrCW61w&list=PLrRaxjvn6FDUrMoG-mTHD8zYUSwE3kUV5&index=2,NOMAD search (virtual tutorial series),FAIRmat,This is part of the 1st tutorial in the NOMAD virtual tutorial series. This is on the NOMAD Repository and Archive. You find the web-site for the tutorial here: https://th.fhi-berlin.mpg.de/meetings... We will begin with NOMAD's search interface. This video will demonstrate NOMAD's graphical web-based user interface.,,,,en,,video,,2020-10-06,,,,
c3dc81c4-c474-4137-9b67-a4f9231a38f7,FAIRmat : {organization},proprietary,https://www.youtube.com/watch?v=s5CxZero5NI&list=PLrRaxjvn6FDUrMoG-mTHD8zYUSwE3kUV5&index=3,NOMAD upload and publish data (virtual tutorial series),FAIRmat,"This is part of the 1st tutorial in the NOMAD virtual tutorial series. This is on the NOMAD Repository and Archive. You find the web-site for the tutorial here: https://th.fhi-berlin.mpg.de/meetings... Here we learn how to upload data to NOMAD and how to publish the uploaded data. We are covering 5 steps: preparing files, uploading, reviewing the upload, adding user metadata, publishing and creating a DOI.",,,,en,,video,,2020-10-06,,,,
d58950d7-b0a2-471c-9d21-1fd85fc098d2,FAIRmat : {organization},proprietary,https://www.youtube.com/watch?v=hlSO4iq6mBU&list=PLrRaxjvn6FDUrMoG-mTHD8zYUSwE3kUV5&index=4,NOMAD API (virtual tutorial series),FAIRmat,This is part of the 1st tutorial in the NOMAD virtual tutorial series. This is on the NOMAD Repository and Archive. You find the web-site for the tutorial here: https://th.fhi-berlin.mpg.de/meetings... Here we learn how to use NOMAD's API. In the video I am going through a few scenarios and touch some of the options in using the API.,,,,en,,video,,2020-10-06,,,,
4c75e9eb-e66d-48a4-937c-2ad4915ad20e,FAIRmat : {organization},proprietary,https://www.youtube.com/watch?v=GfMcEVc9JHQ&list=PLrRaxjvn6FDUrMoG-mTHD8zYUSwE3kUV5&index=5,Using NOMAD's parsers locally (virtual tutorial series),FAIRmat,This is part of the 1st tutorial in the NOMAD virtual tutorial series. This is on the NOMAD Repository and Archive. You find the web-site for the tutorial here: https://th.fhi-berlin.mpg.de/meetings... Here we learn how to install the NOMAD Python package and how to parse and process locally on your computer. This will allow you to use NOMAD's parsers without NOMAD. This will also enable you to improve the parsers and make contributions to NOMAD.,,,,en,,video,,2020-10-06,,,,
7fb7b1cc-21dd-4eaa-8c27-824acbe3dbfb,NFDI4Earth : {organization},proprietary,https://www.youtube.com/watch?v=SVA4Aw8eqxY,Incubator Scraiber Online Tutorial,NFDI4Earth,"Creating training datasets for machine learning (ML) applications is always time consuming and costly. In domains where a high degree of expertise is required to generate the reference data, the corresponding costs are high and thus slow down the use of artificial intelligence (AI) systems. This proposal focusses on automated mineralogy and will provide tools to characterize the microscopic textural and mineralogical features of thin sections of rocks using back scattered electron images. Our goal is to address this problem with a data mining application where unsupervised methods in combination with expert users generate reference data without additional effort and cost for explicit labeling. The tools will be developed so that it can be used by scientists that have not a profound knowledge of ML.",,,,en,,video,,2023-11-06,,,,
775da1f0-02da-4028-b122-17a173908493,NFDI4Earth : {organization},proprietary,https://www.youtube.com/watch?v=HnOQ3MESawk,Incubator Scraiber Python Tutorial,NFDI4Earth,"Creating training datasets for machine learning (ML) applications is always time consuming and costly. In domains where a high degree of expertise is required to generate the reference data, the corresponding costs are high and thus slow down the use of artificial intelligence (AI) systems.This proposal focusses on automated mineralogy and will provide tools to characterize the microscopic textural and mineralogical features of thin sections of rocks using back scattered electron images. Our goal is to address this problem with a data mining application where unsupervised methods in combination with expert users generate reference data without additional effort and cost for explicit labeling. The tools will be developed so that it can be used by scientists that have not a profound knowledge of ML.",,,,en,,video,,2023-11-06,,,,
68d20166-3b12-420f-9e1a-e444c14d9e9b,NFDI4Earth : {organization},proprietary,https://www.youtube.com/watch?v=kUAg2cvA3v4,Incubator HDF4Water Tutorial,NFDI4Earth,"AtlasHDF: An Efficient Big Data Framework for GeoAIScientific Contribution: The novelty and contribution of this incubator project can be summarized mainly as follows: Teaser:   • The AtlasHDF Representation of OpenSt...   An efficient file format for vector and raster data: the preference was given to HDF5 data container as we require: 1) fast access (memory mapping), 2) built-in support of compression, 3) multilingual strings (UTF-8), 4) platform-independence, 5) command line tool support, 6) hierarchical structuring into groups or folders, 7) single file for Downloads and DOI assignments. An analysis-ready representation of OSM: OSM data is a key ingredient in our machine learning scheme, and it is known for its unique and simple data representation. Therefore, we designed an analysis-ready mapping by triangulating multi-polygons and embedding an R*-tree into HDF5. A dedicated c++ implementation and python module: we followed the FAIR principle during the development of AtlasHDF. As a result, the source code in C++ and Python, the openly-available data (e.g., OSM and Sentinel-2), together with a tutorial in Jupyter Notebook as Open Educational Resources (OERs) were made available in GitHub with DOI: 10.5281/zenodo.7562586.",,,,en,,video,,2023-11-06,,,,
9de0893b-39b5-4fc4-b8c7-af70fa01b328,NFDI4Earth : {organization},proprietary,https://www.youtube.com/watch?v=jDrBFgUi7Oc,Incubator IPFS Pinning Tutorial,NFDI4Earth,"What is the IPFS ""IPFS (InterPlanetary File System) is a distributed system for storing and accessing files, websites, applications, and data."" How does the IPFS support FAIR Data Workflows? Findable: In the IPFS each data block has a unique content identifier (CID). These content identifiers can easily included in existing data catalogues in order to make the data findable Accessible: IPFS data can be accessed from anywhere and anytime without authentication or authorization. This makes it a truly open network. Interoperable: Python libraries, such es xArray can access data directly access data in the IPFS. This makes it easy to interoperate IPFS data within existing work flows. Reproducible: Data within the IPFS is immutable. This ensures the reproducibility of workflows over a long time period.",,,,en,,video,,2023-11-06,,,,
4ba4bd43-7dd8-4881-970d-f529821a34f5,"Mansour, Ahmed E. * Rotheray, Lucia * Helbig, Kerstin * Botti, Silvana * Weber, Heiko B. * Aeschlimann, Martin * Draxl, Claudia * FAIRmat : {organization}",CC-BY-4.0,https://zenodo.org/records/7936477,"FAIRmat, Guide to Writing a Research Data Management Plan",FAIRmat,"In this guide, we will provide you with comprehensive information and practical tips specific to the fields of condensed-matter physics and materials science on creating a data management plan (DMP) that meets the DFG requirements and aligns your research with the FAIR data principles, the DFG code of conduct, and the EU open science policy. We will take you through the essential components of a DMP, provide tips on data management best practices, and offer guidance on appropriate tools and technologies. By the end of this guide, you will have the knowledge and tools necessary to create a thorough and effective DMP that not only meets the requirements of the DFG but also supports the long-term success of your research project. This guide follows the sections in the DFG checklist, and the questions to be addressed as required by the DFG are listed after each section. Although this guide is based on the requirements of the DFG, the information is not exclusive to any specific funding agency and can be used as a general guide for other research areas. Before preparing a DMP for your project, make sure to check the specific requirements for your funding agency, discipline, and research institution.",,PDF,Data Management Plan * Research Data Management * FAIR data principles * FAIR * Forschungsdatenmanagement * FDM * NFDI * Metadata * File Format * Repository,en,,text,,2023-03-25,,,3.0,
3a8539ef-985d-4c96-b861-c43fd3cbf93c,"Mansour, Ahmed E. * FAIRmat : {organization}",CC-BY-4.0,https://zenodo.org/records/8018980,Data management plans: The foundation for proper handling of research data,FAIRmat,"As scientific laboratories continue to generate vast volumes of data, the need for proper handling and management of research data has become increasingly critical. The heterogeneous nature of research data further emphasizes the importance of adopting a comprehensive data management process across various career levels. This process begins with planning before project initiation, followed by ongoing monitoring and control throughout the project's duration, and concludes with defining the long-term fate of the data after project completion. Data management plans (DMPs) are the foundation of this approach. For this reason, funding agencies now commonly mandate the inclusion of a DMP in research proposals. In this talk, I will describe the fundamental elements of an effective DMP, while providing practical insights and tips specifically tailored to the fields of condensed-matter physics and materials science. Moreover, we will highlight how to prepare DMPs that align with the rigorous requirements set by the German Research Foundation (DFG) and ensures proper handling of research data.",,PDF,Data Managemant plans * Research data management * FAIR data * DMP * RDM * FDM,en,,presentation,,2023-06-07,,,0.7,
ea1d172e-51d3-4edf-aa59-7af4e18fa87c,"Scheidgen, Markus * FAIRmat : {organization}",CC-BY-4.0,https://zenodo.org/records/8347750,"FAIR research data with NOMAD – FAIRmat's distributed, schema-based research-data infrastructure to harmonize RDM in materials science",FAIRmat,"Scientific research is becoming increasingly data centric, which requiresmore effort to manage, share, and publish data. NOMAD is a web-based platform thatprovides research data management (RDM) for materials-science data. In addition tocore RDM functionalities like uploading and sharing files, NOMAD automatically ex-tracts structured data from supported file formats, normalizes, and converts data fromthese formats. NOMAD provides an extendable framework for managing not just files,but structured machine-actionable harmonized and inter-operable data. This is the ba-sis for a faceted search with domain-specific filters, a comprehensive API, structureddata entry via customizable ELNs, integrated data-analysis and machine-learning tools.NOMAD is run as a free public service and can additionally be operated by researchinstitutes. Connecting NOMAD installations through the public services will allow afederated data infrastructure to share data between research institutes and further har-monize RDM within a large research domain such as materials science.",,PDF,materials science * research data management * electronic lab notebook * FAIR data * metadata,en,,presentation,,2023-09-13,,,3.8,
88a92928-2f8a-4ea3-a662-883918f4b94b,"Ewert, Frank * Specka, Xenia * Hoffmann, Carsten",CC-BY-4.0,https://zenodo.org/records/10196600,FAIR Data Infrastructure for Agrosystems,FAIRagro,"The consortium FAIRagro (launched 2023) focuses on the domain of agrosystem research to enable researchers a FAIR and quality-assured research data management (RDM) to generate, publish and access relevant data, innovative RDM services and modern data science methods to support and advance our community. 

This Poster was shown at the CoRDI conference 2023 in Karlsruhe (booth poster)",,PDF,NFDI * Research Data Management * Agrosystems * agriculture,en,Poster,image,,2023-11-22,,,1.4,
fc3ddb5c-b516-45aa-82b8-55c30bd942ef,"Ewert, Frank * Specka, Xenia * Anderson, James M. * Arend, Daniel * Asseng, Senthold * Boehm, Franziska * Feike, Til * Fluck, Juliane * Gackstetter, David * Gonzales-Mellado, Aida * Hartmann, Thomas * Haunert, Jan-Henrik * Hoedt, Florian * Hoffmann, Carsten * König, Patrick * Lesch, Stephan * Lindstädt, Birte * Lischeid, Gunnar * Martini, Daniel * Möller, Markus * Rascher, Uwe * Reif, Jochen * Senft, Matthias * Stahl, Ulrike * Svoboda, Nikolai * Usadel, Björn * Webber, Heidi * Weiland, Claus",CC-BY-4.0,https://zenodo.org/records/8366884,FAIRagro - A FAIR Data Infrastructure for Agrosystems (proposal),FAIRagro,"This document is the proposal for the consortium FAIRagro in the framework of the National Research Data Infrastructure (NFDI) in Germany. The proposal was submitted to the German Research Foundation (DFG) in Nov 2021. The proposal was finally accepted  with a revised working program in Feb 2023.

All financial resources (personnel, material, direct project costs, in-kind contributions) were removed from the public version.n",,PDF,agrosystems * research data management * research data infrastructures * NFDI,en,,text,,2023-09-21,,,2.9,
1f794f99-c131-4fb6-b238-5750afa197c8,"Hoffmann, Carsten * Asseng, Senthold * Gackstetter, David * Leroy, Benjamin * Martini, Daniel",CC-BY-4.0,https://zenodo.org/records/8297582,Role of Semantic Resources in Infrastructures for Data Management in Agrosystems and Landscape Research,FAIRagro,"In 2023, the FAIRagro project started its work as a consortium of almost 30 partnering organizations active in agrosystems research in Germany. FAIRagro is part of the National Research Data Infrastructure (NFDI) initiative with its goal to set up a cross-domain research data infrastructure (RDI) conforming to the FAIR principles. The main objective is to establish an interoperable and scalable RDI by connecting available repositories to facilitate combined data analyses. Partly, existing agricultural data repositories involved in FAIRagro already use semantic resources like vocabularies and thesauri. For example, the Smart Rural Area Data Infrastructure (SRADI) developed and maintained by the Technical University of Munich leverages metadata vocabularies like DCAT and Dublin Core, but also strives for compatibility with well established geospatial data standards as provided by the Open Geospatial Consortium. The BonaRes Repository, as another example, was launched in 2017 at the Leibniz Centre for Agricultural Landscape Research (ZALF) and manages soil-agricultural data from research projects. To address FAIR data principles, numerous open community standards, vocabularies and PIDs, e.g. INSPIRE and DataCite for metadata description, AGROVOC for keyword annotation and ORCID for author annotation are used.

Within that context, there are challenges especially regarding cross-linking of data sets and repositories and a need for cross-standard interoperability. Large Linked Data resources like AGROVOC can provide bridges through URI-based metadata annotations. For practical purposes, this however requires consistent use according to best practices, mappings and alignments. The presentation will illustrate how the FAIRagro project addresses these issues within its activities.",,PDF,research data management * NFDI * FAIR * agriculture * agrosystems * semantics * ontology * AGROVOC,en,,presentation,,2023-08-29,,,3.8,
5ed9ab67-200a-46e7-a311-a309c7e78f6f,"Stahl, Ulrike * Lindstädt, Birte",CC-BY-4.0,https://zenodo.org/records/7702049,Mit FAIRagro lernen – Schulung und Ausbildung,FAIRagro,"Mit ""FAIRagro lernen - Schulung und Ausbildung"" ist eine Präsentation auf dem dritten online FAIRagro-Community-Workshop am 1.12.2022. Im FAIRagro Konsortium wird ein Trainings- und Lehrmodul “Agrosystem” entwickelt, das die Datenkompetenz von Studierenden, Graduierten und WissenschaftlerInnen stärken wird. Neben online und persönlichen Schulungen, der Erstellung von Schulungsmaterialien im Sinne von Open Educational Resource wird ebenso die Ausbildung von Agrosystem Datastewards vorangetrieben und über Zertifikatskurse und der Verankerung in Curricula realisiert.",,PDF,Training * Ausbildung * Agrosystemwissenschaften * Data Steward * Forschungsdatenmanagement,de,,presentation,,2023-03-06,,,1.5,
42c602b0-5649-454a-987c-554e004b2398,"Singson, Lea Sophie * Schmidt, Marcus * Vedder, Lucia",CC-BY-4.0,https://zenodo.org/records/8410381,Der Umgang mit Forschungsdaten im Einklang mit Recht und Ethik - ein Fallbeispiel,FAIRagro,"We present legal and ethical issues using data in the agricultural research domain concerning the General Data Protection Regulation (GDPR). In this regard, we also define the difference between anonymization and pseudonymization and their effect on the data subject.

This presentation was held during the Netzwerktreffen Forschungsdatenmanagement Berlin - Brandenburg in Potsdam, Germany on September 21st 2023.",,PDF,legal * ethical * data management * agricultural data * data privacy * DSGVO * GDPR * NFDI * FAIRagro * law * ethics,de,,presentation,,2023-10-10,,,1.7,
89cbcbc4-a705-4d52-bfbe-8d9c96710d51,"Busse, Christian E. * Babel, Nina * Chang, Hyun-Dong * Dorhoi, Anca * Eugster, Anne * Hummel, Michael * Küppers, Ralf * Meyer-Hermann, Michael * Nahnsen, Sven * Schmidt, Alexander * Schwab, Nicholas",CC-BY-4.0,https://zenodo.org/records/5608481,National Research Data Infrastructure for Immunology (NFDI4Immuno),NFDI4Immuno,Extended Abstract der Konsortialinitiative NFDI4Immuno zur Teilnahme an der 3. NFDI-Konferenz 2021.,Lebenswissenschaften,PDF,NFDI * Immunology * AIRR,de,Article,text,,2021-06-07,,,0.06,
9d0be60f-f30b-4c8d-86e2-3f859d97ca0f,"Busse, Christian E. * Dorhoi, Anca * Eugster, Anne * Hummel, Michael * Küppers, Ralf * Meyer-Hermann, Michael * Nahnsen, Sven * Schmidt, Alexander * Schwab, Nicholas",CC-BY-4.0,https://zenodo.org/records/4604041,National Research Data Infrastructure for Adaptive Immune Receptor Repertoires (NFDI4AIRR),NFDI4Immuno,Extended Abstract der Konsortialinitiative NFDI4AIRR zur Teilnahme an der 2. NFDI-Konferenz 2020.,Lebenswissenschaften,PDF,NFDI * AIRR * Immunology,de,Article,text,,2020-06-22,,,0.06,
58c20099-4f7f-4297-92b3-88c7f980d39a,NFDI4BIOIMAGE Consortium : {organization},CC-BY-4.0,https://zenodo.org/records/10389955,"Section 5.3 ""Task Area 3: Multimodal data linking and integration"" Figure 10",NFDI4BIOIMAGE,Data flow to obtain a multimodal data structure (mmDS) with an overarching graph database (MUGDAT).,Lebenswissenschaften,PNG,FAIR * multimodal * RDM,en,,image,,2021-11-04,,,0.1,
94bd5da3-057c-4a95-a446-99bd50a35350,"Wetzker, Cornelia",CC-BY-4.0,https://zenodo.org/records/10083555,Bio-Image Data Strudel for Workshop on Research Data Management in TU Dresden Core Facilities,NFDI4BIOIMAGE,This presentation gives a short outline of the complexity of data and metadata in the bioimaging universe. It introduces NFDI4BIOIMAGE as a newly formed consortium as part of the German 'Nationale Forschungsdateninfrastruktur' (NFDI) and its goals and tools for data management including its current members on TU Dresden campus.,Lebenswissenschaften,PDF * PPTX,,en,,presentation,,2023-11-08,,,,
70b49936-702c-4179-96b5-89011efddfab,"Massei, Riccardo",CC-BY-4.0,https://zenodo.org/records/8414319,"NFDI4BIOIMAGE - National Research Data Infrastructure for Microscopy and BioImage Analysis [conference talk: The Pelagic Imaging Consortium meets Helmholtz Imaging, 5.10.2023, Hamburg]",NFDI4BIOIMAGE,"NFDI4BIOIMAGE is a consortium within the framework of the National Research Data Infrastructure (NFDI) in Germany. In this talk, the consortium and the contribution to the work programme by the Helmholtz Centre for Environmental Research (UFZ) in Leipzig are outlined.",Lebenswissenschaften,PDF,Microscopy * High content screening * OMERO * Research Data Management,en,,presentation,,2023-10-06,,,2.0,
414f2690-3c55-4f74-90c6-4b4da447845c,"Stöter, Torsten * Gottschall, Tobias * Schrader, Andrea * Zentis, Peter * Valencia-Schneider, Monica * Kandpal, Niraj * Zuschratter, Werner * Schauss, Astrid * Dickscheid, Timo * Mühlhaus, Timo * von Suchodoletz, Dirk",CC-BY-4.0,https://zenodo.org/records/8349563,Combining the BIDS and ARC Directory Structures for Multimodal Research Data Organization,NFDI4BIOIMAGE,"Interdisciplinary collaboration and integration of large and diverse datasets are becoming increasingly important. Answering complex research questions requires combining and analysing multimodal datasets. Research data management follows the FAIR principles making data findable, accessible, interoperable, and reusable. However, there are challenges in capturing the entire research cycle and contextualizing data according, not only for the DataPLANT and NFDI4BIOIMAGE communities. To address these challenges, DataPLANT developed a data structure called Annotated Research Context (ARC). The Brain Imaging Data Structure (BIDS) originated from the neuroimaging community extended for microscopic image data. Both concepts provide standardised and file system based data storage structures for organising and sharing research data accompanied with metadata. We exemplarily compare the ARC and BIDS designs and propose structural and metadata mapping.",Lebenswissenschaften,PDF,NFDI * DataPLANT * NFDI4Plants * NFDI4BIOIMAGE * FAIR * Data Management * Data Packaging * Data Publishing * Linked Data * Metadata * Multimodal Data * Reproducibility * Research Object * Plant Science * Bio Imaging * Microscopy * ARC * Annotated Research Context * BIDS * Brain Imaging Data Structure * Metadata Mapping,en,Poster,image,,2023-09-12,,,2.9,
4a39cba3-af58-47ef-abd4-43a519747caa,"Moore, Joshua Allen",CC-BY-4.0,https://zenodo.org/records/8340248,"[CORDI 2023] Zarr: A Cloud-Optimized Storage for Interactive Access of Large Arrays
",NFDI4BIOIMAGE,"For decades, the sharing of large N-dimensional datasets has posed issues across multiple domains. Interactively accessing terabyte-scale data has previously required significant server resources to properly prepare cropped or down-sampled representations on the fly. Now, a cloud-native chunked format easing this burden has been adopted in the bioimaging domain for standardization. The format — Zarr — is potentially of interest for other consortia and sections of NFDI.",Lebenswissenschaften,PDF,FAIR * community * bioimaging * data * cloud * format,en,Poster,image,,2023-09-13,,,12.0,
20f0b586-8019-40d1-8f92-baa6ac168bca,"Kunis, Susanne",CC-BY-4.0,https://zenodo.org/records/8329306,Thinking data management on different scales,NFDI4BIOIMAGE,Presentation given at PoL BioImage Analysis Symposium Dresden 2023,Lebenswissenschaften,PDF * PPTX,I3D-bio * Microscopy * Research Data Management * FAIR,en,,presentation,,2023-08-31,,,,
b382533b-3268-4382-871f-7a4a2415529d,"Weischer, Sarah * Wendt, Jens * Zobel, Thomas",CC-BY-4.0,https://zenodo.org/records/8139354,High throughput & automated data analysis and data management workflow with Cellprofiler and OMERO,NFDI4BIOIMAGE,"In this workshop a fully integrated data analysis solutions employing OMERO and commonly applied image analysis tools (e.g., CellProfiler, Fiji) using existing python interfaces (OMERO Python language bindings, ezOmero, Cellprofiler Python API) is presented.",Lebenswissenschaften,ZIP,Bioimage analysis * Research data management * Omero * Cellprofiler,en,,,,2023-07-12,,,6.7,
41556875-da50-4c93-b603-822444a235f9,"Moore, Joshua Allen * Gay, Guillaume * Hartley, Matthew * Wolstencroft, Katherine",CC-BY-4.0,https://zenodo.org/records/8019760,[ELMI2023] BioImage Town (BIT) FAIR Data Metro Map,NFDI4BIOIMAGE,"Figures created collaboratively by the presenters of the Data Management and Analysis session of ELMI2023 (https://elmi2023.eu/) for their presentations. They represent an idealized metro through which data (""the passengers"") travel between various solutions (""the stops"") within bioimaging (""BioImage Town""), but also connecting to IT solutions, metadata, and other areas, though of course the real situation is much more complicated. Working together, we should be able to the improve the number of easy-to-use, performant, and complete solutions through BioImage Town for the benefit of the community.",Lebenswissenschaften,PNG,bioimaging * FAIR * data * microscopy,en,,image,,2023-06-09,,,,
1460dd5e-0c12-40e2-9bc3-58bbed183287,"Schmidt, Christian * Hanne, Janina * Moore, Josh * Meesters, Christian * Ferrando-May, Elisa",CC-BY-4.0,https://zenodo.org/records/6504208,Research data management for bioimaging: the 2021 NFDI4BIOIMAGE community survey - Extended Data 2 - Questionnaire,NFDI4BIOIMAGE,"This document provides extended, supplementary data and information to the manuscript ""Research data management for bioimaging: the 2021 NFDI4BIOIMAGE community survey"" by Schmidt C., Hanne J, Moore J, Meesters C, Ferrando-May E, Weidtkamp-Peters S, and members of the NFDI4BIOIMAGE initiative. [version 1; peer review: awaiting peer review] F1000Research 2022, 11:638, https://doi.org/10.12688/f1000research.121714.1

This extended data includes:

- The questionnaire, annotated with question identifiers and comments",Lebenswissenschaften,PDF,bioimaging * FAIR * data * microscopy,en,,,,2022-05-09,,,0.5,
242f4052-e9a5-4980-b386-d7bcefcf8205,"NFDI4BIOIMAGE Consortium : {organization}
",CC-BY-4.0,https://zenodo.org/records/7394675,"Section 5.1 ""Task Area 1: Image (meta)data formats and standardization)"" Figure 8",NFDI4BIOIMAGE,"Figure 8. A FAIR-IO bundle combines the necessary acquisition and provenance metadata together with multi-resolution, chunked binary data in a single cloud-compatible format for simplified sharing and re-use.

from NFDI Grant Application, ""National Research Data Infrastructure for Microscopy and Bioimage Analysis"" (NFDI4BIOIMAGE)",Lebenswissenschaften,PNG,FAIR * FDO * RDM * NGFF,en,,image,,2021-11-04,,,0.1,
b6328ae0-3bb8-43fd-bdba-ded4caf93eda,"Weidtkamp-Peters, Stefanie * Hanne, Janina * Schmidt, Christian",CC-BY-4.0,https://zenodo.org/records/7890311,A journey to FAIR microscopy data,NFDI4BIOIMAGE,"Research data management is essential in nowadays research, and one of the big opportunities to accelerate collaborative and innovative scientific projects. To achieve this goal, all our data needs to be FAIR (findable, accessible, interoperable, reproducible). For data acquired on microscopes, however, a common ground for FAIR data sharing is still to be established. Plenty of work on file formats, data bases, and training needs to be performed to highlight the value of data sharing and exploit its potential for bioimaging data.

In this presentation, Stefanie Weidtkamp-Peters will introduce the challenges for bioimaging data management, and the necessary steps to achieve data FAIRification. German BioImaging - GMB e.V., together with other institutions, contributes to this endeavor. Janina Hanne will present how the network of imaging core facilities, research groups and industry partners is key to the German bioimaging community’s aligned collaboration toward FAIR bioimaging data. These activities have paved the way for two data management initiatives in Germany: I3D:bio (Information Infrastructure for BioImage Data) and NFDI4BIOIMAGE, a consortium of the National Research Data Infrastructure. Christian Schmidt will introduce the goals and measures of these initiatives to the benefit of imaging scientist’s work and everyday practice.  ",,PDF * PPTX,NFDI4BIOIMAGE * I3Dbio * Research Data Management * Bioimaging * Microscopy,en,,presentation,,2023-05-03,,,,
d2e2b32f-cf04-43b7-8b6c-f607f78cac5a,"Moore, Joshua Allenm * Kunis, Susanne",CC-BY-4.0,https://zenodo.org/records/7928333,"[SWAT4HCLS 2023] NFDI4BIOIMAGE: Perspective for a national bioimage standard
",NFDI4BIOIMAGE,NFDI4BIOIMAGE is a newly established German consortium dedicated to the FAIR representation of biological imaging data. A key deliverable is the definition of a semantically-compatible FAIR image object integrating RDF metadata with web-compatible storage of large n-dimensional binary data in OME-Zarr. We invite feedback from and collaboration with other endeavors during the soon-to-begin 5 year funding period.,,PDF,bioimage * image * data * format * standard,en,Poster,image,,2023-05-12,,,37.4,
24da1b33-0929-481b-8509-08a023adc778,Universität Konstanz 2024 : {organization},proprietary,https://nfdi4bioimage.de/wandkalender/2024-02/#,Research Data Management for Microscopy and BioImage Analysis,NFDI4BIOIMAGE,,,HTML,,en,Webpage,text,,2024-02-01,,,,
6bbc936b-945d-44a8-aca3-cca160c4660f,The Open Microscopy Environment : {organization},BSD-2-Clause,https://omero.readthedocs.io/en/stable/users/index.html,OMERO Overview and CLI User Documentation,NFDI4BIOIMAGE,,,HTML,,en,Webpage,text,,,,isPartOf:https://www.nfdi.de/konsortien-nfdi4bioimage/,,
2787716e-f462-4a1f-ac55-8da1064f911e,NFDI4BIOIMAGE : {organization},CC-BY-4.0,https://www.openmicroscopy.org/bio-formats/,Bio-Formats,NFDI4BIOIMAGE,"Bio-Formats is a software tool for reading and writing image data using standardized, open formats. Bio-Formats is a community driven project with a standardized application interface that supports open source analysis programs like ImageJ, CellProfiler and Icy, informatics solutions like OMERO and the JCB DataViewer, and commercial programs like MATLAB.",,HTML,,en,Webpage,text,,,,isPartOf:https://www.nfdi.de/konsortien-nfdi4bioimage/,,
24efffa5-8445-4ca5-8291-2b83ac3c9f36,"Sarkans, Ugis * Chiu, Wah * Collinson, Lucy * Darrow, Michele C. * Ellenberg, Jan * Grunwald, David * Hériché, Jean-Karim * Iudin, Andrii * Martins, Gabriel G. * Meehan, Terry * Narayan, Kedar * Patwardhan, Ardan * Russell, Matthew Robert Geoffrey * Saibil, Helen R. * Strambio-De-Castillia, Caterina * Swedlow, Jason R. * Tischer, Christian * Uhlmann, Virginie * Verkade, Paul * Barlow, Mary * Bayraktar, Omer * Birney, Ewan * Catavitello, Cesare * Cawthorne, Christopher * Wagner-Conrad, Stephan * Duke, Elizabeth * Paul-Gilloteaux, Perrine * Gustin, Emmanuel * Harkiolaki, Maria * Kankaanpää, Pasi * Lemberger, Thomas * McEntyre, Jo * Moore, Josh * Nicholls, Andrew W. * Onami, Shuichi * Parkinson, Helen * Parsons, Maddy * Romanchikova, Marina * Sofroniew, Nicholas * Swoger, Jim * Utz, Nadine * Voortman, Lenard M. * Wong, Frances * Zhang, Peijun * Kleywegt, Gerard J. * Brazma, Alvis",proprietary,https://www.nature.com/articles/s41592-021-01166-8,REMBI: Recommended Metadata for Biological Images—enabling reuse of microscopy data in biology,NFDI4BIOIMAGE,"Bioimaging data have significant potential for reuse, but unlocking this potential requires systematic archiving of data and metadata in public databases. We propose draft metadata guidelines to begin addressing the needs of diverse communities within light and electron microscopy. We hope this publication and the proposed Recommended Metadata for Biological Images (REMBI) will stimulate discussions about their implementation and future extension.",,PDF,,en,Article,text,,2021-05-21,,isPartOf:https://www.nfdi.de/konsortien-nfdi4bioimage/,1.2,
5b3fb0b6-1ad0-42e8-91e5-f9587def675f,"Buchner, Benedikt * Lettieri, Vanessa * Kipker, Dennis-Kenji",CC-BY-4.0,https://zenodo.org/records/10557341,"Classification of different categories of health data based on risk assessment and legitimation basis for data processing (Supplement to Deliverable D6.2 ""Legal map"")",NFDI4Health,,,PDF,,en,Report,text,,2024-01-23,,,0.6,
27ecb44a-bdd5-466c-932a-aa59bf6e7138,"Dierkes, Jens * Fürst, Julia * Perrar, Ines * Restel, Katja * Shutsko, Aliaksandra",CC-BY-NC-4.0,https://zenodo.org/records/10071712,Data Stewards and FAIR Data Training in Biomedical Research,NFDI4Health,"The questions in biomedicine are complex and involve a variety of tasks that can only be tackled in a team. Because the data structures and regulatory requirements involved are also complex, it is important to understand how to manage research data properly. This is where the field of tasks of data stewards has emerged. Although the concept of data stewards is not new, their importance is becoming increasingly visible and the characterisation of specific roles of participation in the research process is being refined. 

In Germany, the federal and state governments have been funding the development of a National Research Data Infrastructure (NFDI) since 2020. The NFDI is intended to set standards in data management and, as a digital, regionally distributed and networked knowledge repository, to secure research data in the long term and make it (re-)usable. The NFDI will also ensure connectivity to international developments such as the European Open Science Cloud (EOSC).  

NFDI4Health, the National Research Data Infrastructure for Personal Health Data, aims to build a FAIR data infrastructure for epidemiological, clinical and public health research, focusing on prospectively collected data in trials and studies, while respecting privacy requirements [1]. Interaction with and feedback from user communities is essential to the service development process. A dedicated workstream within the first five years of NFDI4Health is exploring the role of data stewards (Data Steward Pilot) and providing FAIR data management training to users and multipliers of the infrastructure [2,3]. 

The Data Steward Pilot concept takes the perspective of a local interface of infrastructure services to researchers/users in an institution such as a university. Libraries can act as such an interface. Therefore, the pilot embedded two data stewards at two libraries (ZB MED Information Centre for Life Sciences and USB University and City Library Cologne), who help to develop the NFDI4Health services and at the same time support the main use cases of the consortium, i.e. epidemiological studies (ZB MED) and clinical trials (USB). 

The two data stewards are specifically involved in the development of publication guidelines and are committed to supporting users in making their study data FAIR. Direct feedback from this interaction can be used to iteratively improve the NFDI4Health services. 

The data stewards also develop and deliver research data management training to local researchers. These trainings range from introductory level to more advanced, NFDI4Health specific topics (e.g. distributed data analysis). 

The pilot project will produce a practical report with job profiles for data stewards in biomedicine, together with the training materials as open educational resources.  

The results can be seen as a blueprint for other research institutions and can be reused by multipliers such as libraries or research data competence centres. 

In addition to the details of the concept, we will report on our experience in supporting research and providing training to user communities during the first two years of the pilot. We will put our experiences in the context of other data steward initiatives and look forward to the further development and dissemination of the concept. ",,PDF * PPTX,,en,,presentation,,2023-11-04,,,,
d9c63bb0-ce96-4b35-9265-4fd205bdd52a,"Dierkes, Jens * Lindstädt, Birte * Sax, Ulrich * Hastik, Canan * Fürst, Julia * Hörner, Tanja * Klammt, Sebastian * Perrar, Ines * Pigeot, Iris * Restel, Katja * Schmidt, Carsten Oliver * Shutsko, Aliaksandra * Waltemath, Dagmar * Zeleke, Atinkut;",CC-BY-4.0,https://zenodo.org/records/8405955,Building the Next Generation of Data Savvy Biomedical Researchers,NFDI4Health,The poster describes the training activities on Research Data Management (RDM) within the NFDI4Health - the National Research Data Infrastructure for Personal Health Data.,,PDF,,en,Poster,image,,2023-10-05,,,,
5c60d954-eee1-4f67-a1d4-31505ab53e0c,"Dierkes, Jens * Fürst, Julia * Hörner, Tanja * Klammt, Sebastian * Lindstädt, Birte * Pigeot, Iris * Restel, Katja * Schmidt, Carsten Oliver * Waltemath, Dagmar * Zeleke, Atinkut",CC-BY-4.0,https://zenodo.org/records/8272845,Training concepts in research data management and data science with the focus on health research,NFDI4Health,"This deliverable describes the training developments in NFDI4Health measure 'Training and Education'.

Target groups are doctoral students, early career researchers, and professionals in the health domain.

There are three main themes to the handbook:

The description of  the cross-domain graduate training programme Data Train of the UBremen Research Alliance, in which NFDI4Health is a partner. This programme provides both a broad introduction to research data management and data science, and a practical, in-depth part on either data stewardship or data science
A collection and discussion of RDM competencies related to health data. This collection is intended to be an addition to Version 2 of the ""Learning objective matrix on the topic of research data management (RDM) for the target groups of students, PhDs and data stewards"", a cooperation between DINI/nestor working group on training/education in research data and NFDI4Health
NFDI4Health training courses covering RDM aspects
Training materials are openly available online and referenced via DOIs in the manual.

This document should be seen as the first version of a growing resource ( living document ).",,PDF,Research Data Management * Personal Related Health Data * Training * Education * Data Literacy,en,Report,text,,2023-08-22,,,,
4b66d6d6-363c-494f-b5c2-b29f5791bb3e,"Marino, Joany * Kasbohm, Elisa * Struckmann, Stephan * Schmidt, Carsten O.",CC-BY-4.0,https://zenodo.org/records/8042797,R packages to assess data quality,NFDI4Health,"Slides from a workshop on assessing data quality with the R programming language, presented at the 17. Jahrestagung DGEpi in Greifswald.

",,PDF,data quality * R project for statistical computing * data reporting * initial data analysis,en,,presentation,,2022-09-26,,,,
67e06920-54df-4401-8aa0-2a2e32217226,NFDI4Health : {organization},proprietary,https://www.nfdi4health.de/en/service/personal-health-train.html,Personal Health Train,NFDI4Health,,,HTML,,en,Webpage,text,,,,,,
4054ba94-2999-42fe-94e1-2729121ba84a,NFDI4Health : {organization},proprietary,https://www.nfdi4health.de/en/service/health-study-hub.html,German Central Health Study Hub – A platform to find and publish personal health research data,NFDI4Health,,,HTML,,en,Webpage,text,,,,,,
2b69b9ff-8d5c-4ed4-ae4a-b6f078f7191a,NFDI4Health : {organization},proprietary,https://www.nfdi4health.de/en/service/data-train.html,Building the Next Generation of Data Savvy Biomedical Researchers,NFDI4Health,,,HTML,,en,Webpage,text,,,,,,
62786d2b-21ca-4af1-b735-fc2d8eba5d44,NFDI4Health : {organization},proprietary,https://www.nfdi4health.de/en/service/data-quality-assessments.html,Accessible data quality assessments for better research,NFDI4Health,,,HTML,,en,Webpage,text,,,,,,
e24b43ff-258f-40bc-b1c0-641b064ccb9d,NFDI4Microbiota : {organization},CC-BY-4.0,https://knowledgebase.nfdi4microbiota.de/,The NFDI4Microbiota Knowledge Base,NFDI4Microbiota,"This knowledge base is a collection of information and references with relevance for the microbiology community in terms of Research Data Management, Data Analysis, FAIR principles, standards, and much more. Furthermore, information about the NFDI4Microbiota consortium are collected.",,HTML,,en,Webpage,text,,,,,,
c534f3b9-22e7-4a70-8194-cec7e64413d6,"Götz, Barbara * Sczyrba, Alexander * Bork, Peer * Marz, Manja * Nunes da Rocha, Ulisses * Goesmann, Alexander * Overmann, Jörg * Clavel, Thomas * McHardy, Alice * Förstner, Konrad U.",CC-BY-4.0,https://zenodo.org/records/10521815,NFDI4Microbiota - The German National Research Data Infrastructure for the Research of Microbiota,NFDI4Microbiota,"Poster presented at the BOSC 2022. Microbes have a strong influence on every aspect of human life. Driven by technological advances that allow e.g. high-throughput molecular characterization of microbial species and communities, microbiological research helps to address global health threats such as viral pandemics. These recent advances result in the generation of large data sets, yet the use and re-use of this data so far has failed to exploit its potential. NFDI4Microbiota has started its activity in October 2021 together with several other NFDI (National Research Data Infrastructure) consortia in Germany. It consists of ten well-established partner institutions and is supported by five professional societies and more than 50 participants. It aims to facilitate the digital transformation of the microbiological community and thus the mission of the consortium is to support the microbiology community with access to data, analysis services and (meta)data standards. Besides this, training as well as community engaging activities are offered. Furthermore, a cloud-based system will be created that will make the storage, integration and analysis of microbial data, especially omics data, consistent, reproducible, and accessible. Thereby, NFDI4Microbiota will promote the FAIR (Findable, Accessible, Interoperable and Re-usable) principles and Open Science. Through the dual emphasis on education and services, NFDI4Microbiota will ensure that microbial research in Germany is synergistic and efficient.",,PDF,,en,Poster,image,,2022-07-13,,,,
bc00ea1e-8e35-4c43-a78c-bf54af047c91,"Lissin, Artur * Podstawka, Adam * Reimer, Lorenz Christian * Koblitz, Julia * Bunk, Boyke * Overmann, Jörg",CC-BY-4.0,https://zenodo.org/records/10589114,"""Who is who?"" A central database for resolving microbial strain identifiers",NFDI4Microbiota,"Strain identifiers represent a universal language for scientists, clinicians, industry, legal
compliance, and regulatory controls to communicate their findings, control, compare
and analyze data. The most widely used strain identifiers for microorganisms are
culture collection numbers like DSM 5522 or ATCC 43876, which are assigned by
culture collections during deposition.
The advantage of using culture collections as strain identifiers is that they are unique,
stable and reliable, as collections apply high quality standards. The disadvantage is
that during distribution of a strain between collections, multiple culture collection
numbers are assigned to different cultures of the same strain.
Here we present a prototype database for collecting and curating culture collection
numbers as well as their relations and providing them through a web API and UI.
The developed web interface enables scientists to easily find equivalent strains based
on their culture collection numbers and offers information about associated data such
as sequence accession numbers. While the web API can directly be integrated into
workflows or other databases for automatic strain identity resolution.
Ultimately, these unique identifiers will allow the retracing of the relations between
different cultures and thus depict a sharing history for each strain.
The long-term goal is to establish persistent identifiers for each microbial strain.",,PDF,Databases * Microbiology * NFDI4Microbiota * NFDI * FAIR data * Bioinformatics,en,Poster,image,,2022-09-06,,,,
b10c3341-efd8-4c36-80bb-56ab999e5af3,"Cassman, NA",CC-BY-4.0,https://zenodo.org/records/10462608,2023 International Viromics Workshop: Overview of virus databases,NFDI4Microbiota,Slide deck of the presentation given virtually by Dr. Noriko Cassman during the 6th International Viromics Workshop held at Ohio State University on 12 Oct 2023.,,PDF,,en,,presentation,,2023-10-12,,,,
0095b6dd-b3da-4e45-8a31-2a0941733742,"König, Sandra",CC-BY-4.0,https://textplus.hypotheses.org/9338,Let’s talk FAIR – Zur Nachnutzbarkeit digitaler Editionen,Text+,Dieser Beitrag beschließt die Nachbetrachtung des FAIR February 2023 – und lädt zugleich zum FAIR February 2024 ein. Denn allen vier Treffen gemeinsam war der Wunsch der Teilnehmenden nach mehr (Erfahrungs-)Austausch untereinander sowie das Interesse an Reflexion über und an neuen Impulsen zu den FAIR-Prinzipien in Verbindung mit der eigenen Forschungspraxis.,Geisteswissenschaften,HTML,"FAIR-Prinzipien, Edition",de,,text,,2024-01-22,,,,
b6222fea-5e58-4964-908a-dd57847d757c,"Cassman, NA * Saghaei, S * Ziraksaz, H * Marz, M",CC-BY-4.0,https://zenodo.org/records/10462661,VirJenDB: the comprehensive virus database based in Jena,NFDI4Microbiota,"Poster presented at the 2023 CORDI conference by Dr. Noriko Cassman about the VirJenDB, an NFDI4Microbiota service.",,PDF,,en,Poster,image,,2023-09-12,,,,
1be683f5-ebdd-41c5-a671-ebcb19d04c51,"Paulmann, Carmen * Becker, Anke * Bork, Peer * Clavel, Thomas *  da Rocha, Ulisses * Förstner, Konrad U. * Goesmann, Alexander * Götz, Barbara * Marz, Manja * Overmann, Jörg * Sauerland, Kristin D. * Sczyrba, Alexander * Stoye, Jens * Vandendorpe, Justine * McHardy, Alice",CC-BY-4.0,https://zenodo.org/records/10526829,Introducing the National Research Data Infrastructure for the Research of Microbiota (NFDI4Microbiota),NFDI4Microbiota,"Poster presentation for the 31st Annual Meeting of the Society for Virology 30 March – 2 April 2022 in Munich.

Microbes - including viruses - have a strong influence on every aspect of human life. Driven by technological advances that allow e.g. high-throughput molecular characterization of microbial species and communities, microbiological research helps to address global health threats such as viral pandemics. These recent advances result in the generation of large data sets, yet the use and re-use of this data so far has failed to exploit its potential. NFDI4Microbiota aims to facilitate the digital transformation of the microbiological community and thus the mission of the consortium is to support the German virology and microbiology community with access to data, analysis services, (meta)data standards and training. A German microbial research network will be generated through training and community building activities, and by creating a cloud-based system that will make the storage, integration and analysis of microbial data, especially omics data, consistent, reproducible, and accessible.  Thereby, NFDI4Microbiota will promote the FAIR (Findable, Accessible, Interoperable and Re-usable) principles and Open Science.

Especially for viruses, we aim to establish a virus database, including not only the option to submit viral data, but also metadata. Data will be quality checked and the virologist has the option to make them publicly available or keep the data in his own ‘workbench’. Common analysis tools, such as for homology search, assembly, alignments with known sequences, or phylogenetic information will be provided.

NFDI4Microbiota has started its activity in October 2021. It consists of ten well-established partner institutions and is supported by five professional societies and more than 50 participants. Many workshops and training events for the communities will take place in 2022 (https://nfdi4microbiota.de/index.php/trainings/). Moreover, the consortium will connect to the participants via an ambassador program and start the work on different Use Cases this year.

If you plan to submit your virus data or you want to know details about the planned virus database we will be at the conference all time to answer your questions.

NFDI4Microbiota helps the microbiological research community by providing technical solutions and a comprehensive training program. Through the dual emphasis on education and services, NFDI4Microbiota will ensure that microbial research in Germany is synergistic and efficient.",,PPTX,,en,Poster,image,,2023-03-30,,,,
76c3b06e-2b7b-4988-8a0c-93a3a3ebff88,Text+ : {organization},CC-BY-3.0,https://www.youtube.com/watch?v=QJlJTXyJgwA,"InFoDiTexT+ Vortrag 13.6.2023: Christian Thomas, Propyläen: Goethes Biographica",Text+,"Vortrag von Christian Thomas: ""Propyläen: Goethes – Biographica zwischen Druck[er]satz und Datenschatz"".",Geisteswissenschaften,,"Goethes Propyläen, Edition",de,,video,,2023-07-13,,,,
1bebcf08-962e-4366-95f4-2ca9a98a055a,Text+ : {organization},CC-BY-3.0,https://www.youtube.com/watch?v=6hW69L4aLVQ,Text+ FAIR February 2023 : Knowledge graphs for interoperable NFDI: Digital editions. Renat Shigapov,Text+,Impuls zum FAIR-Prinzip Reusability von Renat Shigapov (UB Mannheim) im Rahmen des Text+ FAIR February Meetup – Let's talk FAIR Digital Editions.,Geisteswissenschaften,,FAIR-Prinzipien,en,,video,,2023-07-11,,,,
26eecccb-6989-403e-9b98-9716cbf989a7,"Witt, Andreas * Werthmann, Antonia * Trippel, Thorsten * Skupch, Annica",CC-BY-4.0,https://zenodo.org/records/10550706,Sprache und Sprachressourcen im digitalen Alltag,Text+,"Poster des Text+ präsentiert beim Digital-Gipfel - Markt der digitalen Möglichkeiten, Jena 2024: Tagtäglich wird eine immense Anzahl von Texten in allen Disziplinen der Wissenschaft sowie im Alltag produziert und verwendet. Speziell als Sprachressourcen werden sie insbesondere in den letzten Jahren nicht nur in der Forschung, sondern auch darüber hinaus eingesetzt. So bilden große Textsammlungen die Grundlage für das Aufbauen und Trainieren von funktionalen Sprachmodellen, wie sie mittlerweile für die Lösung alltäglicher Aufgaben verwendet werden, sei es beispielsweise, um sich ein Dokument in eine andere Sprache zu übersetzen, sich den Weg über ein Navigationssystem zeigen zu lassen oder einfach eine Information im Internet zu suchen. Mehr denn je wird in Zukunft die Sprachverarbeitung bei der digitalen Transformation von zentraler Bedeutung sein, weshalb eine digitale Grundbildung über die Möglichkeiten und Grenzen von Sprachverarbeitungssystemen für alle Bürgerinnen und Bürger essentiell wird.",Computerphilologie,PDF,Sprachmodell,de,Poster,image,,2023-11-20,,,,
0ba1f89a-b816-4c0d-8220-e249f4888312,"Gaur, Abhijeet * Paripsa, Sebastian * Förste, Frank * Doronkin, Dmitry * Malzer, Wolfgang * Schlesiger, Christopher * Grunwaldt, Jan-Dierk * Kanngießer, Birgit * Lützenkirchen-Hecht, Dirk * Welter, Edmund",CC-BY-4.0,https://zenodo.org/records/8412918,Metadata Fields and Quality Criteria - XAS Reference Database under DAPHNE4NFDI,DAPHNE4NFDI,"Under DAPHNE4NFDI, we have been working on to set up a XAS reference database including raw and processed data with an interface developed for uploading and evaluating the data. In this context, defining metadata fields about the performed XAS experiments and documenting this information along with data is essential to make the measured data reusable by any researcher in a similar field and beyond. Another important aspect of a curated database is that users should be able to easily judge the quality and the usability of each data set by looking at the mentioned quality criteria. In the present work, we have discussed and highlighted the im-portance of metadata fields and quality criteria for the data to be uploaded at the XAS data-base.",,PDF,XAS * database * metadata * quality criteria,en,Poster,image,,2023-10-06,,,,
6777ea15-1efe-4021-a2ee-090a72fdd732,"Amelung, Lisa",CC-BY-4.0,https://zenodo.org/records/7414563,DAPHNE4NFDI. DAta from PHoton and Neutron Experiments,DAPHNE4NFDI,"DAPHNE4NFDI is the first (inter-)national attempt to bring together users and large-scale research facilities to create a comprehensive infrastructure to process research DAta from PHoton and Neutron Experiments (DAPHNE) according to the FAIR principles. Our community faces a common need for high-level, rapid data analysis and the challenge of implementing research data management for increasingly large and complex datasets. All this involves not only a broad range of scientific disciplines and stakeholders, but also the connection to complex instrumentation and IT. Within the talk, Lisa Amelung would like to inform about the DAPHNE4NFDI consortium and discuss (current) challenges and future tasks.",,PDF,Forschungsdatenmanagement * FDM * Forschungsdaten * NFDI * Nationale Forschungsdateninfrastruktur * Infrastruktur * FAIRe Daten * FAIR-Prinzipien * Metadaten * Metadatenerfassung * Datenanalyse * Photonenforschung * Neutronenforschung * research data management * RDM * research data * FAIR data * FAIR principles * National Research Data * Infrastructure * metadata * metadata capture * data analysis * photon research * neutron research * DAPHNE4NFDI,en,,presentation,,2022-11-18,,,,
86241e47-21e1-455f-891d-a37f4212fe1e,"Schmunk, Stefan * Lehmkuhl, Ursula",CC-BY-4.0,https://zenodo.org/records/10078729,Daten im Dienste der Geschichte - Was bedeutet Forschungsdatenmanagement in historisch arbeitenden Disziplinen?,NFDI4Memory,"In der Welt der Geschichtswissenschaften ist das Verständnis und die Handhabung von Forschungsdaten von entscheidender Bedeutung. Dieser Vortrag hat zum Ziel, den Begriff ""Forschungsdaten"" in diesem Kontext zu erläutern und zu verdeutlichen, welche Wechselwirkung zwischen Datenmanagement und Forschungsprozess bestehen. Von der Datenerhebung bis zur Auswertung sind klare Strukturen und effektive Strategien unerlässlich, um belastbare Ergebnisse zu erzielen, keine Daten- und Arbeitsverluste zu erleiden und auch, um sich die Arbeit an manchen Stellen zu erleichtern. Wir werden einen Blick auf die vielfältigen Aspekte des Datenmanagements werfen und darüber hinaus aufzeigen, warum es für jede* Geschichtswissenschaftler*in von großer Bedeutung ist, sich intensiv mit diesem Thema auseinanderzusetzen. Denn letztlich ist es das Datenmanagement, das uns ermöglicht, durch die Jahrhunderte zu navigieren und die Vergangenheit in all ihrer Komplexität zu entschlüsseln.",Geisteswissenschaften,PPTX,"NFDI4Memory, Forschungsdatenmanagement, research data management, FDM, RDM, Geschichtswissenschaften, historische Disziplinen, Von Büchern zu Bytes",de,,presentation,,2023-11-07,,,,
eb8fcd8e-ce4c-4883-b9a4-7467856ae792,"Hannemann, Moritz",CC-BY-4.0,https://zenodo.org/records/7188049,DAPHNE4NFDI,DAPHNE4NFDI,"Recording data with the help of photons and neutrons is limited to bigger institutes. Besides the limited time slots, this process is also quite expensive. To save resources, DAPHNE4NFDI focuses on creating ontologies and infrastructure to make all data from its participants FAIR. This enables users not only to use existing data but also to automatically fetch data for analysis. This analysis process can also be started in the institute context. This way, analysis can be made repeatable as well, because the used software is stored and versioned at the institutes.
Three big building blocks for this project are ontologies, metadata catalogs and a common search across all institutes. Onthologies are used to have the same names for the same variable or technique. Meta-data catalogs essentially are databases that store meta-data of the collected data. This meta-data describes the environment the data was collected in. The common search, along with the ontologies and meta-data catalogs, then enable users around the world to search for data by its meta-data.
A problem that other projects share is the sharing and tracking of data across multiple instances. If a sample is created in one institute and then taken to another one, the data has to be shared. Should the sample be altered or destroyed, this change has to be communicated to everyone else in order to save the whole life-cycle.
At JCNS we use the instrument control software Nicos. Nicos implements the concepts of data-sinks, which enables us to save the recorded data in multiple ways. To decouple Nicos and the meta-data catalog, we plan to use a structure that buffers every request. The two biggest advantages are network connection independence and logging of all operations.",,PDF,daphne * nfdi * dpahne4nfdi * metadata * fair,en,Poster,image,,2022-10-12,,,,
19102e1c-a317-45ce-ad23-49f6bdff7106,"Görgen, Christiane * Sinn, Rainer",proprietary,https://www.degruyter.com/document/doi/10.1515/dmvm-2021-0049/html,"Mathematik in der Nationalen Forschungsdateninfrastruktur
",MaRDI,,,PDF,,de,Article,text,,2021-10-12,,,,
3e71b5ac-4749-4f02-a5b4-e6ee6d462306,"Benner, Peter * Burger, Michael * Göddeke, Dominik * Görgen, Christiane * Himpe, Christian * Hintermüller, Michael * Heiland, Jan * Koprucki, Thomas * Ohlberger, Mario * Rave, Stephan * Reidelbach, Marco * Saak, Jens * Schöbel, Anita * Tabelow, Karsten * Weber, Marcus",proprietary,https://www.mardi4nfdi.de/resources/publications,Die mathematische Forschungsdateninitiative in der NFDI: MaRDI,MaRDI,,,PDF,,en,Article,text,,2022,,,,
50640a54-abd4-4af3-9ea6-b1dbcdcb062d,"Ringe, Wolf-Georg * Müller-Brehm, Jaana",proprietary,https://www.youtube.com/watch?v=QroC8mF_MPw,CONVERSATIONS ON AI ETHICS - EP07: WHAT IS THE EU AI ACT?,NFDI4DataScience,"In this episode of “Conversations on AI Ethics”,  Prof. Dr. Wolf-Georg Ringe and Jaana Müller-Brehm explain what the upcoming EU AI Act is. What are the basic principles of the act? What aspects of AI is it going to regulate? ",,,,en,,video,,2024-01-24,,,,
f608f14e-8ee7-4ac7-a567-439da9e207cc,"Ringe, Wolf-Georg * Müller-Brehm, Jaana",proprietary,https://www.youtube.com/watch?v=0_xcKzkz-MA,CONVERSATIONS ON AI ETHICS - EP08: DISCUSSING THE EU AI Act,NFDI4DataScience,"In this episode of “Conversations on AI Ethics”,  Prof. Dr. Wolf-Georg Ringe and Jaana Müller-Brehm continue to discuss the EU AI Act. How is the new law going to shape the AI industry? Is it going to solve many of the issues with AI? What are its limitations?",,,,en,,video,,2024-01-24,,,,
c936b68e-96c0-4c9e-bd72-fbfaca683efc,"Simon, Judith ",proprietary,https://www.youtube.com/watch?v=vqzf3xrU3Bc,CONVERSATIONS ON AI ETHICS - EP06: WHAT IS ALGORITHMIC BIAS?,NFDI4DataScience,"This episode of “Conversations on AI Ethics”,  Prof. Dr. Judith Simon sheds light on the issue of algorithmic bias. What is algorithmic bias? What is its cause? And how does it affect people?",,,,en,,video,,2024-01-17,,,,
63f86177-5fa0-4719-b6a7-ba1c436a0355,"Barton, Michael ",proprietary,https://www.youtube.com/watch?v=oG9_Y2Kfl5Y,Open Modeling Foundation @ NFDI4DataScience Lecture Series,NFDI4DataScience,The Open Modeling Foundation: a Global Community for Standards-Based Modeling of Human and Natural Systems,,,,en,,video,,2023-01-26,,,,
f8954f90-4aaa-479b-8157-60154f4b07fa,"Simon, Judith ",proprietary,https://www.youtube.com/watch?v=LPWyNQDGGyI,CONVERSATIONS ON AI ETHICS - EP02: ARE AI MODELS VALUE-NEUTRAL?,NFDI4DataScience,"In this episode of “Conversations on AI Ethics”, Prof. Dr. Judith Simon and Jaana Müller-Brehm explain whether or not AI models are value-neutral. If not, how are AI models shaped by values? And what impact does that have on us?",,,,en,,video,,2023-12-13,,,,
b59f2afe-b628-471e-a464-9c7ce5fee7e1,"Schimmler, Sonja * Altenhöner, Reinhard * Bernard, Lars * Fluck, Juliane * Klinger, Axel * Lorenz, Sören * Mathiak, Brigitte * Miller, Bernhard * Ritz, Raphael * Schörner, Thomas * Sczyrba, Alexander * Stein, Regine",CC-BY-4.0,https://zenodo.org/records/10620261,"The concept of ""Service Stewards"" as envisaged for Germany's NFDI Initiative Base4NFDI",Base4NFDI,An overview of the newly established concept of the 'service steward' in Base4NFDI who are in place to support the development of basic services for NFDI. The concept of the Service Stewards was conceived to support the service development process through all stages of the development. They will ensure a smooth interplay between the NFDI consortia and partner organisations involved in the development of a service and the Sections. They are particularly responsible for interfacing with the consortia. They scout the consortia’s infrastructure landscape with regard to certain service candidates and act as requirement engineers in specific domains.,,PDF,,en,Article,text,,2024-02-05,,,,
6b20a4ea-736e-4d9c-aeeb-5a469d16a2e7,"Rossenova, Lozana * Shigapov, Renat * Schubotz, Moritz * Mietchen, Daniel",CC-BY-4.0,https://zenodo.org/records/8337432,KGI4NFDI: Knowledge Graph Infrastructure for the German National Research Data Infrastructure,NFDI4Culture * Base4NFDI,"Knowledge Graphs (KG) play an integral role in achieving interoperability in NFDI. While several consortia are building individual KG solutions, reusable KG infrastructure-as-a-service (KGI) is missing. To start discipline-specific KG work easily, NFDI consortia, participant institutions and researchers need reusable, scalable KGI. The proposed base service will provide it. Following a landscape analysis, the initialization phase will focus on a pilot KGI based on Wikibase, the software behind Wikidata. Wikidata is among the most popular, large-scale implementations of KG technology worldwide. It is widely used in scientific knowledge management and is an important advocacy tool for open data. Developing the pilot KGI includes establishing easy-to-scale infrastructure-as-a-service allowing NFDI stakeholders to create KGs without administrative overhead; developing an interoperability framework for connecting KGs with research infrastructures; establishing a KGI-consultancy to increase adoption of the KGI-service. The outcomes of the initialization phase ensure the expansion of the service in subsequent phases: the landscape analysis will lead to new partnerships with additional KG-tool providers; the consultancy service will expand operation beyond Wikibase KGs; and the interoperability framework will extend across Wikibase and non-Wikibase KGs towards a unified NFDI with a EOSC compatibility layer.",,PDF,Knowledge Graphs Knowledge * Graph Infrastructure * Wikibase * Wikidata * Research Data Management * NFDI * Nationale Forschungsdateninfrastruktur,en,Article,text,,2023-09-12,,,,
797547d3-1aea-43b4-bda9-bb1e7c4253f8,"Stocker, Markus * Rossenova, Lozana * Shigapov, Renat * Betancort, Noemi * Dietze, Stefan * Murphy, Bridget * Bölling, Christian * Schubotz, Moritz * Koepler, Oliver",CC-BY-4.0,https://zenodo.org/records/7802304,Knowledge Graphs - Working Group Charter (NFDI section-metadata),Base4NFDI,"Knowledge Graphs are a key technology for implementing the FAIR principles in data infrastructures by ensuring interoperability for both humans and machines. The Working Group ""Knowledge Graphs"" in Section ""(Meta)data, Terminologies, Provenance"" of the German National Research Data Infrastructure (Nationale Forschungsdateninfrastruktur (NFDI) e.V.) aims to promote the use of knowledge graphs in all NFDI consortia, to facilitate cross-domain data interlinking and federation following the FAIR principles, and to contribute to the joint development of tools and technologies that enable transformation of structured and unstructured data into semantically reusable knowledge across different domains.",,PDF,NFDI * Base4NFDI * FAIR principles * knowledge graph * research data management * knowledge graphs,en,Article,text,,2023-04-05,,,,
0bc9139e-967b-468c-b85a-2ac4797c585f,"Enke, Harry * Hausen, Daniela * Henzen, Christin * Jagusch, Gerald * Krause, Celia * Schönau, Sabine * Weimer, Lukas * Windeck, Jürgen",CC-BY-4.0,https://zenodo.org/records/7540682,Data management planning: Concept for Setting up a Working Group in the NFDI Section Common Infrastructures,Base4NFDI,"Nowadays, it is fairly common that scientific communities are collaborating at distributed
locations, and there can be seen a tendency to have data collections subject to a rigorous
research data management (RDM). For example, researchers face the upcoming requirements
of the funding agencies regarding data management. Here, a data management plan (DMP) is
an opportunity to accompany the generation and processing of data, as well as generating
specified data management plans, reports, etc. As has been shown in many cases, it is of
particular importance for communication and early RDM awareness in projects, institutions,
etc. In addition, previous surveys have shown that some of the NFDI consortia see the
importance of DMP tools to manage information efficiently and therefore have adapted the
RDMO software for this purpose.
It also became clear that the topic of DMP should be considered on an implementation and
on a conceptual level, i.e. including templates and (disciplinary) guidelines. The working
group promotes the corresponding coordination processes between the consortia (content
and technical aspects), conducts needs analyses in the area of DMPs and develops both
conceptual and software-related development paths and a sustainable operating model.",,PDF,DMP * NFDI * Base4NFDI,en,Report,text,,2023-01-16,,,,
308e1f19-81d9-4fad-acb5-3dd059ab4802,"Bleier, Arnim * Koumpis, Adamantios ",CC-BY-4.0,https://zenodo.org/records/6498197,Data Science & AI: Concept for Setting up a Working Group in the NFDI Section Common Infrastructures,Base4NFDI,"Due to the nature of NFDI as a science-led, interdisciplinary community aiming to promote systematic access to research data with the aim for them to become FAIR (findable, accessible, interoperable, reusable) and form parts of dynamic constellations, the WG on Data Science and Artificial Intelligence (DSAI) aims to coordinate and facilitate project-wide collaboration. We do so by taking advantage of the cross-cutting topics centered on technical, legal and ethical and governance of research data which have been subject of on-going discussions amongst NFDI consortia in the last year and for which a far-reaching consensus has been acquired.",,PDF,NFDI * Base4NFDI * Data Science * AI,en,Report,text,,2022-04-27,,,,
131a6034-56b6-4d24-ae97-e332b13fb0d8,"Plomp, Esther",CC-BY-4.0,https://doi.org/10.5281/zenodo.8418095,Data Carpentry: Data Organization in Spreasheets for Social Scientists,Data Carpentry,"Presentation based on the Data Carpentry lesson materials: Data Organization in Spreadsheets for Social Scientists.

Presentation by Esther Plomp as part of the Data Carpentry Workshop organised by TU Delft, Leiden University, Vrije Universiteit and Erasmus University Rotterdam on 12-13 October 2023. For more information, please see the workshop website.",Social Sciences,PDF * PPTX,Data Carpentry * Spreadsheets * Carpentries * Tidy Data * RDM * Research Data Management * TU Delft,en,,presentation,,2023-10-12,,isPartOf:https://zenodo.org/communities/datastewards/records?q=&l=list&p=1&s=10&sort=newest,,