DALIA_ID,Authors,License,Link,Title,Community,Description,Discipline,FileFormat,Keywords,Language,LearningResourceType,MediaType,ProficiencyLevel,PublicationDate,TargetGroup,RelatedWork,Size,Version
7b9e677d-6b7d-47cb-9dd6-007d00281942,"Edmond, Jennifer",CC-BY-4.0,http://training.parthenos-project.eu/sample-page/introduction-to-collaboration-in-research-infrastructures/,Introduction to Collaborations in Research Infrastructures,PARTHENOS (S) * DARIAH (R),"Is humanities research collaborative? Some would say that with our traditions of independent research and single authorship, it is not. This is not really true for any humanist, however, as collaboration does occur within classrooms, on-line communities, and within disciplinary networks. For the digital humanities, this is even more the case, as the hybridity of our methods require us to work together. Very few digital humanists can master entirely on their own the domain, information and software challenges their approach presents, and so we tend to work together.

By the end of this module you should be able to: 1) Understand what is meant by collaboration in humanities research, 2) Be aware of how this model impacts upon the development of digital humanities, and digital humanities research infrastructures.",https://w3id.org/kim/hochschulfaechersystematik/n01,,Research infrastructure,en,Lecture,,,2017-02-17,,,,1.0.0
be6e1626-e2df-4ab8-93d6-5f366308780f,"Bruseker, George * Schuster, Kristen",CC-BY-4.0,http://training.parthenos-project.eu/sample-page/formal-ontologies-a-complete-novices-guide/,Formal Ontologies: A Complete Novice's Guide,PARTHENOS (S) * DARIAH (R),"If you have worked with or managed data, the chances are you have probably at least heard of ‘ontologies’ or some other methods of formal knowledge representation. The concept of ontologies in a philosophical sense could be something that you are more or less comfortable with but they could be something that you find a bit daunting, especially if you don’t know where to begin.

This module is specifically aimed at those who are not yet familiar with ontologies as a means of research data management, and will take you through some of the main features of ontologies, and the reasons for using them.

By the end of this module, participants should be able to: understand what we mean by ‘Data Hetereogeneity’, and how it affects knowledge representation; understand and explain the basic concept of an ontology; and understand and explain how ontologies are used to curate and share research data.",https://w3id.org/kim/hochschulfaechersystematik/n01,,Ontologies * Data management,en,Lecture,,,2018-12-07,,,,1.0.0
191722c0-ec72-4c84-9b7f-b43872db2f1a,"Edmond, Jennifer * Laepke, Stefanie * Seirig, Rebecca * Uiterwaal, Frank * Wuttke, Ulrike",CC-BY-4.0,http://training.parthenos-project.eu/sample-page/intro-to-ri/,Introduction to Research Infrastructures,PARTHENOS (S) * DARIAH (R),"By the end of this training module, you will be able to: understand the elements of common definitions of research infrastructures; be able to discuss the importance of issues such as sustainability and interoperability; understand how research infrastructure supports methods and communities; and be aware of some common critiques of digital research infrastructures in the Humanities.",https://w3id.org/kim/hochschulfaechersystematik/n01,,Research infrastructures,en,Lecture,,,2018-04-11,,,,1.0.0
80fd6ac8-0eaa-40ba-92cd-9a684537b702,"Benardou, Agiatis * Clivaz, Claire * Edmond, Jennifer * Fischer, Frank * Lhoták, Martin * Paavolainen, Maija * Romary, Laurent * Ros, Salvador * Rusinek, Sinai * Tasovac, Toma",CC-BY-4.0,https://hdl.handle.net/21.11159/0195cc28-a395-71c9-8994-2b3e34e21e69,What is the Role of Training and Education in Research Infrastructures?,DESIR (R) * DARIAH (R),DARIAH Director Toma Tasovac spoke to fellow DARIAHns and colleagues from prospective DARIAH countries about their own educational backgrounds and the role of training and education in digital research infrastructures. The interviews show that there is no single educational trajectory which produces DH scholars. The diversity of our backgrounds is one of the main strengths of our field.,https://w3id.org/kim/hochschulfaechersystematik/n01,,DH,en,,video,,2019-04-18,,,,1.0.0
46b17cd2-c3c1-4b6e-bb8c-a82e6dfe6fed,"Schreibman, Susan * Papadopoulos, Costas",CC-BY-4.0,https://teach.dariah.eu/course/view.php?id=26,Introduction to Digital Humanities,DARIAH (S),"This course brings together established and emerging scholars from different parts of the world, fields and disciplines, theoretical and methodological traditions, who demonstrate the diversity of Digital Humanities by critically approaching schools of thought, methods, tools, standards, projects, and teaching practices in a series of videos. At present, we have two strands: one that addresses the question What is Digital Humanities under the title: ‘My Digital Humanities’; and a second entitled ‘Digital Humanities in Practice’ which goes into more depth theoretically or methodologically, or focuses on disciplinary practice, standards or approaches.

All videos include metadata about the speakers, the contributors, and the production, as well as a list of references for those who would like to delve into the various topics. Each video is also tagged using terms from the NeDiMAH Methods Ontology (NeMO), a CIDOC-CRM compliant ontological model which explicitly maps out the interplay of factors of agency (actors and goals), process (activities and methods) and resources (information resources, tools, concepts) in Digital Humanities scholarly processes.",https://w3id.org/kim/hochschulfaechersystematik/n01,,DH,en,Lecture,,,2016-12-13,,,,1.0.0
34a44071-0a10-4ac9-b384-c3772518acdc,"Edmond, Jennifer",CC-BY-4.0,https://training.parthenos-project.eu/sample-page/manage-improve-and-open-up-your-research-and-data/,"Manage, Improve and Open Up Your Research Data",PARTHENOS (S) * DARIAH (R),"This module looks at emerging trends and best practice in data management, quality assessment and IPR issues. It looks at policies regarding data management and their implementation, particularly in the framework of a Research Infrastructure.
Learning Outcomes

By the end of this module, you should be able to:

    understand and describe the FAIR Principles and what they are used for;
    understand and describe what a Data Management Plan is, and how they are used;
    understand and explain what Open Data, Open Access and Open Science means for researchers;
    describe best practices around data management; and
    understand and explain how Research Infrastructures interact with and inform policy on issues around data management.",https://w3id.org/kim/hochschulfaechersystematik/n01,,Research infrastructures * Data management * Open science,en,Lecture,,,2018-01-26,,,,1.0.0
a9383f26-6180-41f3-8c42-703a7376c22f,"Edmond, Jennifer",CC-BY-4.0,http://training.parthenos-project.eu/sample-page/management-challenges/,Management Challenges in Research Infrastructures,PARTHENOS (S) * DARIAH (R),"This module looks at some of the key management issues that arise within research infrastructures with a clarity and urgency they don’t often have below the infrastructural scale. It also looks at key trends and developments in these areas, and how exemplar projects are applying them. In particular, this module covers: User Engagement, Communications and Audiences, Sustainability, and the Macro-level issues, including managing the political environment.",https://w3id.org/kim/hochschulfaechersystematik/n01,,Research infrastructures,en,Lecture,,,2018-04-11,,,,1.0.0
eefdbfbe-48d8-4653-983f-60e2328cb1db,"Gordon, Tamar",CC-BY-4.0,https://teach.dariah.eu/mod/page/view.php?id=341,Mixed Reality and Social Engagement,DARIAH (S),"This video features Tamar Gordon, Professor of Anthropology at Rensselaer Polytechnic Institute, USA. In this video she discusses Mixed Reality and Social Engagement. Tamar talks about Augmented Reality as a tool that can make history come alive, while helping us to interpret cultural-historical environments and reflect upon our own experience and subject position within our own society.",https://w3id.org/kim/hochschulfaechersystematik/n01,,Augmented reality,en,,video,,2016-12-08,,,,1.0.0
38363a1b-d4ee-4537-a762-898844e85a5a,"Clivaz, Claire * Sankar, Martial",CC-BY-4.0,https://teach.dariah.eu/course/view.php?id=24&section=0,Multimodal Literacies,DARIAH (S),"This course invites you to discover the world of digital multimodal literacies through examples, experiments, readings and tools. Unit I consists of an introduction to multimodal literacies. Unit II allows you to discover, read and experiment with different examples of multimodal literacies. Finally, Unit III will allow you to build your own multimodal editing tool, an eTalk, on a virtual machine. Enjoy your travels in multimodal literacies!",https://w3id.org/kim/hochschulfaechersystematik/n01,,Multimodality * Editing tools,en,Lecture,,,2016-11-27,,,,1.0.0
16a8fdab-b783-4e4e-84e7-0d7834ac9bba,"Mandell, Laura",CC-BY-4.0,https://teach.dariah.eu/mod/page/view.php?id=307,My Digital Humanities: A Feminist Reading,DARIAH (S),"This video features Laura Mandell, Professor of English and Director of the Initiative for Digital Humanities, Media, and Culture a Texas A&M University. Laura defines feminism from a Digital Humanities perspective arguing for a need to adjust practices so that they are not replicating the sexist infrastructure of the traditional academy and business world.",https://w3id.org/kim/hochschulfaechersystematik/n01,,Feminism * DH,en,,video,,2016-11-09,,,,1.0.0
5fbef568-96af-4b48-a927-f2b35dbe0944,"Rockwell, Geoffrey * Sinclair, Stéfan",CC-BY-4.0,https://teach.dariah.eu/mod/page/view.php?id=218,My Digital Humanities: Visualising Text,DARIAH (S),"This video features Geoffrey Rockwell, Professor of Philosophy and Humanities Computing at the University of Alberta, Canada and Stéfan Sinclair, Associate Professor of Digital Humanities at McGill University. Their discussion involves text visualisation within Digital Humanities, thus emphasising, that visualisation is not the end product, but an intellectual process of thinking and interpreting text. Interactive visualisations, uses of visualisation for narrative, physical computing, video games, and Pokemon Go are also discussed.",https://w3id.org/kim/hochschulfaechersystematik/n01,,Data visualisation * DH,en,,video,,2016-10-18,,,,1.0.0
ae11bb51-c2eb-440e-b65f-12122fccf399,"Constantopoulos, Panos",CC-BY-4.0,https://teach.dariah.eu/course/view.php?id=31,An Introduction to Conceptual Modelling,DARIAH (S),"This workshop introduces the basics of conceptual modelling and ontologies. We discuss the principles and techniques that can be used in order to formulate the knowledge we have about a specific domain in such a way that it can be understood and used in reasoning tasks by both humans and machines. The nature and role of models is reviewed. Focusing on conceptual models, we present the building blocks and mechanisms used to create them. Some frequent modelling issues and usual practices addressing them are discussed. Step-by-step examples are given, as well as a small set of assignments for personal practice. An introduction to ontologies as a kind of models supporting data access, integration, interoperability and application development, along with a short overview of CIDOC CRM as an exemplar ontology for the cultural domain, finish off the workshop.",https://w3id.org/kim/hochschulfaechersystematik/n01,,Data modeling * Ontologies,en,Lecture,,,2017-03-14,,,,1.0.0
cbf1462b-4b06-4d5a-88cf-3ae45cbb25ba,"Bunout, Estelle * Cooper, Sarah * Düring, Marten * Fišer, Darja * Hodgson, Heather * Jones, Chris * Kogou, Sotiria * Lenardič, Jakob * Liang, Haida * Middendorf, Jennifer * Pickup, Christopher * Thomson, Christopher",CC-BY-4.0,https://training.parthenos-project.eu/sample-page/digital-humanities-research-questions-and-methods/,Digital Humanities Research Questions and Methods,PARTHENOS (S) * DARIAH (R),"This module is dedicated to developing research questions in the Digital Humanities (DH), especially on finding, working with, and contributing data to digital collections and using digital Research Infrastructures (RIs). It will show examples of how DH and eHeritage approaches in cooperation with relevant RIs can lead to innovative research questions and methods.

The target audiences of this module are Digital Humanities and Cultural Heritage (CH) researchers and practitioners who wish to learn how to best benefit from and work with digital collections using digital RIs. The module is also suitable for computer scientists and researchers/practitioners in data centres who want to gain insight into more humanities & cultural heritage related aspects of digital research infrastructures.",https://w3id.org/kim/hochschulfaechersystematik/n01,,DH * Research infrastructures * Eheritage,en,Lecture,,,2019-04-19,,,,1.0.0
385ed738-be4b-446d-aa44-80e26969837f,"Tasocav, Toma",CC-BY-4.0,https://teach.dariah.eu/course/view.php?id=20,Digitising Dictionaries,DARIAH (S),"This course is an introduction to the theories, practices, and methods of digitizing legacy dictionaries for research, preservation and online distribution.

It focuses on a particular technique of modeling and describing lexical data using eXtensible Markup Language (XML) in accordance with the Guidelines of the Text Encoding Initiative, a de-facto standard for text encoding among humanities researchers.

While there are other ways to conceptualize, store, preserve, and disseminate lexical data (such as using relational structures and relational databases), this course will not cover those methods. Rather, in this course you will get a fundamental understanding of how to analyze, identify and describe dictionary data in order to query it or share it with others.",https://w3id.org/kim/hochschulfaechersystematik/n01,,TEI * Lexicography * XML * Data modeling * Scholarly editions,en,Lecture,,,2016-07-21,,,,1.0.0
42d433da-9428-4f68-9860-473b5b8ac171,"Earl, Graeme",CC-BY-4.0,https://teach.dariah.eu/mod/page/view.php?id=500,Open Education and MOOCs,DARIAH (S),"This video features Prof. Graeme Earl (Director of Enterprise and Impact (Humanities), University of Southampton) talking about the benefits and challenges of Open Education and Massive Open Online Courses. This video was recorded during the Virtual Heritage Network Conference (December 2016, Cork, Ireland) while he was Professor of Digital Humanities at the University of Southampton. Prof. Earl subsequently moved to King’s College London where he is a Professor of Digital Humanities.",https://w3id.org/kim/hochschulfaechersystematik/n01,,MOOC * Open education,en,,video,,2017-10-16,,,,1.0.0
43e797db-85b6-419e-976b-ed0a071e6a16,"Huang, Marianne * Kreutzfeldt, Jacob * Lawaetz, Anna",CC-BY-4.0,https://teach.dariah.eu/course/view.php?id=27,Sound Studies,DARIAH (S),"The course introduces Sound Studies as a discipline that explores the multiple end dynamic meanings of sounds. Traditionally sound is seen as a medium for signification: the content of a radio program is the spoken word, and the content of music is musical form or structure. Sound Studies go beyond the paradigm of medium/content to reflect how sonic experiences are codified and interpreted at different cultural, discursive and historical moments. How do voice qualities and timbre produce meanings in different contexts? How can a sonic environment or a soundscape be experienced as meaningful respectively noisy?

Sound Studies are open to historical or cross-cultural investigations as well as to exploratory investigations of sound in contemporary culture. It puts emphasis on developing skills in analyzing of, reflecting in and communicating through sound.

The course incorporates video tutorials as well as interactive texts and assignments, where students are encouraged to use audio technologies. It draws in open access texts from established journals in the field and The Sound Studies Reader (ed. Jonathan Sterne, 2012), which students are recommended to acquire. Though being embedded within a multimodal field of resources and practices, Sound Studies privileges sound resources as well as methods that will allow learners to work beyond transcripts, thus introducing to sound as an artistic, cultural and meaning making field of its own.

The goal of the Sound Studies course is to equip you with basic knowledge and skills to deal with these opportunities.",https://w3id.org/kim/hochschulfaechersystematik/n01,,Sound studies,en,Lecture,,,2016-10-25,,,,1.0.0
494df110-c851-436e-8a19-18bd93eb4b2f,"Nieves, Angel",CC-BY-4.0,https://teach.dariah.eu/mod/page/view.php?id=309,Spatial Humanities & Social Justice,DARIAH (S),"This video features Angel D. Nieves, Professor of Africana Studies and Digital Humanities at Hamilton College, US. In this video, Angel talks about black spatial humanities, a field that tries to find out more about the history of African-descended people globally and the ways which digital humanists can begin to look at forms of institutional racism that have shaped African diaspora’s experiences. He gives examples of his 3D visualisation work that looks at the ways in which the Apartheid government imposed restrictions to African-descended people and how such lost histories can be effectively communicated to a wider audience.",https://w3id.org/kim/hochschulfaechersystematik/n01,,Spatial humanities,en,,video,,2016-11-23,,,,1.0.0
29da93bc-b9ff-4da9-b53e-6eb3dc1cd0ec,"Baillot, Anne * Burghart, Marjorie * Blackwell, Christopher W. * Bordier, Julien * Crane, Gregory * Flack, Patrick * Galleron, Ioana * Košarko, Ondřej * Kovalenko, Kira * Larrousse, Nicolas * Malínek, Vojtěch * Maryl, Maciej * Messina, Adele Valeria * Morlock, Emmanuelle * Mounier, Pierre * Munson, Matthew * Plantin, Jean-Christophe * Puren, Marie * Riondet, Charles * Schöpfel, Joachim",CC-BY-4.0,https://hdl.handle.net/21.11159/019595c3-4e84-7011-908e-79c668ae60f5,Open Data Citation for Social Science and Humanities,DARIAH (S),"The main topic is the evolution of publication issues in social sciences and humanities, in a context of Open Access, with the underlying goal of promoting open science through the question of open data citation.",https://w3id.org/kim/hochschulfaechersystematik/n01,,Open science * Open access * Scholarly publishing * Data management,en,,text * video,,2019-04-20,,,,1.0.0
2e51d3f3-3720-483a-baff-b849eed282ab,"Ros, Salvador",CC-BY-4.0,https://hdl.handle.net/21.11159/019595c5-217a-716b-a7e0-8eed565c1794,"Researchers Have to Talk a Lot, Exchange Ideas - to Try to Understand Each Other",DARIAH (S) * DESIR (S),"Salvador Ros has a background in physics and computer science, and is now working in the digital humanities. Humanities scholars and scientists have different ways of thinking, he points out in this video. This can be a problem, he finds. Both sides lack knowledge about each other’s disciplines, so researchers have to talk a lot, exchange ideas - to try to understand each other. Humanities scholars who want to conduct digital research need to know at least the basic concepts of the relevant programming languages, he argues. He ends by discussing the definition and roles of a ‘research infrastructure’ such as DARIAH, especially in facilitating digital tools and how to use them in relation to our research questions.

This is part of a series entitled ‘What is the Role of Training and Education in Research Infrastructures?’. DARIAH Director Toma Tasovac spoke to fellow DARIAHns and colleagues from prospective DARIAH countries about their own educational backgrounds and the role of training and education in digital research infrastructures. The interviews show that there is no single educational trajectory which produces DH scholars. The diversity of our backgrounds is one of the main strengths of our field.",https://w3id.org/kim/hochschulfaechersystematik/n01,,Research infrastructures * Training * education,en,,video,,2019-04-22,,,,1.0.0
301b4b61-5954-4b1b-92e6-331602739d5f,"Paavolainen, Maija",CC-BY-4.0,https://hdl.handle.net/21.11159/019595c5-1379-73dc-a63b-f1445b33df60,DARIAH can help researchers to use digital methods at every stage of their research,DARIAH (S) * DESIR (S),"Maija Paavolainen explains the challenges of finding a ‘common language’ in the digital humanities. She finds that simply talking about this issue helps. Thus, experience in communicating across disciplines is a positive outcome of training initiatives in itself. The role of research infrastructures, she argues, is certainly in sharing tools and best practices. However, most importantly, it is also to create opportunities for people to meet and learn face-to-face. She explains that humanities scholars are more accustomed to using digital methods and tools in the initial (information gathering) and final (publication) stages of research. However, DARIAH, specifically, can help them to also use them in the core part of the research process - i.e. in organising, annotating, and enriching data.

This is part of a series entitled ‘What is the Role of Training and Education in Research Infrastructures?’. DARIAH Director Toma Tasovac spoke to fellow DARIAHns and colleagues from prospective DARIAH countries about their own educational backgrounds and the role of training and education in digital research infrastructures. The interviews show that there is no single educational trajectory which produces DH scholars. The diversity of our backgrounds is one of the main strengths of our field.",https://w3id.org/kim/hochschulfaechersystematik/n01,,Research infrastructures * Training * education,en,,video,,2019-04-23,,,,1.0.0
1132f9aa-1389-4252-ab09-cba238b3dd64,"Edmond, Jennifer",CC-BY-4.0,https://hdl.handle.net/21.11159/019595c5-17be-76c8-a152-57c601fee76c,From Literary History to Digital Research Infrastructure: Pushing Beyond Boundaries,DARIAH (S) * DESIR (S),"In this video, Jennifer Edmond gives us insights into her background in critical theory approaches and German literary history, through a spell in technical support and research strategy in the humanities, and how this has impacted her work in DARIAH. She talks about the importance of pushing beyond the foundations of your academic training to do new things in the humanities. How can the system vaildate this kind of groundbreaking research, and make it possible for early career researchers to make the leap? She explains the unique role of DARIAH in this process.

This is part of a series entitled ‘What is the Role of Training and Education in Research Infrastructures?’. DARIAH Director Toma Tasovac spoke to fellow DARIAHns and colleagues from prospective DARIAH countries about their own educational backgrounds and the role of training and education in digital research infrastructures. The interviews show that there is no single educational trajectory which produces DH scholars. The diversity of our backgrounds is one of the main strengths of our field.",https://w3id.org/kim/hochschulfaechersystematik/n01,,Research infrastructures * Training * education,en,,video,,2019-04-23,,,,1.0.0
662727e2-1b44-4814-bff1-e2578569bf92,"Mandell, Laura",CC-BY-4.0,https://hdl.handle.net/21.11159/019595c5-1822-752a-9f4e-f5e13d86a7d7,Gender and Stylistics,DARIAH (S),"This video features Laura Mandell (Professor of English and Director of the Initiative for Digital Humanities, Media, and Culture at Texas A&M University) discussing the flawed binary nature of stylometric algorithms used to detect gender and illustrates these flaws by discussing the work of Mary Wollstonecraft.",https://w3id.org/kim/hochschulfaechersystematik/n01,,Feminism,en,,video,,2019-04-23,,,,1.0.0
0f640433-c598-437c-b9a3-7e27e0e71b74,"Clivaz, Claire",CC-BY-4.0,https://hdl.handle.net/21.11159/019595c5-204b-7478-acc7-3ebfca16c3a5,One phrase that appears again and again is: 'continuous training',DARIAH (S) * DESIR (S),"Claire Clivaz explains how she has found that the tensions between disciplines in interdisciplinary work can be similar no matter what disciplines are being combined. Encounters between biology and computing can be as challenging as between humanities disciplines and computing. Who trains new students? How do we transfer techniques across these different ‘worlds’? She began her academic career in biblical manuscript studies but developed an interest in the digital humanities very quickly, at a time when the impact of computing was being felt in the humanities more widely. She explains the usefulness of the DH Course Registry in finding university-based, formal, DH training in Switzerland. However, she argues that informal opportunities to learn are crucial. One phrase that appears again and again in the digital humanities, she states, is: continuous training.

This is part of a series entitled ‘What is the Role of Training and Education in Research Infrastructures?’. DARIAH Director Toma Tasovac spoke to fellow DARIAHns and colleagues from prospective DARIAH countries about their own educational backgrounds and the role of training and education in digital research infrastructures. The interviews show that there is no single educational trajectory which produces DH scholars. The diversity of our backgrounds is one of the main strengths of our field.",https://w3id.org/kim/hochschulfaechersystematik/n01,,Research infrastructures * Training * education,en,,video,,2019-04-23,,,,1.0.0
e1c95876-12fb-4fb1-aba9-f64b771bd323,"Fischer, Frank",CC-BY-4.0,https://hdl.handle.net/21.11159/019595c5-2114-7249-bc8c-d57cc242f986,Research Infrastructures are Vital in Providing Hands-on training,DARIAH (S) * DESIR (S),"Building on an unusual interdisciplinary background that combined computer science and literature in equal measure, Frank Fischer found his place in the digital humanities. In this video, he explains how his background has enabled him to understand ‘both sides’ of a digital humanities project - i.e. the humanities and the technical. He discusses the distinction between formal and informal education, arguing that the more ‘alternative’ teaching methods used in the digital humanities (workshops, summer schools etc) are crucial in developing new skills. Finally, he discusses how research infrastructures are vital in providing this kind of hands-on training, since they synthesise the ‘social’ and the ‘technical’.

This is part of a series entitled ‘What is the Role of Training and Education in Research Infrastructures?’. DARIAH Director Toma Tasovac spoke to fellow DARIAHns and colleagues from prospective DARIAH countries about their own educational backgrounds and the role of training and education in digital research infrastructures. The interviews show that there is no single educational trajectory which produces DH scholars. The diversity of our backgrounds is one of the main strengths of our field.",https://w3id.org/kim/hochschulfaechersystematik/n01,,Research infrastructures * Training * education,en,,video,,2019-04-23,,,,1.0.0
b7d1428e-4f11-4952-89dd-1aeebdc5d0d2,"Benardou, Agiatis",CC-BY-4.0,https://hdl.handle.net/21.11159/019595c5-2145-727c-a34a-3c20a5f76c35,"Research Infrastructures Should Inspire, Theoretically and Practically",DARIAH (S) * DESIR (S),"Agiatis Benardou began her academic career with degrees in ancient history, and her first employment was in cultural organisations. She met and was hired by a scholar who introduced her to digitisation projects and as a result she was exposed to the ‘digital world’. Dr Bernardou became involved in preparing DARIAH as a project, and her experience in digitisation was useful in her professional transition into work in a research infrastructure. She argues that research infrastructures are all about people. They should focus on inspiring researchers theoretically, and also practically by exposing them to the most state-of-the-art tools and techniques.

This is part of a series entitled ‘What is the Role of Training and Education in Research Infrastructures?’. DARIAH Director Toma Tasovac spoke to fellow DARIAHns and colleagues from prospective DARIAH countries about their own educational backgrounds and the role of training and education in digital research infrastructures. The interviews show that there is no single educational trajectory which produces DH scholars. The diversity of our backgrounds is one of the main strengths of our field.",https://w3id.org/kim/hochschulfaechersystematik/n01,,Research infrastructures * Training * education,en,,video,,2019-04-23,,,,1.0.0
ca66fb7d-a5ac-4810-8864-b3d764eeb107,"Romary, Laurent",CC-BY-4.0, https://hdl.handle.net/21.11159/0195cc28-a2f6-75c4-9a12-e695e2d64c91,We Are a 'People Infrastructure' and Training is Crucial to That,DARIAH (S) * DESIR (S),"In this video, Laurent Romary gives his perspective on training and education in research infrastructures. He reveals how his engineering background taught him precision in analysing computer concepts, and how this has impacted on his role in a humanities research infrastructure. He proceeds to focus on DARIAH’s role as a ‘people infrastructure’ and the importance of training in that. He considers the importance of adaptability of training to learners from differents scholarly communities and competence levels.

This is part of a series entitled ‘What is the Role of Training and Education in Research Infrastructures?’. DARIAH Director Toma Tasovac spoke to fellow DARIAHns and colleagues from prospective DARIAH countries about their own educational backgrounds and the role of training and education in digital research infrastructures. The interviews show that there is no single educational trajectory which produces DH scholars. The diversity of our backgrounds is one of the main strengths of our field.",https://w3id.org/kim/hochschulfaechersystematik/n01,,Research infrastructures * Training * education,en,,video,,2019-04-23,,,,1.0.0
76607864-0fea-4254-9a4e-7a9f040624e3,"Rusinek, Sinai",CC-BY-4.0,https://hdl.handle.net/21.11159/0195cc28-a31e-7349-be1e-6e34092503ca,We Should Think More About Learning Environments,DARIAH (S) * DESIR (S),"In this video, Sinai Rusinek explains her background in philosophy, together with her experience of the material text from work in the library. In her postdoctoral career, she began to seek out digital techniques that had not been available to her in her single-disciplinary studies. Dr Rusinek reveals that her own source of learning was at international workshops, including one organised by DARIAH-DE. She found this mode of learning inspiring in organising her own workshops and hackathons in Israel. She recommends that we should all think more about learning environments and how we learn best, collaboratively. Possibly, she recommends, we should organise more ‘hackathon-like’ events.

This is part of a series entitled ‘What is the Role of Training and Education in Research Infrastructures?’. DARIAH Director Toma Tasovac spoke to fellow DARIAHns and colleagues from prospective DARIAH countries about their own educational backgrounds and the role of training and education in digital research infrastructures. The interviews show that there is no single educational trajectory which produces DH scholars. The diversity of our backgrounds is one of the main strengths of our field.",https://w3id.org/kim/hochschulfaechersystematik/n01,,Research infrastructures * Training * education,en,,video,,2019-04-23,,,,1.0.0
7bf72c29-d30f-435e-8138-e3ccacc54b55,"Lhoták, Martin",CC-BY-4.0,https://hdl.handle.net/21.11159/0195cc28-a455-77dd-862b-c50630e88e2b,"You don't have to be a programmer, but being technically equipped is important in the digital humanities",DARIAH (S) * DESIR (S),"Martin Lhoták first began digital research in an IT department, which formed his connection with information systems and databases, as well as the development of software tools and the digital humanities. Unlike many librarians, he does not have a humanist background, but instead a technical education, so finds that he speaks differently from the humanities scholars he works with. However he finds interactions with these scholars interesting and inspiring. Regarding training, he argues that being technically knowledgeable - though not necessarily a programmer themselves - is essential for doing research in the digital humanities.

This is part of a series entitled ‘What is the Role of Training and Education in Research Infrastructures?’. DARIAH Director Toma Tasovac spoke to fellow DARIAHns and colleagues from prospective DARIAH countries about their own educational backgrounds and the role of training and education in digital research infrastructures. The interviews show that there is no single educational trajectory which produces DH scholars. The diversity of our backgrounds is one of the main strengths of our field.",https://w3id.org/kim/hochschulfaechersystematik/n01,,Research infrastructures * Training * education,en,,video,,2019-04-23,,,,1.0.0
8d3a3da9-b2db-4982-9e81-cfa293cb97b5,"Burghart, Marjorie * Pierazzo, Elena",CC-BY-4.0,https://teach.dariah.eu/course/view.php?id=32,"Digital Scholarly Editions: Manuscripts, Texts and TEI Encoding",DARIAH (S),"Do you want to create a digital scholarly edition? Then this course is for you! Here you will learn to master the technologies of XML, the Text Encoding Initiative (TEI), and XSLT to produce great digital editions. You will learn to create critical editions, facsimile editions and useful visualizations of your editions.",https://w3id.org/kim/hochschulfaechersystematik/n01,,TEI * XML * XSLT * Scholarly editions,en,Lecture,,,2017-07-12,,,,1.0.0
92899c05-aa50-4a52-8ffe-71f0d1b0c1fb,"Chrysanthi, Angeliki",CC-BY-4.0,https://teach.dariah.eu/course/view.php?id=59,Spatial Image Analytics,DARIAH (S),"This workshop introduces participants to the background, and certain technologies and methods used for the spatial analysis of image datasets. The introduction provides a broad overview of the value of exploring the spatial properties of images while the rest of the workshop focuses on the methods of geotagging and spatial analysis through concrete examples and hands-on exercises.",https://w3id.org/kim/hochschulfaechersystematik/n01,,Spatial humanities * Geotagging,en,Lecture,,,2017-07-23,,,,1.0.0
d0918d15-515e-4826-9d2b-a8b81210945e,"Eggert, Paul",CC-BY-4.0,https://teach.dariah.eu/mod/page/view.php?id=528,"Text, Versions and the Editorial Impulse",DARIAH (S),"This video features Paul Eggert, Martin J. Svaglic Endowed Chair in Textual Studies, Department of English, Loyola University Chicago, talking about textual studies and the study of versions as a methodology to ask questions revealing the lifespan of a text.",https://w3id.org/kim/hochschulfaechersystematik/n01,,Scholarly editions,en,,video,,2017-10-16,,,,1.0.0
5b5f57b8-f423-4178-ae57-4240267ca550,"Cummings, James * Baillot, Anne * Burghart, Marjorie * Price, M. Kenneth * Pierazzo, Elena",CC-BY-4.0,https://teach.dariah.eu/mod/page/view.php?id=518,Textual Scholarship,DARIAH (S),"This video features Dr. James Cummings, University of Oxford, Dr. Anne Baillot, Centre Marc Bloch, Dr. Marjorie Burghart, Centre National de la Recherche Scientifique CNRS, Prof Kenneth M. Price, University of Nebraska, and Prof Elena Pierazzo, Université Grenoble Alpes, interpreting what is textual scholarship and textual criticism.",https://w3id.org/kim/hochschulfaechersystematik/n01,,Scholarly editions,en,,video,,2017-10-16,,,,1.0.0
f7ee0254-32de-4ce5-8af0-4a96709b5acc,"Baillot, Anne",CC-BY-4.0,https://teach.dariah.eu/mod/page/view.php?id=531,A Digital Scholarly Edition of Intellectual Berlin around 1800,DARIAH (S),"This video features Anne Baillot (Centre Marc Bloch, Berlin) talking about the Digital Edition ‘Letters and Texts: Intellectual Berlin around 1800’. This online digital edition presents texts from 1800 to 1830 that were, until this day, either completely unpublished or published in an abridged form. This work is funded by the German Research Foundation.",https://w3id.org/kim/hochschulfaechersystematik/n01,,Scholarly editions,en,,video,,2017-06-26,,,,1.0.0
8de831ab-e388-4c59-b59c-87d349e5fe1e,"van den Heuvel, Henk * Calamai, Silvia * Corti, Louise",CC-BY-4.0,https://teach.dariah.eu/mod/page/view.php?id=687,Retrieving Text from Spoken Data,DARIAH (S),"This video features speech technologist Henk van den Heuvel, linguist Silvia Calamai and data curator Louise Corti explaining how speech technology has reached the stage of being able to automatically recognise and retrieve speech in huge amounts of audio visual data.",https://w3id.org/kim/hochschulfaechersystematik/n01,,Scholarly editions * Sound studies * Speech technology,en,,video,,2017-12-12,,,,1.0.0
f6cfd383-5fce-4fad-ac28-c17f91814d39,"Fišer, Darja * Wuttke, Ulrike",CC-BY-4.0,https://training.parthenos-project.eu/sample-page/ehumanities-eheritage-webinar-series/webinar-boost-your-ehumanities-and-eheritage-research-with-research-infrastructures/,Boost your eHumanities and eHeritage research with Research Infrastructures,PARTHENOS (S) * DARIAH (R),"This is a record of a webinar dedicated to the phase of the research life cycle “Develop Research Questions”. It dives into details of the topic of developing research questions with RIs, especially on finding, working with and contributing data to RI collections, using Virtual Research Environments, and tools. It shows successful examples of how Digital Humanities and eHeritage approaches, in cooperation with relevant Research Infrastructures, lead to innovative research methods and questions.

It also exemplifies how to successfully involve the broader public in Digital Humanities and eHeritage research (citizen science). This webinar cross-links to materials developed within PARTHENOS and by the PARTHENOS Cluster Partners and features “teasers” from several research infrastructures as well as an introduction of the Cultural Heritage Data Reuse Charter.",https://w3id.org/kim/hochschulfaechersystematik/n01,,Research infrastructures * eHeritage * Data management * Citizen science,en,Lecture,,,2018-04-24,,,,1.0.0
0e7342aa-66a2-4d2d-9b5e-8bcdd79954fe,"Schreibman, Susan * Bleier, Roman",CC-BY-4.0,https://teach.dariah.eu/course/view.php?id=23,Text Encoding and the Text Encoding Initiative,DARIAH (S),"This course is an introduction to the theories, practices, and methods that are used in the humanities for the encoding of texts for research, for preservation, and for online distribution. It focuses on a particular method, that of text encoding, using eXtensible Markup Language (XML), and a specialised schema common to humanities research, The Text Encoding Language (TEI).

While there are other equally valid ways to store, preserve, and distribute textual data (such as using a relational structure), this course will not cover those methods. Rather, this course focuses on text encoding, its history and uses. There are also practical hands-on exercises which allow students to practice the theory learned.",https://w3id.org/kim/hochschulfaechersystematik/n01,,TEI * XML * Scholarly editions,en,Lecture,,,2016-07-22,,,,1.0.0
9b8d486f-5d72-4384-be70-b2954f8b2ee4,"Sutherland, Kathryn",CC-BY-4.0,https://teach.dariah.eu/mod/page/view.php?id=502,Editing Jane Austen,DARIAH (S),"This video features Kathryn Sutherland (Professor of Bibliography and Textual Criticism at the University of Oxford) talking about Jane Austen’s fiction manuscripts. This project brought together, in digital form, a manuscript collection originally scattered around the world, including transcripts, information about each manuscript, and a search facility.",https://w3id.org/kim/hochschulfaechersystematik/n01,,Scholarly editions,en,,video,,2016-06-29,,,,1.0.0
ed1d7b4b-3784-4e67-9ed2-593058ff87e7,"Tóth-Czifra, Erzsébet",CC-BY-4.0,https://hdl.handle.net/21.11159/019595b2-cca1-70ad-b1e3-d088b4409de5,DARIAH Pathfinder to Data Management Best Practices in the Humanities,DARIAH (S),"Systematically planning how you will collect, document, organize, manage, share and preserve your data has many benefits. It helps to build a common framework of understanding with your collaborators and other stakeholders such as data archivists or professionals of GLAM institutions. But you can also think of your future self as your primary collaborator, imagining yourself looking for that one missing reference or document buried somewhere in your (physical or virtual) files. Proper data management allows you to prevent loss of information, to virtually travel back and forth in time, to ask questions from your future/past self and also to make your data future proof for others to find, understand, use and cite. In addition, by documenting your data and recommending appropriate ways to cite it, you can be sure that you will receive credit for your data products and their use.",https://w3id.org/kim/hochschulfaechersystematik/n01,,Pathfinder * Data management,en,Lecture,,,2019-05-03,,,,1.0.0
9cf5b42a-c6da-47e2-a344-de7cf984aba5,"Wuttke, Ulrike * Bruseker, George * Meghini, Carlo",CC-BY-4.0,https://training.parthenos-project.eu/sample-page/ehumanities-eheritage-webinar-series/webinar-boost-your-ehumanities-and-eheritage-research-with-research-infrastructures/,Make It Happen - Carrying Out Research and Analysing Data,PARTHENOS (S) * DARIAH (R),"This is a record of a webinar dedicated to the phases of the research lifecycle “Carry out Research” & “Analyse Data” in the context of a research infrastructure. Carrying out research and analysis in the context of a research infrastructure requires a change in approach to research, where the harmonization of data and the ability to access and deploy interoperable services is crucial. This webinar gives an overview of the necessary elements required to set up a sustainable research infrastructure with regards to the management of data and services.

It clarifies the technical and epistemical challenges faced in attempting to establish a successful and sustainable research infrastructure. In so doing, it outlines aspects of data sharing through research infrastructures, such as processing and contributing data, using and applying ontologies, questions of interoperability, relevant tools and Virtual Research Environments (VREs). This webinar cross-links to materials developed within PARTHENOS and by the PARTHENOS Cluster Partners and will, by way of example, refers to efforts undertaken to establish different VREs for the PARTHENOS project.",https://w3id.org/kim/hochschulfaechersystematik/n01,,Research infrastructures * eHeritage * Data management,en,Lecture,,,2018-04-05,,,,1.0.0
33e7c7dd-35da-4541-b24a-06b2e41ea99c,"Wuttke, Ulrike * Schmunk, Stefan * Krauer, Steven",CC-BY-4.0,https://training.parthenos-project.eu/sample-page/ehumanities-eheritage-webinar-series/webinar-beyond-tools/,e-Humanities and e-Heritage Research Infrastructures: Beyond Tools,PARTHENOS (S) * DARIAH (R),"This is a record of a webinar providing a theoretical basis for a general understanding of the digital and infrastructural turn in the (Digital) Humanities and Cultural Heritage along with theoretical and critical reflections around the topic: Which opportunities and challenges do Cultural Heritage and Digital Humanities Research Infrastructures offer for research(ers)?

The webinar further explains how different stakeholders can engage with Research Infrastructures (community engagement and user engagement). Examples are research communities and networks, transnational digital collections, thematic working groups, overarching organisations (ERIC platforms, the Research Data Alliance), conferences and workshops, Transnational Access, Research Infrastructures in Academic Curricula. As a general introductory webinar it also touches on some aspects of the other webinars in the PARTHENOS Webinar Series including a short introduction of the research lifecycle. This webinar features “teasers” from several Research Infrastructures, such as short introduction videos or webcontent).",https://w3id.org/kim/hochschulfaechersystematik/n01,,Research infrastructures * eHeritage,en,Lecture,,,2018-02-22,,,,1.0.0
60416e07-e7eb-4e30-b03e-d09402226125,"Edmond, Jennifer * Papaki, Eliza * Tóth-Czifra, Erzsébet",CC-BY-4.0,https://training.parthenos-project.eu/sample-page/citizen-science-in-the-digital-arts-and-humanities/,Citizen Science in the (Digital) Arts and Humanities,PARTHENOS (S) * DARIAH (R),"This module looks at the variety of practices within ‘citizen science’, how you as a humanist might get started working with them, what issues you might be wary of along the way and how Research Infrastructures can potentially help you.

By the end of this module, you should be able to: Recognise and define common approaches to incorporating citizen science into research projects in the arts and humanities; be aware of strategies and tools for managing citizen input to research; and recognise some of the possible challenges in such projects and be equipped to manage them.",https://w3id.org/kim/hochschulfaechersystematik/n01,,Research infrastructures * Citizen science * Open science,en,Lecture,,,2019-10-04,,,,1.0.0
34a7bc4b-cc66-4790-8e4d-85b4282b180d,"Wuttke, Ulrike * Stiller, Juliane * Thoden, Klaus",CC-BY-4.0,https://training.parthenos-project.eu/sample-page/ehumanities-eheritage-webinar-series/webinar-impact/,Create Impact with your e-Humanities and e-Heritage Research,PARTHENOS (S) * DARIAH (R),"This is a record of a webinar dedicated to the phase of the Research Lifecycle “Publish Results”. It covers several aspects related to successfully drafting and implementing a publication and dissemination strategy taking into account specific Research Infrastructural aspects. It first covers the basics of impact measurement and research metrics, both from the individual researcher’s perspective as well as the Research Infrastructure perspective since these are strongly interlinked. It then goes into details such as repositories, new publication types and new forms of dissemination (such as blogs or wikis) and touches upon challenges such as data and software citation. It specifically introduces the Impactomatrix as a tool for drafting an impact-orientated publication and dissemination strategy.",https://w3id.org/kim/hochschulfaechersystematik/n01,,Research infrastructures * eHeritage en Training module,en,Lecture,,,2018-02-08,,,,1.0.0
b404c0cb-94a6-4bfb-a776-a006b625e0ad,"Wuttke, Ulrike * Puren, Marie * Illmayer, Klaus",CC-BY-4.0,:https://training.parthenos-project.eu/sample-page/ehumanities-eheritage-webinar-series/webinar-work-with-research-infrastructures/,How to Work Together Successfully with e-Humanities and e-Heritage Research Infrastructures,PARTHENOS (S) * DARIAH (R),"This is a record of a webinar dedicated to the phase of the research life cycle “Plan Research Project”. It first introduces the participants to an understanding of the advantages and practicalities of research collaboration in and with Research infrastructures. It then dives into details of project planning, touches upon the basics of the FAIR principles, and focuses especially on the importance of using standards in Digital Humanities and Cultural Heritage research and how to identify relevant standards for the participants’ own research. This webinar gives an introduction to the Standards Survival Kit that is developed within PARTHENOS. It also cross-links to other materials developed within PARTHENOS and by the PARTHENOS Cluster Partners.",https://w3id.org/kim/hochschulfaechersystematik/n01,,Research infrastructures * eHeritage * Data management,en,Lecture,,,2018-02-13,,,,1.0.0
d3a8dc66-c083-4121-8b8b-26d1385d0a56,"Cote, Mark",CC-BY-4.0,https://hdl.handle.net/21.11159/019595c5-12b9-769c-a879-45569bdfae80,Cultural Big Data - Building a European Internet of Cultural Things,DARIAH (S),"In this lecture, Mark Cote of King’s College London takes us on a journey through a host of research projects that contextualise the way that he and other researchers try to address cultural data.",https://w3id.org/kim/hochschulfaechersystematik/n01,,Research infrastructures * Data management * Big data,en,,video,,2019-08-15,,,,1.0.0
72f2af68-80ac-43c0-9b30-eba38e2289e9,"Tolonen, Mikko",CC-BY-4.0,https://hdl.handle.net/21.11159/019595c5-0fd2-705b-ad5e-3edda9c0ec4b,Applying Modern Data Analytics to Classical Questions in the Humanities,DARIAH (S),Mikko Tolonen was the first keynote speaker at the DARIAH Annual Event 2016. His talk was entitled “Applying modern data analytics to classical questions in the humanities: a perspective from Finland”. It drew attention to the benefits of interdisciplinarity and effective communication between ‘centred’ disciplines for research in the digital humanities.,https://w3id.org/kim/hochschulfaechersystematik/n01,,DH * Data management * Research infrastructures,en,,video,,2019-08-15,,,,1.0.0
4223c9b3-400c-4188-a99a-1cf16bd804f7,"Wyns, Roxanne",CC-BY-4.0,https://hdl.handle.net/21.11159/019595c5-17f2-73bb-90a5-3106b8c5e03d,From Paper to Digits: Challenges and Opportunities of Digital Research,DARIAH (S),"In this lecture, Roxanne Wyns discusses her experiences with research infrastructures and, specifically, the challenges we face concerning sustainability.",https://w3id.org/kim/hochschulfaechersystematik/n01,,Research infrastructures * Data management * Sustainability,en,,video,,2019-08-16,,,,1.0.0
1482f5bb-5996-471d-8185-74e9991f46b0,"Mounier, Pierre * Munson, Matthew * Simon * Gura, Caitlin",CC-BY-4.0,https://hdl.handle.net/21.11159/019595c5-13d2-77ad-b27f-cddba434a730,DARIAH Winter School 2016: 'Open Data Citation',DARIAH (S),"The DARIAH Winter School “Open Data Citation for Social Sciences and Humanities” brought together researchers, professionals with various backgrounds, and students from 15 countries. In total 38 people met in Prague, Czech Republic, to learn about various aspects of open access and open data, as well as many other subjects on digital research.

The Winter School was organized by DARIAH, as part of its Humanities at Scale project, and hosted by Prague’s Charles University. HaS-DARIAH has received funding from the EU Horizon 2020 Research and Innovation Programme under Grant Agreement No. 675570.",https://w3id.org/kim/hochschulfaechersystematik/n01,,Open science * Open access * Data management * DH * Research infrastructures,en,,video,,2019-08-15,,,,1.0.0
31b735ff-9efd-43f8-b747-fede1ae504ac,"Tennant, Jon",CC-BY-4.0,https://hdl.handle.net/21.11159/019595c5-2081-71b3-a983-b81d7e45709c,Open Science is Just Good Science,DARIAH (S),"In this lecture, Jon Tennant argues that ‘Open Science’ is ‘good science’, because it promotes transparency, reproducibility, and public good. However, he argues, researchers are not rewarded for doing good science. Tennant asks: ‘how can we all work together to kick-start a new culture of open scientific practices, without putting our best and brightest at risk? How do we want people in the future to see this pivotal time in the history of science?’ He challenges the audience to answer the question: ‘which side do you want to be on?’ This lecture was given at the DARIAH Annual Event 2018, held in Paris on May 22-24, was Open Science.",https://w3id.org/kim/hochschulfaechersystematik/n01,,DH * Open science,en,,video,,2019-08-16,,,,1.0.0
28117c59-b8fd-477d-8329-32e1218f3c83,"Scassa, Teresa",CC-BY-4.0,https://hdl.handle.net/21.11159/019595c5-1b36-7550-960c-b1f3478970f1,Intellectual Property Rights in Ethically Open Science,DARIAH (S),"In this lecture, Teresa Scassa examines the complex role of intellectual property(IP) rights in the creation and advancement of academic knowledge. While IP rights can create barriers to access, reuse and transparency, she argues, they can also further creativity and innovation by providing revenue, and by protecting other values such as privacy/confidentiality, and integrity/authenticity. IP rights can also, in some circumstances, protect against the exploitation of individuals and communities. Framing IP rights in terms of a sometimes complex web of relationships, this presentation asks what role IP rights should play in ethically open science.

This presentation was made at the DARIAH Annual Event 2018, held in Paris on May 22-24, which had Open Science as its theme.",https://w3id.org/kim/hochschulfaechersystematik/n01,,Open access * Open science,en,,video,,2019-08-16,,,,1.0.0
358d8c66-5954-4200-ab1a-6dbad40b7f9c,"Wyatt, Sally",CC-BY-4.0,https://hdl.handle.net/21.11159/0195cc28-a347-77a9-a013-70ae3d40bc1e,What Are We Talking about When We Talk about Data in the Humanities?,DARIAH (S),"Data as a term is too flat an ontology for the kinds of things that we are all dealing with, argues Sally Wyatt in this keynote lecture. It reduces people, events, objects to things, bits, to be imagined as impersonal, scientific and neutral. Also, she contends, the use of the word ‘data’ tends to assume that everything is digital. In this keynote, she explains her argument that this is wrong and asks: ‘what are we talking about when we talk about data in the humanities?’

Sally Wyatt is Professor of Digital Cultures at Maastricht University, The Netherlands. Between 2011–2017, she was the Programme Leader of the eHumanities Group of the Royal Netherlands Academy of Arts and Sciences. For many years, she has been doing research about what digital technologies mean for the production of knowledge in the humanities and the social sciences.

The keynote was held on May 16, 2019, at the DARIAH Annual Event 2019 in Warsaw.",https://w3id.org/kim/hochschulfaechersystematik/n01,,DH * Data management,en,,video,,2019-08-17,,,,1.0.0
2f4c64b6-064f-4ead-b9b0-41e5926bd3a7,"Edmond, Jennifer",CC-BY-4.0,https://hdl.handle.net/21.11159/0195cc28-9ed6-7205-8a25-5e1f17bb416b,The DARIAH Big Idea: Pathways to Building Sustainable Infrastructure Over Time,DARIAH (S) * DESIR (S),"Professor Jennifer Edmond, President of the Board of Directors of DARIAH-EU, presents pathways to building sustainable infrastructure over time, future directions for DARIAH, the humanities and arts in Europe and beyond. She asks the audience to help DARIAH to think about what it means to be a European reseach infrastructure.

This lecture was filmed during the Humanities, Arts and Culture Data Summit and 3rd DARIAH beyond Europe workshop, held at the National Library of Australia, Canberra, in March 2019. The workshop is part of a series of three-day workshops organised in the context of the DARIAH-DESIR project in 2018 and 2019, in the US and Australia, allowing an exchange of ideas between the DARIAH community and Digital Arts & Humanities projects in this international context.",https://w3id.org/kim/hochschulfaechersystematik/n01,,Research infrastructures,en,,video,,2019-08-17,,,,1.0.0
5bb3ba48-5c97-468b-8911-8bbca55d854e,"Dombrowski, Quinn",CC-BY-4.0,https://hdl.handle.net/21.11159/019595c5-127f-7461-bf11-b567d278be58,Cowboys and Consortia: Thoughts on DH Infrastructure,DARIAH (S) * DESIR (S),"In this lecture, Quinn Dombrowski shares her thoughts on Digital Humanities Infrastructure, with a special focus on sustainability. She argues that solidarity (i.e. recognition of the interests of the larger group) is a prerequisite for the sustainability of DH infrastructures. Her keynote was the opening lecture at the first DARIAH beyond Europe event, organised in September 2018 at Stanford University.

This workshop was part of a series of three-day workshops organised in the context of the DARIAH-DESIR project in 2018 and 2019, in the US and Australia, allowing an exchange of ideas between the DARIAH community and Digital Arts & Humanities projects in this international context. The first workshop was held at Stanford University on the topic of “Sustainable Infrastructures for Digital Arts & Humanities: An International DARIAH Exchange”, on September 13-15 2018.",https://w3id.org/kim/hochschulfaechersystematik/n01,,Research infrastructures * DH * Sustainability,en,,video,,2019-08-18,,,,1.0.0
31dd1670-5f44-4fbe-a8c9-214fc31c8d1a,"Manovich, Lev",CC-BY-4.0,https://hdl.handle.net/21.11159/0195cc28-a36f-766d-a4da-2018e4305afe,What Does Data Want?,DARIAH (S),"Many academic disciplines use data science to analyze contemporary culture. The question posed by Lev Manovich in this lecture is: shall we continue to aggregate big cultural data and reduce it to a small set of patterns? Or shall we refuse this dominant paradigm instead and focus on diversity, variability and differences (including tiny ones), i.e., work on big cultural data without aggregation and with attention to what is infrequent and outliers?

Dr. Lev Manovich is a Professor of Computer Science at The Graduate Center, CUNY, and a Director of the Cultural Analytics Lab that pioneered analysis of visual culture using computational methods. Manovich is the author and editor of 13 books including “AI Aesthetics”, “Theories of Software Culture”, “Instagram and Contemporary Image”, “Software Takes Command”, “Soft Cinema: Navigating the Database” and “The Language of New Media” which was described as “the most suggestive and broad ranging media history since Marshall McLuhan”.",https://w3id.org/kim/hochschulfaechersystematik/n01,,DH * Data management,en,,video,,2019-08-17,,,,1.0.0
c442524c-30cc-4531-a256-1dad25c4dec3,"Chan, Seb * Ayres, Marie-Louise",CC-BY-4.0,https://hdl.handle.net/21.11159/019595c5-19f8-706b-9917-7a0b80ca70c3,How do we Design Infrastructure that Connects?,DARIAH (S) * DESIR (S),"How do we design infrastructure that connects? This panel discusses collaborative platforms, partnerships between research and cultural sectors, and libraries as labs. It features presentations by Seb Chan — Chief Experience Officer, Australian Centre for the Moving Image and Dr Marie-Louise Ayres — Director General, National Library of Australia.

The session was filmed during the Humanities, Arts and Culture Data Summit and 3rd DARIAH beyond Europe workshop, held at the National Library of Australia, Canberra, in March 2019. The workshop is part of a series of three-day workshops organised in the context of the DARIAH-DESIR project in 2018 and 2019, in the US and Australia, allowing an exchange of ideas between the DARIAH community and Digital Arts & Humanities projects in this international context.",https://w3id.org/kim/hochschulfaechersystematik/n01,,Research infrastructures * eHeritage en Video,en,,video,,2019-08-19,,,,1.0.0
4aaae999-bd36-432f-a0a9-ef5ab9158b88,"Algee-Hewitt, Mark",CC-BY-4.0,https://hdl.handle.net/21.11159/019595c5-1ac6-7228-91b5-7b24314c889f,"Humanities, Augmented: Ecologies of Digital Research Practices",DARIAH (S) * DESIR (S),"This lecture by Mark Algee-Hewitt reflects on practices of doing research in the digital humanities and how the way in which we talk about research impacts upon the kind of things that we can do. University. Algee-Heritt’s keynote on “Humanities, Augmented: Ecologies of Digital Research Practices” was the closing lecture at the first DARIAH beyond Europe event, organised in September 2018 at Stanford University.

This workshop was part of a series of three-day workshops organised in the context of the DARIAH-DESIR project in 2018 and 2019, in the US and Australia, allowing an exchange of ideas between the DARIAH community and Digital Arts & Humanities projects in this international context. The first workshop was held at Stanford University on the topic of “Sustainable Infrastructures for Digital Arts & Humanities: An International DARIAH Exchange”, on September 13-15 2018.",https://w3id.org/kim/hochschulfaechersystematik/n01,,Research infrastructures * DH * Sustainability,en,,video,,2019-08-18,,,,1.0.0
c678088e-574b-4d2d-88d1-b17808f44006,"Chambers, Sally",CC-BY-4.0,https://hdl.handle.net/21.11159/019595c5-13ff-745d-8ff2-c2418c4af302,DARIAH's Role in Connecting with Arts and Humanities Researchers,DARIAH (S) * DESIR (S),"In this lecture, Sally Chambers, Digital Humanities Research Coordinator at the Ghent Centre for Digital Humanities outlines how DARIAH as a Research Infrastructure works within Europe to connect with arts and humanities researchers. She elaborates on how such a European Research Infrastructure could start to work more widely internationally.

This presentation was filmed during the Humanities, Arts and Culture Data Summit and 3rd DARIAH beyond Europe workshop, held at the National Library of Australia, Canberra, in March 2019. The workshop is part of a series of three-day workshops organised in the context of the DARIAH-DESIR project in 2018 and 2019, in the US and Australia, allowing an exchange of ideas between the DARIAH community and Digital Arts & Humanities projects in this international context.",https://w3id.org/kim/hochschulfaechersystematik/n01,,Research infrastructures,en,,video,,2019-08-20,,,,1.0.0
8b7e5530-c3b2-4239-b9b1-53db6d5f6851,"Rose, James * Smithies, James",CC-BY-4.0,https://hdl.handle.net/21.11159/0195cc28-a21e-770f-b07f-f1280d25fe85,Transformations: What are the Big Challenges and Opportunities for Data-intensive Research?,DARIAH (S) * DESIR (S),"What are the big challenges and opportunities for data-intensive research over the next ten years? This panel discusses digital transformations in the humanities and arts, data ethics and sovereignty, and infrastructure with impact. It features presentations by Dr James Rose (Indigenous Studies Unit, Melbourne School of Population and Global Health) on Data Sovereignty in a Colonial Context: Towards an Integrated National Governance Framework for Australia, Dr James Smithies (Director, King’s Digital Lab) on Integrating DH into the longue durée: Research Laboratories, History, Methods.

The session was filmed during the Humanities, Arts and Culture Data Summit and 3rd DARIAH beyond Europe workshop, held at the National Library of Australia, Canberra, in March 2019. The workshop is part of a series of three-day workshops organised in the context of the DARIAH-DESIR project in 2018 and 2019, in the US and Australia, allowing an exchange of ideas between the DARIAH community and Digital Arts & Humanities projects in this international context.",https://w3id.org/kim/hochschulfaechersystematik/n01,,Research infrastructures * Data management * DH,en,,video,,2019-08-19,,,,1.0.0
71b07e4d-0353-4858-a8a8-4121ec1e96be,"Burgess, Jean * Damousi, Joy * Whitelaw",CC-BY-4.0,https://hdl.handle.net/21.11159/0195cc28-a3bc-73cd-85dd-783eae999417,"What Skills, Knowledge and Workforces are Needed into the Future?",DARIAH (S) * DESIR (S),"What skills, knowledge and workforces are needed into the future? This panel discusses interdisciplines and methods, emerging data practices and ‘Humanities 4.0’. It features presentations by Professor Jean Burgess (Director, Digital Media Research Centre, Queensland University of Technology) on Digital methods and the future of communication and media research and Professor Joy Damousi FASSA FAHA (Lead Chief Investigator) on Future Humanities Workforce project and by Associate Professor Mitchell Whitelaw (Australian National University).

The session was filmed during the Humanities, Arts and Culture Data Summit and 3rd DARIAH beyond Europe workshop, held at the National Library of Australia, Canberra, in March 2019. The workshop is part of a series of three-day workshops organised in the context of the DARIAH-DESIR project in 2018 and 2019, in the US and Australia, allowing an exchange of ideas between the DARIAH community and Digital Arts & Humanities projects in this international context.",https://w3id.org/kim/hochschulfaechersystematik/n01,,Research infrastructures * DH * Training and education,en,,video,,2019-08-20,,,,1.0.0
aa4b6a46-7cb0-4c0b-9451-d9953b6ed7c1,"Hall, Tony",CC-BY-4.0,https://hdl.handle.net/21.11159/019595c5-156f-72fa-8e97-94a941da04cd,Design Based Research in Educational Contexts,DARIAH (S),"In this lecture, Tony Hall examines design-based research (DBR) in educational contexts and settings. Drawing on key contemporary concepts and literature in educational design research, he focuses on how design-based research can be adapted and adopted, both to develop and deploy bespoke educational innovations and technologies.

The talk was delivered as a keynote at the opening of the #dariahTeach Open Humanities Workshop and hosted by the Belgrade Center for Digital Humanities at the Faculty of Media and Communication.",https://w3id.org/kim/hochschulfaechersystematik/n01,,Training and education,en,,video,,2019-08-20,,,,1.0.0
2cf280d6-c472-4023-be53-500a91735872,"Castaña, Iñes * Correia, Antonia * de la Rosa, Javier * de Silva, Felipe * Fernandes, João * Leão, Delfim * Madden, Frances * Raciti, Marco * Rollo, Maria Fernanda * Scholger, Walter * Tóth-Czifra, Erzsébet",CC-BY-4.0,https://hdl.handle.net/21.11159/019595c3-4f00-766e-8b2b-01646278da44,Shaping new approaches to data management in arts and humanities,DESIR (S) * DARIAH (R),The main objective is to introduce scientific and academic communities in the arts and humanities to the principles and practices of responsible research and Open Science.,https://w3id.org/kim/hochschulfaechersystematik/n01,,Open science * Open access * Data management,en,,,,2019-12-13,,,,1.0.0
4daa7bc5-7172-466b-a734-4f68a97386b6,"Tasovac, Toma",CC-BY-4.0,https://hdl.handle.net/21.11159/0195cc28-a409-7249-a624-01b9505c244c,Extracting Lexical Data: XPath for Dictionary Nerds,DARIAH (S),"This course covers the fundamentals of XPath (XML Path Language), a standard query language for selecting nodes from XML documents. After explaining the basic syntax of XPath (axes, nodes and predicates), the course will guide the students through a number of real-life dictionary-specific scenarios (for instance: how do you select only those entries whose translation equivalents are missing the xml:lang attribute? how do you select only those entries whose etymological information contains etymons from Latin?) in order to help them hone their skills. At the end of the course, students will be able to write their own XPath expressions in order to navigate around XML-encoded dictionaries and select only those bits of data that they are interested in.",https://w3id.org/kim/hochschulfaechersystematik/n01,,Lexicography * XPath * XML,en,Lecture,,,2019-08-26,,,,2.0.0
8c19d19a-ab76-4259-88e2-7528a189d9f3,"Ciula, Arianna * Smithies, James",CC-BY-4.0,https://hdl.handle.net/21.11159/019595c3-4e2c-7523-857a-33e8ba78ce42,MaDiH: Research Software Engineering Training,DARIAH (S),The purpose of the workshop was to introduce best practices in Research Software Engineering and the Software Engineering Lifecycle (SDLC) adopted at King’s Digital Lab. The target audience of the workshop was members of the team of the AHRC-funded “MaDiH: Mapping the Digital Cultural Heritage in Jordan”.,https://w3id.org/kim/hochschulfaechersystematik/n01,,Data modeling * Software development * Data management * Project management,en,,,,2020-04-09,,,,1.0.0
63e4c480-3d40-4dab-92e0-d8543e2147f3,"Zaytseva, Ksenia",CC-BY-4.0,https://hdl.handle.net/21.11159/019595c5-11fa-7123-835a-783727ceee5a,Controlled Vocabularies and SKOS,DARIAH (S),"This learning resource is presented in two formats: a video screencast, which you can view below; or the full text module which continues below the video. Both the video and the module cover the basics of controlled vocabularies and the SKOS Standard, and can be used alongside one another, or each used independently. The full text module, though, contains an additional section about SKOS-XL, and a quiz for testing your SKOS knowledge.
Watch the video",https://w3id.org/kim/hochschulfaechersystematik/n01,,SKOS * Controlled Vocabularies * Semantic Web * Information Architecture * Metadata,en,Lecture,,,2020-03-23,,,,1.1.0
44c0ce04-26f3-42b7-a9c5-a6e789998894,"Aberle, Marc * Beretta, Francesco * Bermúdez Sabel, Helena * Bernard, Loup * Chiquet, Vera * Dell'Oro, Francesca * Flückiger, Fabrice * Gabay, Simon * Grandjean, Martin * Herrmann, Berenike * Hodel, Tobias * Kaßel, Jan * Koentges, Thomas * Kuijpers, Moniek * Lendvai, Piroska * Marongiu, Paola * Nury, Elisa * Paupe, Elodie * Rebora, Simone * Schulthess, Sara * Tasovac, Toma",CC-BY-4.0,https://hdl.handle.net/21.11159/019595c3-4f3d-705a-9521-3f5b6818ee47,Sharing the Experience: Workflows for the Digital Humanities,DARIAH (S),"In December 2019, the University of Neuchâtel hosted a second Swiss DARIAH workshop, organised by DARIAH-EU, the University of Neuchâtel and the SIB Swiss Institute of Bioinformatics within the DESIR project. Young scholars were invited to present their research in depth and to discuss together methodological, data management and research workflow issues. We are happy to present the papers resulting from this meeting.",https://w3id.org/kim/hochschulfaechersystematik/n01,,DH * Training and education en Event,en,,,,2020-06-22,,,,1.0.0
a7f92498-e3c5-45b5-a447-91f68b98496b,DARIAH-DE,CC-BY-4.0,https://repository.de.dariah.eu/doc/services/submodules/publikator/docs/index.html,DARIAH-DE Publikator Tutorial,DARIAH (S),"This tutorial explains the fundamentals of the DARIAH-DE Publikator, a tool which allows you to prepare, manage, and finally import your collections into the DARIAH-DE Repository using your favourite internet browser. The Repository provides the ability to store research data and enrich them with metadata. Through the use of persistent identifiers, a permanent machine-readable reference is ensured and findable via a generic search.",https://w3id.org/kim/hochschulfaechersystematik/n01,,Research infrastructures * DH * Metadata * Open science * Sustainability * Repositories & Collections * Open access,en,Lecture,,,2019-12-01,,,,1.0.0
96718e9d-ec83-4455-8ab5-9af02c822fe6,"Schreibman, Susan * Papadopoulos, Costas * Huang, Marianne",CC-BY-4.0,https://teach.dariah.eu/course/view.php?id=68&section=0,Introduction to Design Thinking and Maker Culture,DARIAH (S),"This course introduces the theories, tools, and methods behind Design Thinking and Maker Culture. It provides an overview of the history of Design Thinking, exploring its various schools of thought and practice, as well as providing an introduction to the more recently theorised space of Maker Culture. This course also explores how those in the arts, humanities, and creative and cultural industries can use the twin pillars of Design Thinking and Maker Culture in their everyday practice.",https://w3id.org/kim/hochschulfaechersystematik/n01,,Design Thinking,en,Lecture,,,2020-04-22,,,,1.0.1
463c1770-7e1e-4a69-96ed-781185832711,"Pozzo, Riccardo",CC-BY-4.0,https://hdl.handle.net/21.11159/019595c5-1322-754d-9d9f-8366034bb521,Cultural Innovation,DESIR (S) * DARIAH (S),"Riccardo Pozzo is chair of the History of Philosophy at University of Rome Tor Vergata and chair of the DARIAH Scientific Board. The focus of his keynote is on the notion of cultural innovation, which requires adapting the process of co-creation. Processes and outcomes of cultural innovation are contrasted against other forms of innovation, while showing their operationalisation in some empirical case studies.

The keynote was recorded at the DESIR Final Event, in November 2019, in Zagreb, Croatia. The event was organised in the framework of the Horizon 2020 funded project DESIR (DARIAH ERIC Sustainability Refined).",https://w3id.org/kim/hochschulfaechersystematik/n01,,Research infrastructures,en,,video,,2020-07-06,,,,1.0.0
c44d0a58-073d-496b-ba30-bf5cc7f96785,"Toft Nørgård, Rikke * Toft-Nielsen, Claus * Olesen, Jeanette Falk * Andersen, Mikey Bruun",CC-BY-4.0,https://teach.dariah.eu/course/view.php?id=57,Game.Play.Design in the Arts and Humanities,DARIAH (S),"This course introduces you to the definition of games, core concepts and theories from game studies as well as the cultural importance of games and the critical potentials and possibilities for change that games hold.

You will also learn about the process of designing games (also for newcomers and non-designers), the game jam format and the potentials and benefits of doing game jams. You will get to make a game concept in 10 minutes as well as try out the game jam format.",https://w3id.org/kim/hochschulfaechersystematik/n01,,Design Thinking * Game Studies,en,Lecture,,,2020-06-16,,,,1.0.0
a858a34b-57a3-4507-874a-2fe1b67579a8,"Papadopoulos, Costas",CC-BY-4.0,https://teach.dariah.eu/course/view.php?id=55,Remaking Material Culture in 3D,DARIAH (S),"This course is designed to develop your knowledge of the theory and practice of digitising material culture by producing computer generated and printed 3D models. Technologies and methods for recording tangible cultural heritage, including artefacts, buildings, and landscapes are covered, placing particular emphasis on the field of computational imaging; a field in computer science that studies the computational extraction of information from digital photographs and has democratised the process of capturing, preserving, disseminating, and promoting heritage. 3D digitisation and 3D printing will be presented both theoretically and practically, discussing the history and the state-of-the-art, best practices and protocols, and characteristic applications from various fields.",https://w3id.org/kim/hochschulfaechersystematik/n01,,Computational Imaging * eHeritage * Data modeling * Data visualisation,en,Lecture,,,2020-06-08,,,,1.0.0
2d9f91ee-e089-4622-af4d-26afc051a99a,"Huang, Marianne * Schreibman, Susan * Sitzia, Emilie * Nofal, Eslam",CC-BY-4.0,https://teach.dariah.eu/course/view.php?id=61&section=0,Storytelling for Digital Narratives and Blended Spaces,DARIAH (S),"This interdisciplinary course addresses how principles of textual, visual, oral, and place-based storytelling challenge and enhance the conceptualisation, construction and experience of digitally-created worlds connecting to real-world places, locations, and landscapes. Applying principles of storytelling to digital worlds across multiple situations, platforms, and environments (built and natural) will help define and innovate the shape of these worlds. Focused on the underlying belief that technology and narrative create a feedback loop, with one mediating the other, this unit will be based on iterations of ideation, conceptualisation, and prototyping to integrate critical insights that will push on the boundaries of established beliefs and the regulated time-space we live by, in the connectedness of datafied space and localised place.",https://w3id.org/kim/hochschulfaechersystematik/n01,,Multimodality * Literacies en Training module,en,Lecture,,,2020-06-10,,,,1.0.0
d95d5d53-75d1-49f0-8445-7e7ac769ecca,"Stompff, Guido",CC-BY-4.0,https://teach.dariah.eu/course/view.php?id=60,How to Practice Design Thinking and Making,DARIAH (S),"Design thinking is much less about knowing and much more about doing. Donald Schön, in his groundbreaking work on design (1984, 1992), demonstrated that knowing is in the activity of designing, and that the two cannot be separated. The focus in this course is on the practical aspects of design thinking, offering the tools and methods for students and researchers to apply the principles of design thinking when facing problems of their own. Note that the course Introduction to Design Thinking and Maker Culture offers extensive information on design thinking and makers culture as well. It offers most of all information on the ‘what’ and ‘why’. This course focuses above all on the ‘how’.",https://w3id.org/kim/hochschulfaechersystematik/n01,,Design Thinking * Maker Culture,en,Lecture,,,2020-07-15,,,,1.0.0
3ced5064-84c4-48ca-abe9-3124e154c644,"Romary, Laurent",CC-BY-4.0,https://youtu.be/hV-wtGlx8I8,The TEI Guidelines: Born to be Open,DARIAH (S) * ACDH (S),"Open science has never been so high on the research agendas, and this is true in all fields, ranging from so-called hard sciences to the humanities. In this respect, those who have been dealing with the TEI Guidelines for years, whether as users or designers of the standard, have experienced an environment which has always been open by construction and fostering openness for projects based upon its principles.

In this lecture from the Austrian Centre for Digital Humanities and Cultural Heritage (ACDH-CH), Laurent Romary outlines the main issues related to open science in the current scholarly landscape while showing how the Text Encoding Initative (TEI) has been seminal in setting up an open agenda for managing, documenting or disseminating scholarly sources and methods.",https://w3id.org/kim/hochschulfaechersystematik/n01,,TEI * Open science,en,,video,,2020-06-10,,,,1.0.0
e46f51f9-32af-4d7e-a8ca-d25cd54aeb6b,"Romary, Laurent",CC-BY-4.0,https://youtu.be/Xd7Pyp8srno,An Editorial and Technical Journey into Post-Publication Peer Review (PPPR),DARIAH (R),"As part of the DARIAH In-House Webinar sessions, the ‘Friday Frontiers’ programme included a presentation on Post-Publication Peer Review (PPPR) from former President of the DARIAH Board of Directors, Laurent Romary.

Laurent, who is based at INRIA in France, gave a 45-minute presentation that outlined the steps that have brought scholars to look to PPPR, the benefits and risks associated with it, and how digital humanities scholars can engage with the development of PPPR to ensure sustainable, trusted and open science.",https://w3id.org/kim/hochschulfaechersystematik/n01,,Open access * Open science * Scholarly publishing,en,,video,,2020-10-02,,,,1.0.0
de4819e2-8036-4603-b6de-1c044bfc05e5,"Scagliola, Stefania",CC-BY-4.0,https://ranke2.uni.lu/u/archival-digital-turn/,From the Archival to the Digital Turn: A Lesson on Source Criticism,DARIAH (S),"The objective of this lesson is to teach students how the digital turn has affected the method of applying source criticism to a historical source. Source criticism comes down to asking questions about the origin, authenticity and informational and artefactual value of a source. When applying it to digital content an additional layer of alterations and transformations has to be identified and described. This lesson teaches learners the difference between attributing meaning to an artefact during its creation, its preservation and its digitisation. The assignments can be used to put this into practice with various types of data and in different digital environments.",https://w3id.org/kim/hochschulfaechersystematik/n01,,Source Criticism * Repositories & Collections * Multimodality,en,Lecture,,,2018-10-18,,,,1.0.0
42d6a107-a3fc-4bfd-8d02-c40352166c72,"Jongepier, Iason * Wevers, Melvin",CC-BY-4.0,https://hdl.handle.net/21.11159/0195cc28-a1d0-747e-9425-ae0e52da6248,The Time Machine Project,DARIAH (R),"As part of DARIAH’s ongoing In-House Webinar series, the ‘Friday Frontiers’, Melvin Wevers (University of Amsterdam) and Iason Jongepier (University of Antwerp) gave us an insight into the Time Machine Project and how local Time Machine projects have brought new understanding to the social, environmental and economic history of Amsterdam and Antwerp.

In this screencast, viewers will learn about the Time Machine Project structure, and how visualisations of cultural heritage such as these can deepen an understanding of local history.",https://w3id.org/kim/hochschulfaechersystematik/n01,,DH * eHeritage,en,Lecture,,,2020-12-07,,,,1.0.1
dd0c59e5-da01-42dd-8993-649a9c5cfc82,"Scagliola, Stefania",CC-BY-4.0,https://ranke2.uni.lu/u/boder/,David Boder: From Wire Recordings to Website,DARIAH (R),"As historians, we are confronted with an abundance of data in digital form that can be searched, annotated, analysed, presented and reused with the help of a broad array of digital tools.

But what do we know about how digital technology affects the artefactual and informational value of a source?",https://w3id.org/kim/hochschulfaechersystematik/n01,,Source Criticism * Repositories & Collections * Multimodality * History of Technology,en,Lecture,,,2018-10-18,,,,1.0.0
e3cc9452-20b8-496f-a3af-32a4fa66db16,"Johnston, Jonny * O'Connor, Kevin",CC-BY-4.0,https://hdl.handle.net/21.11159/019595c5-175b-748a-af4a-ff262fa6e643,Flipped Classrooms,DARIAH (S),"As part of the DARIAH-EU In House Webinar series, ‘Friday Frontiers’, Dr. Jonny Johnston and Kevin O’Connor from Trinity College Dublin (TCD) hosted a webinar focused on ‘Flipped Classroom’ methodologies in December 2020. Jonny (Academic Practice) and Kevin (IT Services) led a highly interactive session that discussed the theory and practice of the flipped classroom, demonstrating some of the techniques associated with it that can be used to digitally enhance teaching and learning.

Note: This video shows extracts from a live presentation that included a lot of interaction among the participants. It has been edited to remove gaps between and during in-webinar exercises and to remove any discussion that took part during the session to ensure participant confidentiality.",https://w3id.org/kim/hochschulfaechersystematik/n01,,Training and education,en,,video,,2021-03-15,,,,1.0.1
d4fdc50f-ff03-439f-a760-875c40b0271e,"Unsworth, John",CC-BY-4.0,https://hdl.handle.net/21.11159/019595c5-21ae-7493-8e89-80f6f4e951d0,Scholarly Primitives 20 Years Later,DARIAH (S),"Twenty years after John Unsworth first formulated scholarly primitives as a set of recursive and interrelated functions that form the foundations of research activities across disciplines, theoretical frameworks or eras, his keynote is revisiting and freshly interrogating both the notion and the scope of scholarly primitives. In his plenary talk, Unsworth offers an honest critique of the original 2000 paper delivered at a symposium at King’s College London, discussing what he perceives as its weak points, and also reviewing each primitive in the light of technical, social and scholarly developments since the turn of the 21st century.

John Unsworth is the University Librarian and Dean of Libraries at UVA, where he is responsible for making yesterday’s information available tomorrow, as well as today. He is also a Professor in the English Department. John’s research is in cyberinfrastructure for the humanities, and since 2008 that work has focused on helping to develop the HathiTrust Research Center, which now provides computational access to all of the 4 billion pages in the HathiTrust collection, including the 65% that is in copyright.",https://w3id.org/kim/hochschulfaechersystematik/n01,,Multimodality * Scholarly practice,en,,video,,2021-06-02,,,,1.0.1
bb92ecc8-a4f4-479c-a02b-3ff3d2960a27,"Scagliola, Stefania * Guido, Daniele * Germain, Alexandre",CC-BY-4.0,https://ranke2.uni.lu/u/transformation/,Transformation: How the Digital Creates New Realities,DARIAH (R),"As historians, we are confronted with an abundance of data in digital form that can be searched, annotated, analysed, presented and reused with the help of a broad array of digital tools.

But what do we know about how digital technology affects the artefactual and informational value of a source?

When looking through the lens of source criticism to digitized and digital born sources, there are so many mediating processes going on before a source can appear on our screen, that historians run the risk of getting detached from the original context of the source.

The premise of the lesson Transformation: How the Digital Creates New Realities available on the Ranke.2 platform is that the idea of ‘transformation’ is not a novel concept, but rather one that has been around for millennia. However, the advances of technology have allowed new and different ways for us to understand and practise transformation in the digital realm.

This lesson incorporates video animations, assignments and quizzes to support your learning.",https://w3id.org/kim/hochschulfaechersystematik/n01,,Source Criticism * Multimodality,en,Lecture,,,2018-10-18,,,,1.0.0
c3e28cda-fd9a-412c-8bf5-f1b8c3c97487,Digital Repository of Ireland,CC-BY-4.0,https://doi.org/10.7486/DRI.w663hs16k,Using Digital Archives for Geographical and Archaeological Research,DARIAH (S),"This video is of “Using Digital Archives for Geographical and Archaeological Research”, the second webinar in a three-part public lecture series on using digital archives for academic research hosted by the Digital Repository of Ireland (DRI) and aimed primarily at early career researchers.

Access to brick-and-mortar archives has been limited due to COVID-19 restrictions, creating challenges for humanities researchers that rely on archival materials for their research. This webinar aims to showcase some of the rich research resources contained in digital archival collections.

Featured digital collections in this webinar include:

    Gabriel Beranger’s “Rambles through the County of Dublin and some of the neighbouring ones” and “Rambles thro’ the County of Dublin and some others in Ireland”: These two albums of watercolours provide illustrations of scenery and ancient monuments, general views, and details of castles and churches in Ireland. The watercolours are copies of originals (since lost) painted on expeditions undertaken by artist Gabriel Beranger, ca. 1729–1817.

    Transport Infrastructure Ireland (TII) Digital Collections: The TII Digital Heritage Collections (with ca. 2,800 records) provide access to data and results arising from the archaeological and heritage work undertaken by TII over the past twenty years in the planning, development and construction of national road and light rail projects.

    Irish Historic Towns Atlas (IHTA) Online: IHTA Online forms part of IHTA Digital and has the first 28 IHTAs available to search freely online as downloadable pdfs. They are grouped thematically by town origin (e.g., monastic, Viking, Anglo-Norman, early modern, Gaelic and plantation, eighteenth-century and nineteenth-century towns).

Learning Outcomes

After watching this webinar, early career researchers will be familiar with some of the digital archival collections that can be explored to advance geographical and archaeological research, they will have been introduced to many helpful online research resources, and offered a starting point from which to develop research methodologies for conducting digital archival research.",https://w3id.org/kim/hochschulfaechersystematik/n01,,eHeritage * Open access * Spatial humanities * Digital Archives,en,,video,,2021-03-23,,,,1.0.0
6a60526b-6885-4dd3-bda2-92ef182c393e,Digital Repository of Ireland,CC-BY-4.0,https://doi.org/10.7486/DRI.r4958772q,Using Digital Archives for Historical Research,DARIAH (S),"This video recording is of “Using Digital Archives for Historical Research”, the first webinar in a three-part public lecture series on using digital archives for academic research hosted by the Digital Repository of Ireland (DRI) and aimed primarily at early career researchers.

Access to brick-and-mortar archives has been limited due to COVID-19 restrictions, creating challenges for humanities researchers that rely on archival materials for their research. This webinar aims to showcase some of the rich research resources contained in digital archival collections.

Featured digital collections in the first webinar include:

    Beyond 2022: This archival initiative aims to restore – as far as possible – the collections lost in the destruction of the Public Record Office of Ireland in 1922, at the outbreak of the Irish Civil War.

    The Inspiring Ireland Project - National Museum of Ireland: This collection contains a selection of cultural heritage objects from the National Museum of Ireland presented as part of the Inspiring Ireland project, which features a series of exhibitions containing cultural artefacts related to the events of 1916.

    Bureau of Military History (1913-1921): The Bureau of Military History Collection, 1913-1921 (BMH) is a collection of 1,773 witness statements; 334 sets of contemporary documents; 42 sets of photographs, and 13 voice recordings that were collected by the State between 1947 and 1957, in order to gather primary source material for the revolutionary period in Ireland from 1913 to 1921.

    Dublin City Library and Archive (DCLA), Fáilte Ireland Tourism Photographic Collection and Jacob’s Biscuit Factory Archive: These collections, spanning from the 1890s to the early 2000s, comprise almost 20,000 images between them and growing.

Learning Outcomes

After watching this webinar, early career researchers will be familiar with some of the digital archival collections that can be explored to advance historical research.",https://w3id.org/kim/hochschulfaechersystematik/n01,,eHeritage * Open access * Training and education,en,,,,2021-02-23,,,,1.0.0
f7547ffa-e7b9-45b6-bac5-19f8679fb8b5,Digital Repository of Ireland,CC-BY-4.0,https://doi.org/10.7486/DRI.bg25n363c,Using Digital Archives for Social Sciences Research,DARIAH (S),"This screencast is of “Using Digital Archives for Social Sciences Research”, the third and final webinar in a three-part public lecture series on using digital archives for academic research hosted by the Digital Repository of Ireland (DRI) and aimed primarily at early career researchers.

Access to brick-and-mortar archives has been limited due to COVID-19 restrictions, creating challenges for researchers that rely on archival materials for their research. This webinar aims to showcase some of the rich research resources contained in digital archival collections.

Featured digital collections in this webinar include:

    “Repeal the Eighth and Reproductive Rights” collection: This collection features 25 interviews conducted with Repeal activists from the project “Sharing Best Practices in how Civil Society Organisations use the Internet in Organising and Building for Socio-Economic Rights and Trust”. This project looked at how organisations build trust and resolve conflicts in the age of social media. It also explored how digital tools were used to organise and build up the Repeal campaign, develop coalitions and connections, and also how the campaign dealt with the inevitable conflict that all movements have to handle.

    National Library of Ireland (NLI) web archival collections: Two NLI collections are featured in the webinar talks. The NLI’s General Election 2020 collection encompasses media sites, commentary, and news websites and covers the election campaign, the results, and government formation. At the time of recording, NLI was also undertaking ongoing collection work of the Irish experience of Covid-19. This collection had over 180 websites archived at the time of recording and collecting was expected to continue.

    Irish Women at Work Oral History Project: This is a collection of 42 oral history recordings, related transcripts, and artefacts collected as part of a feminist research project focused on women’s experiences of work and employment between the 1930s and 1960s. The interviews take a life course approach, focusing on women’s early family lives, education, entry into and experience of the workplace, marriage and motherhood. The narratives provide rich historical insights into diverse jobs, workplace practices, and working conditions.

    Life Histories and Social Change: This is a large collection of qualitative life story interviews with three cohorts of Irish citizens, each of which reached adulthood in the crucial decades of the 1950s (an era of socio-economic decline), the 1970s (an era of initial ‘modernisation’) and in the 1990s (the ‘Celtic Tiger’ boom). The research was funded by the Irish Research Council and a total of 113 life history interviews were conducted by researchers from Maynooth University between 2006 and 2008.

    RESCuE-Ireland collection: This collection was created as part of a cross-national European project that aimed to identify the contexts and practices associated with household resilience to the financial crisis of 2008. The dataset consists of 25 narrative interviews with people living in urban and rural settings in an Irish Midlands district.

Learning outcomes

After watching this webinar, early career researchers will be familiar with some of the digital archival collections that can be explored to advance social sciences research, they will have been introduced to many helpful online research resources, and offered a starting point from which to develop research methodologies for conducting digital archival research.",https://w3id.org/kim/hochschulfaechersystematik/n01,,eHeritage * Open access * Digital Archives,en,,,,2021-04-20,,,,1.0.0
5a3c394b-4827-45e2-9c97-428c82798739,DARIAH-DE,CC-BY-4.0,https://dfa.de.dariah.eu/doc/colreg/,DARIAH-DE Collection Registry Tutorial,DARIAH (S),"If you are searching for a tool that enables you to describe and index data collections, the DARIAH-DE Collection Registry might be the perfect one for you. In the Collection Registry you can describe collections with metadata, using the DARIAH Collection Description Data Model (DCDDM). Via a graphical user interface, you can describe your collections in different categories, depending on the metadata you have available. Not only digital collections but also analogous collections can be described.

The tutorial is divided into two sections: general information on collections, and a user guide. It gives step-by-step instructions on how to work with the Collection Registry. Eventually, best practice examples are given which illustrate an ideal case for your use of the Collection Registry.

Should you be new to research data management, the tutorial is a convenient way to get to know the Collection Registry and its potential, also with regard to the FAIR principles. With the manual, you get to know how the functionalities and potentials of the Collection Registry contribute to FAIR research on a user-related level.
Learning Outcomes

By the end of this tutorial, you should:

    Have an understanding of the importance of metadata in data collections
    Understand the DARIAH Collection Description Data Model
",https://w3id.org/kim/hochschulfaechersystematik/n01,,Research infrastructures * Open science * Open access * Repositories & Collections,en,Lecture,,,2018-01-01,,,,1.0.0
17784e5f-64fd-4f09-aec4-6a2a771d04e3,"Aguiar, Laura * Gillespie, Lynsey * Ng, Yvonne * Miller, Elizabeth",CC-BY-4.0,https://doi.org/10.7486/DRI.4168n731n,"Engaging Communities with Archives: Video as a tool for activism, advocacy, and archival work",DARIAH (S),"This recording is of ‘Engaging Communities with Archives: Video as a tool for activism, advocacy, and archival work’, a collaborative event hosted by the Digital Repository of Ireland (DRI) and the Public Record Office of Northern Ireland (PRONI) on 7 Sept 2021.

The webinar focuses on participatory projects that aim to train or support community groups in using video to tell personal stories, bring about social change, or archive and preserve activism and advocacy work. The aim of the webinar was to open up an international conversation about how organisations can collaborate with care with community groups to empower people with the knowledge and skills to create and preserve their own stories.",https://w3id.org/kim/hochschulfaechersystematik/n01,,Digital Archives * Training and education,en,,video,,2021-09-07,,,,1.0.0
d3461c84-e08b-403a-bebf-5fefdcb82ad9,"Schuster, Kristen",CC-BY-4.0,https://hdl.handle.net/21.11159/0195cc28-a2a6-737c-a640-10e178b2870d,Unwaged labor - Work Life balance and Information Management during COVID-19,DARIAH (S) * DARIAH Friday Frontiers (S),"Dr. Kristen Schuster presents their ongoing work with Dr Vanessa Reyes around unwaged labour and gender biases in the Information Management sector during the Covid-19 Pandemic. In this, they discuss Critical Feminist Theory, Personal Information Spaces (PSIs) and mixed method approaches to research.

This webinar took place as part of the DARIAH Friday Frontiers In-House Webinar series.

You can download Kristen’s slides here: King’s College London Sharepoint
Learning Outcomes

After watching this video, you should:

    understand what Personal Information Spaces (PSIs) are
    understand issues that have arisen within archival practices due to the Covid-19 Pandemic
    understand how mixed-methods research approaches work in Digital Humanities research",https://w3id.org/kim/hochschulfaechersystematik/n01,,Feminism * Scholarly practice,en,,video,,2021-09-08,,,,1.0.1
0bc9a156-8bc1-45a3-b6b0-e70858fb8de3,"Fava, Ilaria * Lazzeri, Emma * Di Donato",CC-BY-4.0,https://hdl.handle.net/21.11159/0195cc28-a1a7-734b-be1e-a9c93a42badf,The Open Access Publishing Platform Open Research Europe (ORE),TRIPLE (S) * DARIAH (R),"This webinar is part of the TRIPLE Open Science Training Series.

The training session focusses on the Open Access Publishing Platform Open Research Europe (ORE) and is jointly presented by Emma Lazzeri, Open Science researcher at GARR and ISTI-CNR, and Ilaria Fava, Project Officer in the field of Open Science at the Goettingen State University Library (UGOE).

Emma Lazzeri first presents Horizon Europe and the European Commission’s strategy for assessing research in the Open Science era. Ilaria Fava then provides technical details on how the ORE platform works and how researchers will benefit from it. The session concludes with a walkthrough of the platform.

You can download the slides here: https://doi.org/10.5281/zenodo.4707975
Learning Outcomes

After watching this video, you should:

    Understand what the ORE publishing platform is, the benefits it provides to researchers, and how it works in detail.
    Understand how the ORE platform will facilitate compliance to European Open Access terms of funding.",https://w3id.org/kim/hochschulfaechersystematik/n01,,Open science * Data management * Scholarly publishing * Open education * Scholarly,en,,video,,2021-10-14,,,,1.0.1
685d124f-469f-4900-8d53-899642a9e184,"Hall, Mark",CC-BY-4.0,https://hdl.handle.net/21.11159/019595c5-1b94-77da-9f19-6a6b55507729,Introduction to APIs,DARIAH (S) * DARIAH Friday Frontiers (S),"Dr. Mark Hall from Open University UK gives an introduction to Application Programme Interfaces (APIs) and how they can be used in (digital) Humanities projects.

APIs feature in many of the programs and apps we use, but from a research perspective, particularly in the digital humanities and cultural heritage, APIs can offer a way to gather large amounts of data from collections for further analysis. Many Cultural Heritage institutions provide APIs to help access their collections. but APIs can seem daunting to someone who hasn’t used them before. In this webinar, Mark Hall explains what an API is, and how they can be called on to complete queries on metadata.

This webinar was recorded as part of the DARIAH Friday Frontiers webinar series.
Learning Outcomes

By watching this video, learners should:

    Understand what an API is and how they are used in most software
    Understand how an API can be queried, particularly to acquire metadata for analysis",https://w3id.org/kim/hochschulfaechersystematik/n01,,Software development,en,Lecture,,,2021-10-12,,,,1.0.1
c313089f-adc0-4271-8a3c-01085e6d9d20,"Van Hyning, Victoria",CC-BY-4.0,https://www.oeaw.ac.at/acdh/newsevents/event-series/acdh-ch-lecture-62,Crowdsourcing Methods with Cultural Heritage and Academic Datasets,DARIAH (S) * ACDH (S),"Crowdsourcing, also known as “cultural heritage co-creation” or “commons-based peer production,” is the practice of organizations inviting volunteers from diverse backgrounds to engage with collections such as digitized manuscript images, camera trap data, or microscopy images, in order to create new datasets to aid researchers and patrons of many kinds. Ideally, crowdsourcing projects further research and widen access to information, while also giving participants the opportunity to gain or sharpen their own research skills and interest in the subject area. Academics and cultural heritage practitioners can leverage crowdsourcing to democratize access to knowledge, and skills such as digital literacy, and palaeography - the ability to interpret handwriting, and transcribe documents.

Transcription radically improves access to collections by making them word-searchable, as well as legible to screen readers used by visually or cognitively impaired people. Crowdsourcing transcription projects have proliferated in the last fifteen years, and are frequently led by cultural heritage organizations keen to increase access to their holdings. This talk will explore two different methods for online crowdsourced text transcription developed by Van Hyning and her colleagues at Zooniverse.org (Oxford University), and the Library of Congress, and their different but overlapping methods of community engagement.

While at Zooniverse, Dr Van Hyning led an interdisciplinary team to develop several line-by-line transcription approaches that attempt to lower barriers to participation, while also improving the accuracy of transcriptions. Each line of text is transcribed by multiple independent volunteers, and then compared using various algorithms. At the Library of Congress she worked with an interdisciplinary team to develop a different transcription approach for By the People (https://crowd.loc.gov). She developed communication and engagement strategies for both projects to motivate and encourage volunteers, which would be valuable to anyone considering hosting or participating in a crowdsourcing project.
Learning Outcomes

After viewing this lecture, you will:

    Understand what crowdsourcing is, and how researchers can use it as a method for both conducting outreach activities and expanding their research
    Identify different approaches to crowdsourcing according to the data and the format
    Understand how online crowdsourcing can be used with cultural data",https://w3id.org/kim/hochschulfaechersystematik/n01,,Open access * Citizen science,en,,video,,2021-03-22,,,,1.0.0
169f6792-c38a-4156-a5dc-f31a44c0fa73,"Harrower, Natalie",CC-BY-4.0,https://www.oeaw.ac.at/acdh/newsevents/event-series/acdh-lecture-33,Cultural Heritage: Some Observations on Collecting and Curating in the Digital Age,DARIAH (S) * ACDH (S),"Archives and museums have a long history of collecting, curating and conserving objects that reflect a given culture’s history and heritage, but increasingly, our intellectual and creative outputs are born-digital. How do we ensure that these outputs — these digital objects — are properly stewarded for future generations to access, interrogate, and enjoy? Spanning the topics of digital preservation, public humanities, archival enrichment, and the democratisation of cultural heritage, this talk by the Director of the Digital Repository of Ireland (DRI) explores why we should care, as a society, about digital preservation and what opportunities the digital offers for the humanities and social sciences.
Learning Outcomes

After watching this video, you should:

    Understand the role digital repositories and digital preservation play in humanities and social sciences research
    Understand the challenges of preserving born-digital objects",https://w3id.org/kim/hochschulfaechersystematik/n01,,eHeritage * Digital Archives,en,,video,,2018-06-15,,,,1.0.0
4913c520-c1a6-451f-a7f6-d6ac4009566c,"O'Donnell, Dan",CC-BY-4.0, https://hdl.handle.net/21.11159/0195cc28-a1f6-7599-b45d-d7a51265a534,Thinking about the CARE Principles in the Digital Humanities,DARIAH (S) * DARIAH Friday Frontiers (S),"Prof. Dan O’Donnell (University of Lethbridge) discusses the CARE principles, how they sit alongside the FAIR Principles, and how (digital) humanists can apply them in their research. He presents examples from his own research, particularly around studies of historical artefacts in small rural communities in Scotland.

The CARE Principles for Indigenous Data Governance were drawn up to ensure the rights and dignity of indigenous people all over the world are respected in the course of scholarship. They ensure the Collective benefit, Authority to control data, Responsibility to the communities, and Ethics in research. They were drafted at the International Data Week and Research Data Alliance Plenary co-hosted event “Indigenous Data Sovereignty Principles for the Governance of Indigenous Data Workshop,” 8 November 2018, Gaborone, Botswana.

Dan’s presentation was delivered as part of DARIAH-EU’s ‘Friday Frontiers’ In-House Webinar series in October 2021.
Learning Outcomes

After watching this presentation, learners will:

    Understand the CARE Principles and what they stand for
    Recognise how they can be applied in Humanities-based projects
    Identify challenges in application of the CARE Principles in Arts, Humanities and Social Science research, and how they might reasonably be overcome.",https://w3id.org/kim/hochschulfaechersystematik/n01,,Citizen science * Data management,en,,video,,2021-12-16,,,,1.0.1
7b3913e9-f920-4c56-800b-828ade801158,"Thiel, Carsten * Ocansey, Joshua Tetteh * De Santis, Luca * Di Donato, Francesca",CC-BY-4.0, https://hdl.handle.net/21.11159/019595c5-16ab-71ec-9cb0-e65e386c83f3,EOSC Onboarding,TRIPLE (S) * DARIAH (R),"This webinar is part of the TRIPLE Open Science Training Series.

The training session is dedicated to the EOSC onboarding and is led by Carsten Thiel, Chief Technical Officer at CESSDA ERIC and Joshua Tetteh Ocansey, Technical Officer at CESSDA ERIC.

This webinar explores the steps needed to get services ‘onboarded’ and listed on the EOSC marketplace. It specifically gives assistance to service providers in the process of sharing services via EOSC with the EOSC Portal and introduces them to some of the benefits of the EOSC Portal. The minimum criteria to become a provider and the requirements to onboard services into the EOSC Portal are also presented. This training session also incorporates requirements from the TRIPLE project.

You can download the slides here: https://doi.org/10.5281/zenodo.5036684
Learning Outcomes

After watching this video, you should:

    Understand the minimum criteria to become a service provider for EOSC.
    Understand in detail the EOSC onboarding process.
    Understand the specific requirements to onboard services into the EOSC Portal.",https://w3id.org/kim/hochschulfaechersystematik/n01,,Open science * EOSC,en,,video,,2021-12-14,,,,1.0.0
a43d7168-dea8-4bd5-aaf7-edd49001f508,"Tiberius, Carole * Munda, Tina * Repar, Andraž",CC-BY-4.0, https://hdl.handle.net/21.11159/019595c5-1e05-77a8-8bcf-4d49cb734864,LEX3: Transforming Legacy Dictionaries using Elexifier,DARIAH (S),"This course introduces Elexifier, a cloud-based dictionary service for the conversion of legacy XML and PDF dictionaries into a shared data format based on the ELEXIS Data Model.
Learning Outcomes

Upon completion of this course, students will be able to:

    convert XML or PDF dictionaries into TEI-compliant XML in line with the specification described in the ELEXIS Data Model.",https://w3id.org/kim/hochschulfaechersystematik/n01,,Lexicography * XPath * XML,en,Lecture,text,,2022-01-01,,,,1.0.0
cd74addf-793a-4d1a-9193-6c398c9e937c,"Tasovac, Toma * Salgado, Ana * Costa",CC-BY-4.0, https://hdl.handle.net/21.11159/019595c5-1ccc-740a-bb03-022da50bdcd6,Introduction to Dictionaries,DARIAH (S),"The goal of this course is to introduce a brief history of dictionaries as tools for the organization of knowledge about words and their meanings, and to analyze different ways of understanding and classifying the dictionary genre. In order to do so, the course will cover the constituent parts of a dictionary (megastructure, macrostructure, microstructure and mediostructure) as well as different kinds of dictionary typologies, including those based on source and target languages (monolingual, bilingual, multilingual); types of language(s) and topic(s) covered (general language, encyclopedic, terminological); medium (print and electronic); semantic structure (onomasiological vs. semasiological dictionaries); and target audience (literate adults, language learners, language professionals). At the end of this course, students will have a fundamental understanding of the complexities of the dictionary genre as well as an appreciation of the role played by the medium in which the dictionary is compiled and consumed — from clay tablets to computer screens.",https://w3id.org/kim/hochschulfaechersystematik/n01,,Lexicography,en,Lecture,text,,2021-12-30,,,,1.0.1
e734357b-92db-461a-b93b-82244d853694,"Tasovac, Toma",CC-BY-4.0, https://hdl.handle.net/21.11159/019595c5-1153-70e8-b193-41abab39ad1a,"Capturing, Modeling and Transforming Lexical Data: An Introduction",DARIAH (S),"This course will introduce the theories, practices, and methods of digitizing legacy dictionaries for research, preservation and online distribution by focusing on the process of converting paper-based dictionaries to electronic format through image capture, text capture, data modeling and data enrichment. In addition to explaining how various OCR and HCR tools can be used to extract text from images, the course will focus on analyzing, identifying and describing lexicographic data using markup languages such as XML in order to produce semantically structured datasets that can be easily queried, shared and transformed to different outputs. The course will be of interest not only to those who are converting legacy dictionaries, but also those who want to understand the principles and modes of representing structured lexicographic data, which will be a prerequisite for more advanced coursework on TEI Lex-0, OntoLex-Lemon, XPath and XSLT.",https://w3id.org/kim/hochschulfaechersystematik/n01,,Lexicography,en,Lecture,text,,2022-01-02,,,,1.0.0
00e2b81e-4c2f-4710-aa9f-59f1d702825a,"Tiberius, Carole * Heylen",CC-BY-4.0,https://hdl.handle.net/21.11159/019595b2-ce30-75cd-902e-2c000a7db2c7,ELEXIS Pathfinder to Computational Lexicography for Developers and Computational Linguists,DARIAH (S),"This learning resource provides software developers and computational linguists with an overview of the typical computational processing tasks and software tools in the lexicographic workflow. The resource introduces the most widely used custom developed tools for corpus-based lexicography as well as their functionality. Additionally, we give pointers to trending R&D topics in computational lexicography ranging from automatic extraction of good examples and word-sense disambiguation to machine learning. The course is aimed at developers and computational linguists who are new to lexicography and who quickly want to familiarise themselves with the most important literature and/or available learning resources which can bring them up to speed in the fast-changing field and prepare them to collaborate in a multidisciplinary team of lexicographers, computational linguists and software developers.",https://w3id.org/kim/hochschulfaechersystematik/n01,,Lexicography,en,,text,,2022-01-02,,,,1.0.0
0e8342a5-6f3e-4e81-89fa-5873d3f73561,"Tiberius, Carole * Matuška, Ondřej * Kosem, Iztok * Kovář, Vojtěch",CC-BY-4.0,https://hdl.handle.net/21.11159/019595c5-1bfc-72ae-a4bf-b9c8dcca0d01,Introduction to Corpus-Based Lexicographic Practice,DARIAH (S),"This course will explore the notion of lexicographic evidence and the limitation of subjective views on language by tracing the changes in lexicographic practice from the extensive use of manually selected citations to the employment of large language corpora. The course will introduce the fundamentals of corpus linguistics and corpus design, as well as the role played by various NLP tools such as taggers and parsers. At the end of this course, the students will have a basic understanding of how corpora can be used in dictionary writing, both for lemma selection, sense disambiguation, composing good definitions, choosing good examples and for automatic term and collocation extraction.",https://w3id.org/kim/hochschulfaechersystematik/n01,,Lexicography,en,Lecture,text,,2022-01-02,,,,1.0.0
acf1ee31-508f-4468-bd96-86bf48fbb48c,"Frontini, Francesca * Bellandi, Andrea * Quochi, Valeria * Monachini, Monica * Mörth, Karlheinz * Zhanial, Susanne * Ďurčo, Matej * Woldrich, Anna",CC-BY-4.0, https://hdl.handle.net/21.11159/019595c5-1190-762d-9ec8-13ebbf77c908,CLARIN Tools and Resources for Lexicographic Work,DARIAH (S),"This course introduces lexicographers to the CLARIN Research Infrastructure and highlights language resources and tools useful for lexicographic practices. The course consists of two parts. In Part 1, you will learn about CLARIN, its technical and knowledge infrastructure, and about how to deposit and find lexical resources in CLARIN. In Part 2, you will become acquainted with CLARIN tools that can be used to create lexical resources.
Target audience

Linguists, professional lexicographers, students and graduates in related disciplines, lecturers teaching lexicography.",https://w3id.org/kim/hochschulfaechersystematik/n01,,Lexicography,en,Lecture,text,,2022-01-02,,,,1.0.1
507ff56a-6341-4d0a-9f43-e15fdcdbf5bb,"Kosem, Iztok * Wissik, Tanja * Goli, Teja",CC-BY-4.0,https://hdl.handle.net/21.11159/019595c5-1d00-773d-a614-a33ca667bfb4,Introduction to Dictionary Users,DARIAH (S),"The goal of this course is to introduce students to the important role played by dictionary usage research when developing and implementing new dictionaries. The course will address the question of how different types of target users (in terms of age, language proficiency and pre-existing skills) or different types of use (encoding, decoding, translation etc.) influence the scope of the dictionary, the lemma selection process or the very structure of a dictionary entry. At the end of this course, students will have a fundamental understanding of the ways in which user research (both commercially and academically) can contribute to the tailoring of lexicographic content. Going beyond the realm of user-centered lexicography, the course will also explore possible user contributions in the creation of content and the increasing importance of crowdsourcing in lexicography.",https://w3id.org/kim/hochschulfaechersystematik/n01,,Lexicography,en,Lecture,text,,2022-01-02,,,,1.0.0
44aa3ff3-317d-4ec4-94e0-9766856ba7f0,"Jakubiček, Miloš * Kovář, Vojtěch * Matuška, Ondřej * Tiberius, Carole",CC-BY-4.0, https://hdl.handle.net/21.11159/019595c5-1dd3-734c-8522-01cae744a13c,LEX2: Mastering ELEXIS Corpus Tools for Lexicographic Purposes,DARIAH (S),"The course will introduce corpus tools available in ELEXIS and describe various ways in which they can be exploited in lexicographic research and for compiling dictionaries. At the end of the course, students will be able to build corpora, as well as evaluate their quality and suitability for the respective lexicographic task. Students will also acquire the skills necessary to work with the tools effectively to retrieve valid linguistic information from the corpus. Practical examples will simulate the use of these tools in the lexicographic workflow.",https://w3id.org/kim/hochschulfaechersystematik/n01,,Lexicography,en,Lecture,text * video,,2022-01-02,,,,1.0.0
86c362d6-39a2-4f99-88a4-7f2b994a5eca,"Khan, Fahad * McCrae, John",CC-BY-4.0,https://hdl.handle.net/21.11159/019595c5-1e3e-716a-a1ab-f83ea12d4133,Lexicography in the Age of Open Data,DARIAH (S),"Technology should not necessarily be seen as the main challenge facing lexicography today: social, cultural and legal obstacles often stand in the way of greater collaboration and knowledge sharing. This course will explore the principles of open science, open data, and the FAIR principles and open science as they apply to lexicography.",https://w3id.org/kim/hochschulfaechersystematik/n01,,Lexicography,en,Lecture,text,,2022-01-02,,,,1.0.0
f48b8c2e-ff62-46b8-b08a-db6f534d6a49,"Váradi, Tamás * Matuška, Ondřej * Tiberius, Carole * Kosem, Iztok * Kovář, Vojtěch * Jakubiček, Miloš",CC-BY-4.0,https://hdl.handle.net/21.11159/019595c5-1e71-73fb-822e-3a13cce530ed,Lexonomy: Mastering the ELEXIS Dictionary Writing System,DARIAH (S),"The course will explore how software tools for dictionary production (so-called dictionary writing systems, or DWS) can be used to streamline and facilitate the structural coherence and quality assurance in a dictionary project by focusing on Lexonomy, a dictionary-writing system developed as part of ELEXIS. At the end of this course, the students will know how to use Lexonomy in various stages of the lexicographic workflow, from creating a dictionary, selecting a suitable data model, and setting up different configuration options, to using advanced features such as workflow monitoring, and preparing the dictionary for publication. Selected existing projects will be used as case studies.",https://w3id.org/kim/hochschulfaechersystematik/n01,,Lexicography,en,Lecture,text * image,,2022-01-02,,,,1.1.0
745851de-99d2-4f91-ac3a-9dea93fdd406,"Tasovac, Toma",CC-BY-4.0,https://hdl.handle.net/21.11159/019595c5-1f48-75b7-a3b7-18bbdcd1b179,Mastering oXygen XML Editor for Dictionary Nerds,DARIAH (S),"This course teaches users how to use oXygen XML, a versatile, professional-grade XML editor to edit, validate, query and transform lexicographic data. The course focuses on a range of practical and time-saving functionalities and features, such as the schema-based tool tips, document and code templates, customizable shortcuts as well as different editing modes (text, grid and CSS-styled Author) which can be used to adapt the display of dictionaries to one’s particular editing needs. At the end of this course, the students will have become accustomed to the oXygen editing environment and ready to work productively and efficiently in it.",https://w3id.org/kim/hochschulfaechersystematik/n01,,Lexicography,en,Lecture,text * image,,2022-01-02,,,,1.0.0
24bbca72-4a94-4fc8-9f88-55ae574b326f,"McCrae, John * Khan, Fahad",CC-BY-4.0,https://hdl.handle.net/21.11159/019595c5-1f7c-753c-bfca-94a611a76caa,Modeling Dictionaries in OntoLex-Lemon,DARIAH (S),"This course describes the OntoLex-Lemon model, a recent standard for the representation of lexical information on the Web as linked data. In addition to providing a basic introduction to linked data and the Resource Description Framework (RDF), the course will cover the core model of OntoLex and how to represent basic lexical information. Additional modules of the OntoLex module for the description of syntax, term decomposition, variation & translation, metadata, lexicography, morphology and corpus information will also be described. At the end of the course, students should be able to express lexicons as linked data using the model.",https://w3id.org/kim/hochschulfaechersystematik/n01,,Lexicography,en,Lecture,text * image * code,,2022-01-02,,,,1.0.0
a7c89a30-c164-44c0-b0c9-7abfba827a61,"Costa, Rute * Roche, Christophe * Salgado, Ana",CC-BY-4.0,https://hdl.handle.net/21.11159/019595c5-21dd-75ba-8f00-0447bc7b3d58,Standards for Representing Lexicographic Data: An Overview,DARIAH (S),"This course is intended for trainees. It focuses on the importance of standards to facilitate the cooperation among lexicographers in a multilingual and multicultural context by addressing a relevant de facto standards such as Text Encoding Initiative (TEI), TEI Lex-0, models such as OntoLex-Lemon, and International Organization for Standardization (ISO) standards such as Presentation/representation of entries in dictionaries – Requirements, recommendations and information or ISO 1951 (2007) and Lexical markup framework (LMF) or ISO 24613 (2019, 2020, 2021).

The most widely used standards and models in the lexicographic community will be approached according to their aims:

    those dealing with linguistic content;
    those that are used for annotation purposes;
    those that handle representation purposes;
    those addressing interoperability issues.

At the end of the course, students will be familiar with the principles and procedures involved in writing, editing, or compiling dictionaries, considering standards in different parts of their lexicographic workflows.1

This course is divided into two main parts.

In Part 1, Standards and Formats, we describe the standards and the formats we use in this document in order to become familiar with the best practices for representing lexical data. The use of the same example from different language dictionaries, the lexicographic article ‘fly’, will illustrate the uses of these standards and models.

In Part 2, we propose a core vocabulary that defines the minimal set of concepts necessary for lexicographic work. The main objective is to present the formal and natural language definitions of the core concepts, putting them side by side, to facilitate the understanding to a larger community dealing with dictionaries, traditional lexicographers, but also NLP and ontology communities. The set of definitions is expressed by resorting to context-free grammar and to ISO 704 (2009) best practices such as the UML notation for defining concepts or ISO 24156-1 (2014).",https://w3id.org/kim/hochschulfaechersystematik/n01,,Lexicography,en,Lecture,text * image * code,,2022-01-02,,,,1.0.0
5a6b52b7-64a9-4a5a-8570-b0507387bfee,"Davidson, Joy * Helbig, Kerstin * Montesanti, Annalisa * O'Connor, Ryan * Schuster, Kristen * Watteler, Oliver * Weller, Katrin * Whyte, Angus",CC-BY-4.0,https://www.sshopencloud.eu/events/train-trainer-rdm-bootcamp,Train-the-Trainer Research Data Management Bootcamp,DARIAH (S),"This resource compiles the presentations and event report from the SSHOC / DARIAH Research Data Management Working Group “Train-the-Trainer Research Data Management Bootcamp”, held across 2 half-days in February 2021.

The workshop comprised 4 sessions, each outlining practical approaches for course providers when teaching research data management:

    Session 1 - “Planning to meet the costs of managing research data to be FAIR”
    Instructors: Angus Whyte, Annalisa Montesanti, Joy Davidson, Ryan O’Connor
    Session 2 - “GDPR and Ethical issues in working with social media data”
    Instructors: Katrin Weller, Oliver Watteler
    Session 3 - “Dealing with third-party data coming from Cultural Heritage institutions (galleries, museums, libraries, archives)“
    Instructor: Kristen Schuster
    Session 4 - “Research Data Management Didactics”
    Instructor: Kerstin Helbig

Presentation slides and a video of different sessions are available.

The ‘Train-the-Trainers Research Data Management Bootcamp’ was co-organised by the Social Sciences and Humanities Open Cloud (SSHOC) project, and the DARIAH Research Data Management Working Group.",https://w3id.org/kim/hochschulfaechersystematik/n01,,Data management * Open science * Open access * Metadata * Open education,en,Lecture,,,2021-02-08,,,,1.0.0
81a4ae39-2709-4cd1-bcdb-705ccecd5e8a,"Scholger, Walter * Krottmaier, Sina",CC-BY-4.0,https://hdl.handle.net/21.11159/019595c5-1543-778b-ac39-f66467a2d5b2,Data Protection in Research Practice - A Tutorial,DARIAH (S),"Since May 2018, the GDPR (General Data Protection Regulation) has been in force in all European member states. This affects not only the private sector, but also the academic one.

In the course of an academic career, you will most certainly collect and process personal data from third parties - be it in the context of your research or because you are organizing a conference, where you have to collect personal data of the attendees. This makes it especially important - from a legal and an ethical perspective - that the data processing is done in a GDPR-compliant manner.

To help you with this, we would like to introduce you to the most important terms and concepts of the GDPR. We will also show you the ELDAH Consent Form Wizard, a tool that allows you to create GDPR-compliant consent forms for personal data collection in a research context, which you can adapt to your particular research purpose.",https://w3id.org/kim/hochschulfaechersystematik/n01,,Data management,en,Lecture,text * video,,2022-01-31,,,,1.0.0
855628af-5ac2-4395-b8c1-8ebb954d8b5e,"Dumouchel, Suzanne * Tóth-Czifra, Erzsébet * Di Donato, Francesca",CC-BY-4.0,https://hdl.handle.net/21.11159/019595c5-16d9-74d8-b690-9add3daa1df5,EOSC State of the Art and Perspectives,TRIPLE (S) * DARIAH (R),"This webinar is part of the TRIPLE Open Science Training Series.

Suzanne Dumouchel, Head of European Cooperation at Huma-Num (Paris) and member of the Board of Directors of the EOSC Association, presents the latest stages of development of the EOSC and the next steps towards the EOSC implementation.

In this training session Suzanne Dumouchel delves into the details of the EOSC ecosystem and focuses more specifically on its actors, the EOSC Partnership, the EOSC Association governance and EOSC projects. She also provides knowledge on how to contribute to the EOSC, in particular through the EOSC Association Task Forces and the ESFRI Science Clusters. Finally, the strategy of EOSC Future and the benefits it will provide to service providers and researchers are presented.

You can download the slides here: https://doi.org/10.5281/zenodo.5045044",https://w3id.org/kim/hochschulfaechersystematik/n01,,Open science * Training and education * EOSC,en,Lecture,video,,2022-02-03,,,,1.0.0
9f3af0e6-ddb1-4067-97d9-d05343ab5b05,"Angeletaki, Alexandra",CC-BY-4.0,https://www.oeaw.ac.at/acdh/newsevents/event-series/acdh-lecture-23,Virtual Reality and the Museum-Library Sector: The Case of the University Museum and Library of Trondheim,DARIAH (S) * ACDH (S),"Museums and libraries were created as repositories of memory, initially as rarity-cabinets and archives by rich collectors in the 16th century. These resulted in the museum and library archives as public institutions of the 18th century with a mission to educate their visitors (Dilevko 2004). During the 19th century the past was defined as the product of ‘intellectual enactment and study’ (Benett, 2004, p.2).

Today, the use of Virtual Reality (VR) applications in Archaeology and Museology and the ever-increasing development of interactive software and new technological platforms have provided museum and library archives and historical collections with a new space of contact to their users. In other words, museums, libraries and institutions of memory are challenged to find new forms of dialogue with their users and have turned to VR technology to entertain and inform their audience. Hooper-Greenhills (2000) theoretical approach to visitor experience provides us with the argument that we cannot simply impose pre-selected narratives to the visitors and expect a consistent response. Each individual will have their own experiential perception according to their own individualized level of pre-understanding. That is the visitor’s background, nationality and identity may influence and vary the outcome of the experience to be expected. Thus the visit becomes ‘a complex process of interpretation’ (Hooper-Greenhill 2000:138). In modern archaeology, there is a view that archaeologists as academic professionals cannot be separated from the society they live in, when working in communities or museums (Holtorf 2012). Public perception and interpretation of memory manifests itself with popular engagement that follows its own rules and have to be taken into account by researchers.

A series of projects claim that VR applications create digital involvement by active participation, and enhance learning through a cognitive dialogue with the user, but the mediator of the knowledge is still very central in conveying the message and engage the public (Styliani, 2007, Sanders 2009, Gabellone 2009). Others claim that the creation of environments where VR technological tools are employed by free choice allow the visitors to contribute their own narratives and interpretations of the objects and contexts (Champion 2009, Sylaiou 2004).",https://w3id.org/kim/hochschulfaechersystematik/n01,,Digital Archives * eHeritage,en,,text * video,,2017-03-28,,,,1.0.0
1c0a1ab0-fc1a-4353-a504-65d83c435fba,"Vignoli, Michela * Provost, Lottie",CC-BY-4.0,https://hdl.handle.net/21.11159/0195cc28-a2ce-70bd-b4da-9cced68260f8,Visual Data Discovery for the Social Sciences and Humanities Context,TRIPLE (S) * DARIAH (R),"This webinar is part of the TRIPLE Open Science Training Series.

The training session is dedicated to Visual Data Discovery in the Social Sciences and Humanities (SSH) and is presented by Michela Vignoli, Community Manager at Open Knowledge Maps, the world’s largest visual search engine for scientific knowledge.

Michela Vignoli starts the training session with a warm up discussion on discovery challenges in the SSH. A recurring issue researchers are confronted with when performing research on an unknown topic is the lack of visibility of research outputs. In that regard, both knowledge maps and streamgraphs can prove to be useful tools for SSH researchers.

Michela Vignoli offers an explanation on the different applications knowledge maps and stream graphs can have. She illustrates these differences through two live tutorials on the discovery features of the GoTriple platform so as to enable attendees to understand how to visually explore research topics with GoTriple and how to recognise trends in research with GoTriple.

You can download the slides here: https://doi.org/10.5281/zenodo.5795376",https://w3id.org/kim/hochschulfaechersystematik/n01,,Data visualisation * Scholarly practice,en,Lecture,video,,2022-02-09,,,,1.0.0
44a0c162-44d6-4306-8cdb-b28d42388fc6,"Giglia, Elena * Gingold, Arnaud * Katsaloulis, Iraklis * Provost, Lottie * Di Donato, Francesca",CC-BY-4.0,https://hdl.handle.net/21.11159/019595c5-1730-734e-8933-3ce9c8bf4da2,FAIR Data in Social Sciences and Humanities,TRIPLE (S) * DARIAH (R),"This webinar is part of the TRIPLE Open Science Training Series.

The training session is dedicated to FAIR Data in Social Sciences and Humanities (SSH) and is held by Elena Giglia, Head of the Open Access Office at the University of Turin and member of the Executive Assembly of OPERAS.

Elena Giglia first casts light on what is meant when talking about data in the SSH field. She provides an overview of the FAIR principles and presents many helpful tools for researchers to make their data FAIR. Finally, she introduces the responsible management of FAIR data and how this good practice should be reflected in the Data Management Plan.

You can download the slides here: https://doi.org/10.5281/zenodo.5510388",https://w3id.org/kim/hochschulfaechersystematik/n01,,Data management * Digital Archives * Open science * Open access * Scholarly practice,en,Lecture,video,,2022-02-03,,,,1.0.0
4cb58689-d9ae-4a46-a461-2d3f8b937a90,"Tenhunen, Ville * Chen, Yin",CC-BY-4.0,https://hdl.handle.net/21.11159/019595c5-164d-7354-9c69-7f34ea2a58c0,EOSC Architecture,TRIPLE (S) * DARIAH (R),"This webinar is part of the TRIPLE Open Science Training Series.

The training session is dedicated to the EOSC Architecture and is presented by Ville Tenhunen, Data Solutions Architect at the EGI Foundation.

Ville Tenhunen first presents the EOSC and its ongoing developments. He provides an overview of the EOSC Architecture principles, the EOSC Future guiding principles and the Minimum Viable EOSC. The main components of the EOSC Architecture are then introduced, along with a detailed view of its layers. Ville Tenhunen describes the components of the EOSC Architecture and more specifically EOSC Core, EOSC Exchange, EOSC Support Activities and the EOSC Interoperability Framework. He explains the scope and purpose of the EOSC Interoperability Framework and its importance in federating the services that will compose the EOSC. The problems encountered on the way to achieving technical, semantic, organizational and legal interoperability are highlighted and recommendations are presented for each aspect. Finally, the speaker introduces the requirements to become a service provider in the EOSC, such as for example the obligation for services to be accessible to users outside of their original community.

You can download the slides here: https://doi.org/10.5281/zenodo.5566572",https://w3id.org/kim/hochschulfaechersystematik/n01,,Open science * EOSC,en,Lecture,video,,2022-02-10,,,,1.0.0
08e0cc86-1e8c-4e1f-a172-6ed49b24bc82,"Acquavella-Rauch, Stefanie",CC-BY-4.0,https://www.oeaw.ac.at/acdh/newsevents/event-series/acdh-ch-lecture-71,Digitality and Music Editions: Thinking about the Roles of Editors,DARIAH (S) * ACDH (S),"Digitality is as much a method as it is phenomenon of textuality and media – or: ‘mediality’. In musical editions it opens new ways of accessing and presenting music and musical sources. Researchers who deal with these questions are permanently changing their roles as music philologists, editors and mediators. Following the diverse discussions about authorship in literature studies and, for some time, in musicology, this lecture aims to focus on editors and their various roles as actors of digitality.

On the one hand, the boundary between transparent action and the shifting of editorial decisions towards the recipients of a music edition is to be examined more closely. Since several studies have already shown that the outcome of musicology-related digital methods is to be found in musicological thinking, it is important – on the other hand – to take a closer look at the reasons for these changes. Could they be the result of new digital possibilities in music editions and do they occur during the editing process? Or did digitality enable other ways of academic thinking, so that there is really a shift in editorial concepts in general?",https://w3id.org/kim/hochschulfaechersystematik/n01,,Scholarly editions,en,Lecture,video,,2021-05-03,,,,1.0.0
be155043-414f-4486-973b-02a2d67d0eca,"Kenderdine, Sarah",CC-BY-4.0,https://hdl.handle.net/21.11159/019595c5-11c8-7195-bd57-3ae607c680b7,Computational Museology - Experimental Interfaces to Cultural Big Data,DARIAH (S),"In 1889 the curator G. B. Goode of the Smithsonian Institute delivered an anticipatory lecture entitled ‘The Future of the Museum’ in which he said this future museum would stand side by side with the library and the laboratory.’ Convergence in collecting organisations propelled by the liquidity of digital data now sees them reconciled as information providers in a networked world. Media theorists describe this world-order as “database logic,” whereby users transform the physical assets of cultural organisations into digital assets to be—uploaded, downloaded, visualized, shared, users who treat institutions not as storehouses of physical objects, but rather as datasets to be manipulated.

This keynote lecture by Sarah Kenderdine explores how such a mechanistic description can be replaced by ways in which computation has become ‘experiential, spatial and materialized; embedded and embodied’. It was at the birth of the Information Age in the 1950s that the prominent designer Gyorgy Kepes of MIT said “information abundance” should be a “landscapes of the senses” that organizes both perception and practice. This “felt order” should be a source of beauty, data transformed from its measured quantities and recreated as sensed forms exhibiting properties of harmony, rhythm and proportion.

The title of the talk references a framework at the Laboratory for Experimental Museology EPFL based on ‘whole of environment’ encoding. Such a scaffold unites artificial intelligence with data curation, ontology with visualization, and communities of publics and practitioners with embodied participation through immersive and interactive interfaces. Exploiting a series of experimental and embodied platforms, the discussion argues for a reformulation of engagement with digital archives and digital objects at the intersection of the tangible and intangible. The performative interfaces and repertoires described demonstrate opportunities to reformulate narrative in a digital context and the ways they support personal affective engagement with cultural memory.

Sarah Kenderdine is a professor of Digital Museology at the École polytechnique fédérale de Lausanne (EPFL), Switzerland, since 2017 and member of the DARIAH Scientific Board. She leads the laboratory for experimental museology (eM+), exploring the convergence of aesthetic practice, visual analytics and cultural data. Kenderdine develops interactive and immersive experiences for museums and galleries, often employing interactive cinema and augmented reality. The keynote was recorded on September 7, 2021, at the DARIAH Virtual Annual Event 2021.",https://w3id.org/kim/hochschulfaechersystematik/n01,,Computational Imaging * Digital Archives * Big data,en,Lecture,video,,2022-02-15,,,,1.0.0
06ea63a2-a111-4b0a-905d-45f96b24f98f,"Crane, Gregory",CC-BY-4.0,https://www.oeaw.ac.at/acdh/newsevents/event-series/acdh-lecture-32,"Greek, Latin, Classics and the Need for a Global Philology",DARIAH (S) * ACDH (S),"This talk describes the results of planning work in Germany that aims to support a global philology. While a European Classical Philology may focus on Greek and Latin, Classical Philology must by default embrace every major Classical tradition including varying canonical forms of Arabic, Chinese, Sanskrit, Sumerian, Akkadian, and Egyptian. Within the EU, only 5 of 24 languages are spoken by more than 1% of the population, posing a challenge to a shared European identity. A global philology seeks to address the challenge of living in and thinking about a hyperlingual world where we need to engage with more languages than we can study, let alone master.

Gregory Crane’s research combines classical philology and computer science with the aim to apply computer-based methods to the study of human cultural development. He owes his reputation as a pioneer of the digital humanities to his development of the Perseus Digital Library, a comprehensive, freely accessible online library for antique source material. From 1985, he was involved in planning the Perseus Project as a co-director and is now its Editor-in-Chief.",https://w3id.org/kim/hochschulfaechersystematik/n01,,Research infrastructures * Lexicography,en,Lecture,video,,2018-01-17,,,,1.0.0
603ee7e7-f522-4c20-9569-76b44ccb57db,"Kálman, Tibor",CC-BY-4.0,https://hdl.handle.net/21.11159/019595c5-1d6d-729a-a8fb-8721c3fab6ea,Introduction to Persistent Identifiers,DARIAH (S),"As part of the DARIAH Friday Frontiers in-house webinar series, Dr. Tibor Kálman (GWDG) gives an introduction to Persistent Identifiers. Why do we need them, how do we apply them, and how do (digital) arts and humanities scholars benefit from them in particular?

This webinar focuses on ‘Persistent Identifiers’ (PIDs) and basic concepts of referencing objects. It discusses why so many PID platforms exist, presents aspects of sustainability, demonstrates some added-value services, and talks about practical experiences and open issues.

The DARIAH Friday Frontiers in-house webinars run in Spring and Autumn series for members of the DARIAH community. Each series features researchers and projects related to the digital arts and humanities and assumes no prior knowledge, making them accessible to all.",https://w3id.org/kim/hochschulfaechersystematik/n01,,Data management * EOSC * Open science,en,Lecture,video,,2022-03-04,,,,1.0.0
f424296e-ae95-4c71-8eaa-b90ca34387fc,"Heilmann, Chris",CC-BY-4.0, https://hdl.handle.net/21.11159/0195cc28-a47f-713f-b157-08326dbf2aa5,You Never Build Just One Interface - You Don't Even Own It,DARIAH (S),"We live in a distributed data world with ubiquitous computing. This is wonderful but it also comes at a price. The price is flexibility or - in other words - letting go of the idea that you as the creator own the interface. Publishing your product on the web means you need to consider a lot of different use cases and user needs you may not even know about.

In this closing keynote at the DARIAH Virtual Annual Event 2021, Chris Heilmann, Principal PM for developer tools at Microsoft, is going to cover lots of scenarios he had to cover in the 25 years of building products for people on the web and what benefits it had to let go.

The keynote was recorded on September 9, 2021, at the DARIAH Virtual Annual Event 2021. https://www.dariah.eu/",https://w3id.org/kim/hochschulfaechersystematik/n01,,Computational Imaging * Digital Archives * History of Technology,en,Lecture,video,,2022-02-15,,,,1.0.0
52be992d-985e-47a4-b87c-3631d41875b8,"Forbes, Paula * Di Donato, Francesca",CC-BY-4.0,https://hdl.handle.net/21.11159/0195cc28-a17f-7104-b66b-255c9015ad81,The Importance of User-Centred Design for Open Science Training,TRIPLE (S) * DARIAH (R),"This webinar is part of the TRIPLE Open Science Training Series.

The training session is dedicated to User-Centred Design for Open Science and is presented by Paula Forbes, a cross-disciplinary researcher on User research who works across Social Science, Computing Science & Life Science and is based at Abertay University.

The training starts with an open question to the participants on what they consider to be the main aims of user-centred design. Paula Forbes then explains that the user-centred approach involves users in the design process to see how associate services can support user goals. As such, it is important to get a deep understanding of the end users in an iterative process.

Paula Forbes illustrates the process through the work carried out with end users to design the Gotriple platform: The work started with understanding the context of use and user requirements, and then moved forward with the production of design solutions. Then, the design was evaluated against user requirements and a successful design solution was decided upon. It was highlighted that this process is far from linear and should be repeated until a suitable solution is agreed on.

Paula Forbes also demonstrates how user requirements are defined through the creation of personas (“user archetypes” that help make decisions about design solutions that are informed by a user driven perspective) and scenarios (narratives of the personas interacting with the future service) and are then prioritised among them.

Finally, two methods are presented and compared: the Cognitive Walkthrough method and the Artefacts Ecology Mapping which were used to understand how the GoTriple platform could be of benefit for end users.

You can download the slides here: https://doi.org/10.5281/zenodo.6207721",https://w3id.org/kim/hochschulfaechersystematik/n01,,Project management * Open science,en,Lecture,video,,2022-04-05,,,,1.0.0
19498f66-ef54-4b33-ab23-b71123426381,"Baker, Keith",CC-BY-4.0,https://www.oeaw.ac.at/acdh/newsevents/event-series/acdh-lecture-22,Looking for Revolution in the Data Pool - Some Observations from CESTA at Stanford,DARIAH (S) * ACDH (S),"In this lecture entitled “Looking for Revolution in the Data Pool: Some Observations from CESTA at Stanford”, Professor Baker discusses two projects. ‘Writing Rights’, on which he is engaged at Stanford University in collaboration with Dan Edelstein (Professor of French) and specialists in academic technology and design from Stanford and Sydney, Australia, seeks to use techniques of textual analysis and visualisation to understand the process by which the French Declaration of the Rights of Man and of the Citizen was drafted in 1789. ‘Revolutionising Revolution’, his contribution to the volume he has edited with Dan Edelstein on ‘Scripting Revolution. A Historical Approach to the Comparative Study of Revolution’, has explored the transformation of the meaning of ‘revolution’ between 1650 and 1789. Both projects are discussed in light of using Digital Humanities tools for analysis.

The ACDH Lecture addresses the Digital Humanities dimensions of both projects against the academic background at Stanford. This event immediately follows a workshop at the University of Vienna and is co-organized by the Austrian Science Fund Project “Benedictines, Church Reform and the State in Austria, 1720-40” (P-28016).",https://w3id.org/kim/hochschulfaechersystematik/n01,,Data visualisation * Digital Archives,en,Lecture,video,,2016-10-19,,,,1.0.0
2c98aabf-f492-474b-bb05-5ec4b5b3aa82,"Tulp, Jan Willem",CC-BY-4.0,https://www.oeaw.ac.at/acdh/newsevents/event-series/acdh-lecture-42,Shaping the Unseen - Behind the Scenes of Data Visualization,DARIAH (S) * ACDH (S),"Transformation processes between machine-readable data and information that can be readily understood by human readers are the lifeblood of the digital humanities. While methodological discussions often revolve around the question how to make human-made sources machine-readable, the reverse process – turning (numerical) data and the outcomes of digital analyses back into a form that is intelligible to human beings – is just as important.

When it comes to representing information and transforming numbers, concepts or relationships into a human-readable form, the graphic or multimedia visualisation of data can be an effective alternative (or addition) to linear text. With the development of more and more sophisticated digital methods, data visualisation has come a long way since pie charts and line graphs.

The graphic representations that “Data Experience Designer” Jan Willem Tulp (NL) creates both for print and for interactive digital environments showcase the scope of data visualisation and speak to the potential that novel ways of representation hold as a means of elucidating complex data sets. In his lecture, Jan Willem Tulp will give insights into his work and use various examples to illustrate in what ways a data visualisation designer has influence on the final outcome. Three main areas of design decisions will be shown. A behind the scene look of the various stages of a project will give a clear view of the iterative and exploratory approach to designing data visualisations.",https://w3id.org/kim/hochschulfaechersystematik/n01,,Data visualisation,en,Lecture,video,,2018-08-15,,,,1.0.0
b7c2b044-4c5a-4f0c-883b-4001ea263954,"Nicholson, Bob",CC-BY-4.0,https://hdl.handle.net/21.11159/019595c5-1a91-723e-8f3b-af33d48014b6,How to share your research using Social Media,DARIAH (S),"Social media platforms such as Twitter, Instagram, Reddit, and Facebook can be great places for academics to share their research and reach new audiences. In this video, Dr Bob Nicholson will demonstrate the techniques he uses to share his research on Twitter. You’ll learn how to write engaging posts, tell a story using threads, and avoid common pitfalls that often prevent academic research from being shared.

Bob Nicholson is a historian of Victorian popular culture based at Edge Hill University. His research-based social media accounts (@DigiVictorian / @VictorianHumour) are followed by over 50,000 people and have been featured by BBC Radio 4, BBC Radio 3, The Times, The Guardian, Daily Mail, and Smithsonian Magazine.

This webinar took place as part of the DARIAH Friday Frontiers Autumn 2021 series",https://w3id.org/kim/hochschulfaechersystematik/n01,,Citizen science * eHeritage * Digital Archives,en,Lecture,video,,2022-04-06,,,,1.0.1
dceb3f41-3b1a-49c2-979b-1c95e0d624ea,"van Weyenbergh, Gaël * Bouillard, Maxime * Tóth-Czifra, Erzsébet * Provost, Lottie * Di Donato, Francesca",CC-BY-4.0,https://hdl.handle.net/21.11159/0195cc28-a157-76aa-bf24-b9c0e33cb646,The GoTriple Trust Building System Training,TRIPLE (S) * DARIAH (R),"This webinar is part of the TRIPLE Open Science Training Series.

The training session is dedicated to the GoTriple Trust Building System (TBS) and is led by Maxime Bouillard and Gaël van Weyenbergh, co-founders of MEOH, a nonprofit think-and-do tank established in Brussels dedicated to studying how human trust can inform new models of cooperation and governance. Their work currently focuses on the development of the TBS, a platform for users to connect to reliable partners.

The TBS was co-designed through workshops with various stakeholders and will be one of the innovative services of the GoTriple Discovery Platform.

In this session, the presenters invited a set of testers from the audience to collect their feedback on their experience in using the TBS. Maxime Bouillard and Gaël van Weyenbergh present the TBS through a short live demonstration to showcase features of the TBS such as the network, the news feed, the group chat, the profile section and notifications to keep track of a network’s activity from users’ GoTriple profile.

You can download the slides here: https://doi.org/10.5281/zenodo.6367121",https://w3id.org/kim/hochschulfaechersystematik/n01,,Citizen science * Open science,en,Lecture,video,,2022-04-11,,,,1.0.1
4722dfe8-292c-4484-973b-619b1250fd7f,"Ommer, Björn",CC-BY-4.0,https://www.oeaw.ac.at/acdh/newsevents/event-series/acdh-lecture-31,Visual Analytics - Enabling Images to Speak for Themselves,DARIAH (S) * ACDH (S),"Presently, computers can process images only on a low level, such as pixel by pixel or based on textual annotations. Given vast amounts of visual data, there is, however, a dire need for a much more intuitive access to individual images and a more effective handling of large image corpora. After all, one of the main challenges we face is finding and setting related artefacts into perspective although they are in different, otherwise unrelated corpora. In short, the image analysis that is presently available to the humanities needs to be upgraded from the equivalent of a typewriter to that of a highly versatile content processor.

This talk discussed the challenges along the way towards artificial vision systems that can adequately support the humanities. Moreover, Professor Ommer analysed the potential of machine vision for the humanities and also the competences the humanities can offer to vision and machine learning.",https://w3id.org/kim/hochschulfaechersystematik/n01,,Computational Imaging * Data visualisation,en,Lecture,video,,2017-05-08,,,,1.0.0
d411e31c-fdd8-4318-b57c-147d5816c0ab,"Smaniotto, Carlos * Artopoulos, Georgios * Montagnino, Fabio",CC-BY-4.0,https://hdl.handle.net/21.11159/019595c3-4fc3-757b-9a15-ab591c500e56,Use of ICT for Community Building Actions Towards the Reactivation of Urban Heritagescapes in South European Cities,DARIAH (S),"UDigiSH, the DARIAH Working Group on “Digital Practices for the Study of Urban Heritage”, organised a public space co-creation workshop with the title “Everyday experiences and heritage in southern European cities: Digital tools and practices”, that was held at Cantieri Culturali della Zisa, Palermo, 25-30 July 2021.

This Dariah Campus resource contains the presentations, discussions, and materials made for the workshop.",https://w3id.org/kim/hochschulfaechersystematik/n01,,Augmented reality * DH * Design Thinking * Data management,en,,video,,2022-04-14,,,,1.0.0
a06172dc-a18a-423e-9d90-f0ef83589a55,"Fennell, Claire * Gill, Emmett * Magan, Manchán * Houlihan, Michael * Mac Philbín, Seán",CC-BY-4.0,https://doi.org/10.7486/DRI.9w03fs89x,"Performing, Promoting and Preserving Ireland's Intangible Cultural Heritage",DARIAH (S),"This recording is of ‘Performing, Promoting and Preserving Ireland’s Intangible Cultural Heritage’. This was a live online event co-organised by the Department of Tourism, Culture, Arts, Gaeltacht, Sport and Media and the Digital Repository of Ireland on 19 August 2021 at 19.00

In the webinar, Manchán Magan leads a lively evening of performance, exploration, and discussion on the theme of intangible cultural heritage. The Department of Tourism, Culture, Arts, Gaeltacht, Sport and Media speak about the development of the National Inventory. Practitioners and performers from three performing arts give insights into their practices and why they are important. The Digital Repository of Ireland asks us to think about how the preservation of digital records can help to pass practices like these down to future generations.",https://w3id.org/kim/hochschulfaechersystematik/n01,,Digital Archives * eHeritage,en,Lecture,video,,2021-08-19,,,,1.0.0
68bc2ef1-cd35-446f-b880-e757219ed972,"Klee, Anne",CC-BY-4.0, https://hdl.handle.net/21.11159/019595c5-1a5d-7304-912a-399f502d1fcc,LEX3: Publishing Legacy Dictionaries with Publex,DARIAH (S),"This course introduces the legacy dictionary viewer Publex, a generic, modular dictionary publication tool for retrodigitized dictionaries.",https://w3id.org/kim/hochschulfaechersystematik/n01,,Lexicography,en,Lecture,text * image,,2022-04-25,,,,1.0.1
91676060-05af-4d20-ab56-eaf0acab02b5,"Teeling, Brendan * Clarke, Emma * De Lacey, Karen * Lee, Joe * Smith, James Louis",CC-BY-4.0,https://doi.org/10.7486/DRI.1z410h71k,Dublin in the Archives: Digital collections exploring the city and county,DARIAH (S),"This recording is of ‘Dublin in the Archives: Digital collections exploring the city and county’ a webinar hosted by the Digital Repository of Ireland (DRI) for Culture Night in September 2021.

Digital archives are bursting with collections relating to Dublin’s past and present. They trace the boundaries and geography of the city and the social, cultural, and business life of Dubliners through its centuries of habitation. This webinar brings together the content creators of these exceptional collections as well as the historians, geographers, and curators of digitised records to showcase what Dublin city and county material is available online and in digital format. The webinar shows how these digital collections can be used together to give us a multi-dimensional view of Dublin’s past and present.

The webinar includes a lively discussion of archival collections containing rich material ranging from ‘ghost signs’ that illustrate the hidden history of Dublin’s commercial past, to historical collections on key events in our shared history like the 1916 Rising, to community-based films that showcase the contemporary social history of the city, and to photographs that provide insight into the fascinating heritage of communities like the Dublin Port docklands.

The event is chaired by Deputy City Librarian at Dublin City Library and Archive (DCLA), Brendan Teeling. DCLA holds a remarkable range of digital collections within the DRI that both document and illuminate the history of Dublin over the last eight centuries.

(Image: Fáilte Ireland. Interior of a Dublin Pub - ‘The Long Hall’, Digital Repository of Ireland [Distributor], Dublin City Library and Archive [Depositing Institution], https://doi.org/10.7486/DRI.f475fz72d)",https://w3id.org/kim/hochschulfaechersystematik/n01,,DH * Digital Archives * eHeritage,en,Lecture,video,,2021-09-17,,,,1.0.0
ec53aedc-879a-4172-87ee-cdf2e70b2961,"Meyer, Miriah",CC-BY-4.0,https://www.oeaw.ac.at/acdh/newsevents/event-series/acdh-lecture-51,Things that Poems Taught me about Visualization,DARIAH (S) * ACDH (S),"For a computer scientist, collaborating with humanists can be a challenging, interesting, and productive experience. It can also seed ideas and insights with long-term implications for visualization research. In this talk, visualization designer Miriah Meyer reflects on a collaboration with poetry scholars that impacted her own research thinking in deep and disruptive ways. She describes learning that came out of this digital humanities project through the lens of several recent studies, each with core ideas that trace back to work with poetry scholars.",https://w3id.org/kim/hochschulfaechersystematik/n01,,Data visualisation,en,Lecture,,,2019-04-08,,,,1.0.0
38571096-ac80-49dd-a1dd-4035b23ee9bd,"Broeder, Daan * Vasilogamvrakis, Nikos * Katsaloulis, Iraklis",CC-BY-4.0,https://hdl.handle.net/21.11159/019595c5-1fe8-71ff-b9d7-0be3ca22cacd,Multilingual Vocabularies for SSH Training,TRIPLE (S) * DARIAH (R),"This webinar is part of the TRIPLE Open Science Training Series.

This training session is a synergy of TRIPLE and SSHOC projects and focuses on controlled vocabularies for Social Sciences and Humanities (SSH). It is led by Daan Broeder with contributions from other SSHOC partners (CLARIN ERIC/SSHOC), Haris Georgiadis (EKT/TRIPLE) and Nikos Vasilogamvrakis (EKT).

Vocabularies are presented as organised arrangements of words and phrases used to annotate, index and retrieve content through browsing or searching. Nikos Vasilogamvrakis explains that the standardised terms which make controlled vocabularies do not intend to include natural language terms. In fact, these terms are concepts linked to each other by a series of relationships which form a network of concepts.

The work performed within the TRIPLE project to create a multilingual SSH vocabulary to be used for annotating (tagging) the publications hosted in the GoTriple platform is presented by Iraklis Katsaloulis, along with ways to increase the multilingualism of the vocabulary.

Finally, Daan Broeder introduces Vocabularies in the SSHOC project and the importance of multilinguality based on two case studies. He also presents the priorities and recommendations towards an SSH Vocabularies Commons.

You can download the slides here: https://doi.org/10.5281/zenodo.6501586",https://w3id.org/kim/hochschulfaechersystematik/n01,,Controlled Vocabularies * Project management,en,Lecture,video,,2022-05-26,,,,1.0.0
e31feab4-48b3-4610-bf49-0679d9966852,"Lombardo, Tiziana * Arasteh, Sona * Andreini, Giulio * Provost, Lottie",CC-BY-4.0,https://hdl.handle.net/21.11159/0195cc28-a12d-727e-8976-6f9db7399947,The GoTriple Pundit Annotation Tool Training,TRIPLE (S) * DARIAH (R),"This webinar is part of the TRIPLE Open Science Training Series.

The training session is dedicated to the GoTriple Pundit Annotation Tool and is presented by Sona Arasteh, Communications officer for the TRIPLE project (Max Weber Foundation), Tiziana Lombardo, Project Manager at Net7 and Giulio Andreini, Project Manager and UX Designer at Net7.

Tiziana Lombardo opens the training session by defining the concept of web annotation and presenting the Pundit Annotation Tool, a web annotation system powered by semantic technologies. She also provides an overview of the next steps for Pundit in terms of integration in the GoTriple platform, enhanced support for collaboration and teamwork, advanced interoperability and integration in the EOSC Marketplace as a self-standing service. A live demonstration is then performed by Sona Arasteh who shows the various applications of Pundit when writing her PhD thesis and how the annotation tool is particularly adapted for SSH researchers. The training is concluded by Giulio Andreini with a step-by-step guide to Pundit providing the basic information to start using it and covering all the features the tool offers such as semantic annotations, comments, tags and highlights.

To annotate Web pages and PDFs with Pundit: Pundit Annotator Chrome Extension

You can download the slides here: https://doi.org/10.5281/zenodo.6552360",https://w3id.org/kim/hochschulfaechersystematik/n01,,Scholarly practice * Project management * Semantic Web * EOSC * Training and education,en,Lecture,video,,2022-06-09,,,,1.0.0
9045da4e-f5b4-4fd7-be43-3e0a372f4690,"Lanigan, Clare",CC-BY-4.0, https://hdl.handle.net/21.11159/019595c5-1004-73ed-b0c0-e8fd8c90d174,Archiving Activism - Archiving Reproductive Health,DARIAH (S),"This video presentation from Clare Lanigan at the Digital Repository of Ireland (DRI) on the ‘Archiving Reproductive Health’ project, and discusses archival activism more broadly. In particular she gives a demonstration of the current collections available through the archive, provides details of how items were compiled, and also discusses the more pastoral and welfare issues for archival staff when dealing with items relating to political or social activism.

This was filmed as part of the DARIAH Friday Frontiers Spring Series 2022.",https://w3id.org/kim/hochschulfaechersystematik/n01,,Data management * eHeritage * Digital Archives,en,Lecture,video,,2022-06-23,,,,1.0.0
2c438679-0482-4d9b-b291-fad3cd06a317,"Hovy, Dirk",CC-BY-4.0,https://www.oeaw.ac.at/acdh/newsevents/event-series/acdh-ch-lecture-72,What 300-Dimensional Fridges Can Tell Us about Language,DARIAH (S) * ACDH (S),"Sociolinguistics has always been an empirical field. With the availability of large amounts of data, it has met new possibilities, but also (methodological) challenges. Recent advances in machine learning have produced promising approaches to gain new insights and corroborate perceived wisdom.

In this talk, Hovy gives a brief introduction of a method called embeddings, and will show several applications of it. Embeddings are a new way of representing words (a direct implementation of the distributional hypothesis by Firth) as points in in a multi-dimensional vector space. This is not unlike arranging word magnets on a fridge. Each word’s position relative to all others is determined by the contextual similarity to all other words, thereby determining semantic and syntactic groupings. The resulting vector representations of words have turned out to capture a variety of latent factors, from lexical semantics to syntax to socio-demographic aspects to societal attitudes.

The ease of use and the range of applications make embeddings a valuable tool for further research in (computational) sociolinguistics. Hovy shows how they capture regional variation at an intra- and interlingual level, how they distinguish varieties and linguistic resources, and how they allow for the assessment of changing societal norms and associations.",https://w3id.org/kim/hochschulfaechersystematik/n01,,Scholarly practice * Machine Learning,en,Lecture,video,,2021-06-16,,,,1.0.0
fb984c94-fdd8-4d36-818a-eccf63905d4d,"Daquino, Marilena",CC-BY-4.0,https://hdl.handle.net/21.11159/019595c5-20b2-75f3-a92a-e764d0d6372b,Polifonia - Making sense of musical heritage on the web,DARIAH (S),"Polifonia is a H2020 project that aims at harmonising diverse information sources in the landscape of musical heritage and scholarship. The challenges are many, from data management, to knowledge organisation and dissemination barriers. In this talk, an ontology driven strategy to organise, share, and interact with the wealth of music data on the web, will be presented. This include solutions to engage with scholars and lay persons, with an emphasis on data visualisation and storytelling.

This webinar was delivered by Dr. Marilena Daquino (University of Bologna) as part of the DARIAH Friday Frontiers. You can find more videos from Friday Frontiers on DARIAH-Campus, along with many other free and reusable training resources.",https://w3id.org/kim/hochschulfaechersystematik/n01,,eHeritage * Data management * Digital Archives,en,Lecture,video,,2022-07-04,,,,1.0.0
bb86fdda-bc33-435a-b70d-93853db8048e,"Schnapp, Jeffrey",CC-BY-4.0, https://www.oeaw.ac.at/acdh/newsevents/event-series/acdh-lecture-21,Knowledge Design,DARIAH (S) * ACDH (S),"The phrase ‘Knowledge Design’ describes the situation in the contemporary arts and humanities that most engages Professor Schnapp as a ‘digital humanist’: the fact that the form that knowledge assumes can no longer be considered a given. The tools of humanistic enquiry have become as much objects of research and experimentation as have modes of dissemination. Statistical methods press against one edge of the qualitative human sciences; graphic and information design press up against another. Laboratories arise with a team-based ethos, embracing a triangulation of arts practice, critique, and outreach, merging research, pedagogy, publication, and practice. The once firm boundary line between libraries, museums, archives, and the classroom grows porous as scholarship, deprived of its once secure print-based home, starts shuttling back and forth between the stacks and the streets.

In his talk, Professor Schnapp provided an overall mapping of this situation and singled out some key nodes: the re-mediation of print, data portraiture, bridging the analogue/digital divide, and the redesign of knowledge spaces from classrooms to museums.",https://w3id.org/kim/hochschulfaechersystematik/n01,,eHeritage * Scholarly practice,en,Lecture,video,,2016-06-23,,,,1.0.0
73e2b893-7c64-405e-8a6e-1873a6a1ed97,"Tóth-Czifra, Erzsébet * Barbot, Laure",CC-BY-4.0,https://hdl.handle.net/21.11159/019595c5-167f-7576-a597-26d49f28c729,EOSC for Arts and Humanities Scholars,DARIAH (S),"Erzsébet Tóth-Czifra and Laure Barbot provide an introduction to EOSC and open science projects for researchers and practitioners working in the Arts and Humanities. They include a brief walk through the EOSC landscape, and how different EOSC projects are working towards ensuring open science for all.",https://w3id.org/kim/hochschulfaechersystematik/n01,,EOSC * Open science * Data management,en,Lecture,video,,2022-07-12,,,,1.0.1
a324940b-608c-4ba5-a368-174b9b56f883,"Jakubiček, Miloš * Kovář, Vojtěch * Matuška, Ondřej * Tiberius, Carole * Kosem, Iztok",CC-BY-4.0,https://hdl.handle.net/21.11159/019595c5-10e9-74db-8a1d-cdfb6e52c541,Automating the Process of Dictionary Creation,DARIAH (S),"Building upon the material covered in LEX2: Mastering ELEXIS Corpus Tools for Lexicographic Purposes and Lexonomy: Mastering the ELEXIS Dictionary Writing System, this course will focus specifically on the changes in dictionary production after 2000 and the increasing importance of automation and post-editing in lexicography. The course will focus on the ELEXIS One-Click Dictionary as a corpus- based dictionary-drafting tool and the way Lexonomy DWS can be used to post-edit content which has been automatically pulled from ELEXIS Corpus Tools.",https://w3id.org/kim/hochschulfaechersystematik/n01,,Lexicography,en,Lecture,text * image,,2022-07-19,,,,1.0.0
b5a19020-ecef-4913-9fae-5d87cbe8f125,DARIAH-DE,CC-BY-4.0,https://hdl.handle.net/21.11159/019595c5-13a5-7789-9038-c971a20f1772,DARIAH-DE Publikator Video Tutorial,DARIAH (S),"This video tutorial introduces the DARIAH-DE Publikator. You will learn how to create collections and fill them with data and you will get useful information about the FAIRification of the research data life cycle, especially within the scope of DARIAH-DE. The DARIAH-DE Publikator is a publication tool which allows you to upload your research data into the DARIAH-DE Repository and index it with metadata using Dublin Core Simple.

While there are also written guides available to familiarise yourself with the Publikator (see, for example, the DARIAH-DE Collection Registry Tutorial), this video is an interactive way of getting to know a new tool that can help you broaden your expertise in the field of research data management.

Please note - this video is in German",https://w3id.org/kim/hochschulfaechersystematik/n01,,Data management * Open science * Metadata * Sustainability * Research infrastructures,de,Lecture,video,,2022-09-22,,,,1.0.0
93445971-882f-4720-b651-d9fdfc84db65,"Sganga, Caterina",CC-BY-4.0,https://hdl.handle.net/21.11159/019595c5-1226-72c8-8355-1e4c412d8c8f,Copyright and Academia in the Digital Era,TRIPLE (S) * DARIAH (R),"This webinar is part of the TRIPLE Open Science Training Series.

In this webinar, Professor Sganga presents the foundations of copyright, how it works, what are the rights conferred to authors and how long they last. She also demonstrates how to transfer your rights if you are creating or how to keep your content fully open.

Prof. Sganga first shows the changes that came about with the digital revolution and how works which were the object of copyright now have new characteristics, and come with new risks. The basic sources and foundations of copyrights in the material and digital environment are then explained and analysed in a comparative manner showing the different layers of regulation in the international, European and Italian scene. Finally, the session includes a focus on the exploitation of academic works and how to distribute and commercialise your work, and with which tools.

You can download the slides here: https://doi.org/10.5281/zenodo.6683670",https://w3id.org/kim/hochschulfaechersystematik/n01,,Scholarly practice * Scholarly publishing,en,Lecture,video,,2022-10-18,,,,1.0.1
5cfed6ec-7a20-4b79-b9fe-aaa6430ca002,"van Rossum, Lisanne * Janssen, Maarten * Cinková, Silvie * Tonra, Justin * Murphy, Ciara L * Křen, Michal * Cvrček, Václav",CC-BY-4.0,https://hdl.handle.net/21.11159/019595c3-4db1-71f4-9d79-54b4c470a5bc,CLS-INFRA Training School on Data and Annotation,DARIAH (S) * CLS INFRA (S),"This training school is the first held by the CLS-Infra project. It was held at Univerzita Karlova (Charles University) at the Faculty of Mathematics and Physics in Prague, Czech Republic from 7-9 June 2022.",https://w3id.org/kim/hochschulfaechersystematik/n01,,Data management * Scholarly publishing * TEI,en,Lecture,video,,2022-10-18,,,,1.0.1
dc63a505-f6d4-4e98-aafa-0d601c7fb099,"Wyatt, Sally",CC-BY-4.0,https://hdl.handle.net/21.11159/019595c5-1992-701d-977b-570ab55e14c2,Has Anyone Cited A Woman?,DARIAH (S),"For many researchers, citation is an important way of demonstrating our knowledge, acknowledging the sources of our ideas, and connecting with debates in our fields. Recent studies have highlighted the systematic under-citation of women and other marginalised groups in various fields.

In this talk, Sally discusses recent activities undertaken at Maastricht University to help students and colleagues develop tactics to address this problem.

This webinar was presented on Friday 7th October as part of DARIAH’s “Friday Frontiers’ webinar series.",https://w3id.org/kim/hochschulfaechersystematik/n01,,Feminism * Digital Source Criticism,en,Lecture,video,,2022-10-25,,,,1.0.1
7092635f-9019-4e9c-a4c6-cef7ab57b51d,"Janssen, Maarten",CC-BY-4.0, https://blog.ehri-project.eu/2021/03/17/ehri-in-teitok/,EHRI in TEITOK,EHRI (S) * DARIAH (R),"The Institute for Formal and Applied Linguistics (UFAL) put together an experimental interface for the EHRI digital editions, a corpus framework called TEITOK, as an alternative to the current interface in Omeka. Where the current interface of EHRI based is centered around documents, TEITOK is centered around texts. In many aspects, the TEITOK interface for EHRI is similar to the Omeka interface – both allow you to search through the documents, and display the transcription. The main difference is that in Omeka, when you search for a word in the documents, it is not aware where that term appears in the text – the transcription is treated as an object description. Since TEITOK is aware where the words appear, it can not only show that a word appears in a document, but also where it appears and how it is used.

In this document, we will first quickly explain what TEITOK is, and then describe the design of the experimental EHRI interface, as well as how it was created and how the result differs from the Omeka interface of EHRI. The first two parts are unavoidable technical in nature. That is why the last section illustrates the resulting system using some actual examples from the EHRI project.",https://w3id.org/kim/hochschulfaechersystematik/n01,,Big data * Data management * Repositories & Collections * Research infrastructures * Metadata,en,,text,,2021-03-17,,,,1.0.0
95be493b-6bf0-48c7-bbbb-99ba939611ce,"Pitzl, Marie-Luise * Riegler, Stefanie * Osimk-Teasdale, Ruth",CC-BY-4.0,https://hdl.handle.net/21.11159/0195cc28-a27b-72ea-9d5c-b38b4ba2a5a5,Tutorial for VOICE 3.0,DARIAH (S) * ACDH (S),"In September 2021, the VOICE CLARIAH project team developed the new VOICE 3.0 Online interface for the Vienna-Oxford International Corpus of Enlgish, VOICE. VOICE is a computerized open-access corpus of naturally-occurring,spoken English as a lingua franca (ELF) interactions, based on audio-recordings. You can access VOICE 3.0 through the web interface at https://voice3.acdh.oeaw.ac.at, and can bookmark and download your search results. The tutorial introduces the web interface, explains how to run search queries, apply filters for the creation of sub-corpora and set bookmarks. In addition, it provides short quizzes and links to short videos explaining the design and functions of the VOICE 3.0 interface. The new VOICE 3.0 is also explained in the recordings of the ACDH-CH Tool Gallery 8.1 on “Spoken corpora and open access: Usability and Technology of VOICE 3.0 Online” from April 2022.",https://w3id.org/kim/hochschulfaechersystematik/n01,,Lexicography * Scholarly publishing,en,Lecture,text * video,,2022-11-17,,,,2.0.0
8616b161-6da8-4924-9164-14fe63816bbc,"Pistol, Rachel",CC-BY-4.0,https://github.com/EHRI/ehri-data-analysis-tools/tree/master/zotero,How to Capture and Reference a Webpage in your Research Using Zotero,EHRI (S) * DARIAH (R),"The need to reference webpages in academic work is growing all the time, particularly in the digital humanities. There are many different reference management systems that exist to help researchers sort and find their sources, and the most accessible of these is Zotero. This short guide will show you how to use Zotero to capture webpages that can then be cited in your work.

If you have not come across Zotero before, it is an open access tool that helps you collect, organise, cite and share research. To download Zotero, go to https://www.zotero.org/

You will need to download both the standalone version as well as the Zotero connector for your web browser (in this example Firefox). There are different Zotero connectors depending on the web browser you are using.",https://w3id.org/kim/hochschulfaechersystematik/n01,,Data management,en,Lecture,,,2019-08-15,,,,1.0.0
89165888-6b91-43f8-bb49-3122aed55130,"Rodighiero, Dario",CC-BY-4.0, https://hdl.handle.net/21.11159/019595c5-1edc-727b-ad4e-62f985ea08d2,Mapping Science in Immersive Architectures,DARIAH (S),"Although the mapping of science is broadly interested in representing scholarly knowledge, its use is often related to bibliometric techniques such as citation analysis. This presentation brings back the science mapping to its original meaning by widening its context to arts and humanities with the help of design. By refocusing the final user to scientists themselves and the general public looking at science, the audience is conducted through a series of data visualisations that present scholarly knowledge through immersive architectures in digital and public spaces. In a study related to experimental museology, the idea is to take out science from the laboratory and make its structure and dynamics visible again for all of us.",https://w3id.org/kim/hochschulfaechersystematik/n01,,Data visualisation * Computational Imaging,en,Lecture,video,,2022-11-29,,,,1.0.1
5119e8c3-be11-4551-b9d2-0dc2db880fb1,"Bryant, Mike * Dermentzi, Maria",CC-BY-4.0, https://blog.ehri-project.eu/2022/07/19/exploratory-topic-modelling-in-python/,Exploratory Topic Modelling in Python,EHRI (S) * DARIAH (R),"Topic modelling is a machine-learning technique that finds patterns in language use within a corpus of documents, and clusters those documents accordingly. The commonalities in ther patterns form “topics”, providing a way to automatically categorise documents by their structural content. The specific type of topic modelling covered in this resource is called Latent Dirichlet Allocation - ‘LDA’.

This EHRI notebook walks readers through the process of topic modelling transcripts obtained through the United States Holocaust Memorial Museum (USHMM) using Python and accompanies the article published in the European Holocaust Research Infrastructure (EHRI) Document Blog entitled “Exploratory Topic Modelling in Python”.",https://w3id.org/kim/hochschulfaechersystematik/n01,,Data management * Digital Archives * eHeritage,en,Lecture,,,2022-06-21,,,,1.0.0
1b4ea237-f815-4871-9ba6-0696aa58e253,"De Valk, Reinier",CC-BY-4.0,https://blog.ehri-project.eu/2018/03/29/quod/,quod: A Tool for Querying and Organising Digitised Historical Documents,EHRI (S) * DARIAH (R),"In this blog post we introduce ‘quod’ (querying OCRed documents), a prototype Python-based command line tool for OCRing and querying digitised historical documents, which can be used to organise large collections. To demonstrate its use in context, this blog takes the reader through a case study of the International Tracing Service, showing workflows and the steps taken from start to finish.

The archives of the International Tracing Service (ITS) in Bad Arolsen, Germany focus on the topics of wartime incarceration, forced labour, and liberated survivors. Within their holdings is a collection of approximately 4.2 million images of documents that have been rearranged without taking into account their provenance. This makes it difficult — or at least highly laborious — to determine, for example, to which subcollection an image originally belongs; or to organise the collections in certain ways.

ITS has rearranged many of its collections following the needs of the tracing tasks. As a consequence it is relatively easy to search for names of people in the collection. Yet, at the same time, due to the loss of provenance and context information it is hard to approach the collections with research questions. For example, a researcher or archivist may want to define employers of forced labourers and even arrange the collections according to these.",https://w3id.org/kim/hochschulfaechersystematik/n01,,Big data * Digital Archives * eHeritage * Information Architecture * Metadata * Repositories & Collections,en,Lecture,,,2018-03-29,,,,1.0.0
4c00f4c7-1927-4bf5-b3ba-47c640981265,"Petrulevich, Alexandra * Ellis-Nilsson, Sara * Gammeltoft, Peder * Lethbridge, Emily * Smith, Marcus * Isaksen, Leif * Mostern, Ruth * Vikström, Lisa",CC-BY-4.0,https://hdl.handle.net/21.11159/019595c3-4c32-7238-87ec-797b4fbfb49d,Building and Linking Humanities' Digital Spatial Infrastructures,DARIAH (S),"This workshop covers key concepts in the field of (spatial) digital research infrastructures in the Humanities such as spatial infrastructures, Linked Open Data (LOD), metadata, ontology etc. It also outlines major challenges in the field and gives some concrete, authentic examples of how to overcome them in small and large-scale projects in both academia and the GLAM sector.",https://w3id.org/kim/hochschulfaechersystematik/n01,,Controlled Vocabularies * Data management * Data modeling * Data visualisation * DH * Spatial humanities * Research infrastructures,en,Lecture,video,,2023-02-16,,,,1.0.0
fa510323-c032-41c0-8c69-f87c42b618c6,"Bryant, Mike",CC-BY-4.0,https://github.com/EHRI/ehri-data-analysis-tools/tree/master/face_detection_with_opencv,Using OpenCV for Face Detection,EHRI (S) * DARIAH (R),"OpenCV is a very popular, free and open source software system used for a large variety of computer vision applications. This article is intended to help you get started in experimenting with OpenCV, using an example of face detection in images as a case study.

Face detection is a different, and much simpler task than facial recognition. Face detection uses a computer vision algorithm to detect the existence and location of face images within an image file. Facial recognition can be used to identify a person or match face images with each other.

This article assumes you have Linux installed and available to you and you can log in to the command line terminal.",https://w3id.org/kim/hochschulfaechersystematik/n01,,eHeritage * Data management * Data visualisation,en,Lecture,,,2019-08-27,,,,1.0.0
1f5fa8d9-47ab-4190-a3ee-fcf6829306e5,"Pistol, Rachel",CC-BY-4.0,https://github.com/EHRI/ehri-data-analysis-tools/tree/master/importing-web-tables,Importing tables from websites into spreadsheets,EHRI (S) * DARIAH (R),"Sometimes in the course of humanities research it can be useful to take information, such as document lists from archives, from a website for future reference. If these items are in a table on a webpage, it is possible to capture these and import them into a spreadsheet for further analysis with the help of browser extensions. This short resource will show the user how to download an extension to copy tables from websites (in this case, ‘Table Capture’ in the Google Chrome browser), and then import the table into a spreadsheet program.

Please note - any data taken from websites should always be given a proper citation.",https://w3id.org/kim/hochschulfaechersystematik/n01,,Data management,en,Lecture,,,2019-08-15,,,,1.0.0
089082ee-d84f-4f7b-8a9d-d554bb972107,"Wnuk, Magdalena * Świetlik, Marta",CC-BY-4.0, https://hdl.handle.net/21.11159/019595c5-20e3-7309-aa8c-12529a73c434,Queens of Humanities,DARIAH (S),"How do we tell the story of humanities as the essence of understanding humankind in all its aspects and bring it back to the table as an equal partner of science? Seeking an answer to this question, this webinar presents the scope and dissemination of the Queens of Humanities campaign run last year by OPERAS-PL. Its purpose was to promote innovative humanistic approaches and show their relevance in today’s world.

“Born digital” monographs, data visualisations, web applications, podcasts or vlogs were presented as innovative outputs aimed at telling the story of humanities as an indispensable and ubiquitous means of expanding human knowledge about the world. The posts were also an occasion to bring up important problems of humanities research, such as the underestimation of innovative publications that do not fit with the strict academic criteria.

The “Queens of Humanities” project is a simple, yet inspiring advocacy project which can be implemented among different audiences and through various social channels. It also reflects on Facebook, which, despite increasing competition in the area of social media, offers unsophisticated, yet sufficient solutions for storytelling targeted at specific local audiences.

Projects and links referenced in this webinar include:

    Queens of Humanities website
    https://bit.ly/Queens_of_Humanities
    Chinese Deathscape - Grave Reform in Modern China
    https://chinesedeathscape.supdigital.org
    The Lost Treasures
    https://treasures.ui.org.ua
    digital love languages
    https://lovelanguages.melaniehoff.com
    Otwarta Humanistyka
    https://otwartanauka.hypotheses.org
",https://w3id.org/kim/hochschulfaechersystematik/n01,,Data visualisation * Training and education,en,Lecture,video,,2023-03-15,,,,1.0.1
2d13d93c-af92-47ea-9c35-0cd63e5a8ef1,"Bryant, Mike",CC-BY-4.0, https://github.com/EHRI/ehri-data-analysis-tools/tree/master/ehri-search-api,Extracting CSV Data from the EHRI Search API,EHRI (S) * DARIAH (R),"This tutorial shows you how to use some popular command-line tools (available on MacOS, Linux, and Windows) to extract data from the EHRI Search API and convert it to CSV, where it can be imported into Excel or a relational database. The tools we will be using are as follows:

    Curl - a tool for making HTTP(S) requests from the command line
    Jq - a tool for processing and transforming JSON data in various ways

Both Curl and Jq are available on various platforms, but precise details of usage may vary depending on the version and platform. This guide will assume you’re using a system with a standard Unix-like shell (such as Bash), standard on MacOS or Linux and available on Windows in various forms such as WSL or Git for Windows.",https://w3id.org/kim/hochschulfaechersystematik/n01,,Data management,en,Lecture,,,2019-08-15,,,,1.0.0
d258a5e8-6799-4cc8-8def-05b4e1e778b5,"Levy, Michael * Bryant, Mike",CC-BY-4.0, https://github.com/EHRI/ehri-data-analysis-tools/tree/master/installing_linux_on_windows,Windows Subsystem for Linux (WSL): A Convenient Way to Run Linux Tools on a Windows 10 system,EHRI (S) * DARIAH (R),"Linux is a popular operating system and is especially useful for projects involving command-line scripts and programming languages such as Python. Many tools and examples that are of interest to those wishing to explore, experiment, and develop projects for digital humanities or data analysis and other tasks are based on Linux. Mac laptops support Linux fairly easily, and there are many online resources that a Mac user may find helpful. However, until recently, people who have only Windows computers have had a relatively difficult time in accessing programs and techniques that require a Linux operating system.

In the recent past, a common way to operate a Linux system on a Windows computer, while continuing to be able to access Windows (i.e., without having to reboot the computer into a Linux mode) was through installing VirtualBox, followed by installing a Linux operating system into the VirtualBox environment. At that point, under VirtualBox, it was not always easy or straightforward to configure the Linux system to access network resources that are accessible to the Windows system. However, an alternative is available, via the Windows Subsystem for Linux.

This short tutorial demonstrates how to run Linux through the Windows Subsystem for Linux (WSL) on a Windows 10 (or above) computer.",https://w3id.org/kim/hochschulfaechersystematik/n01,,Data management,en,Lecture,,,2019-08-15,,,,1.0.0
3ea8a235-576c-45a7-b463-ac9dfa6e78ca,"Bellamy, Katherine * Hacıgüzeller, Piraye * Kahn, Rebecca * Murrieta-Flores, Patricia",CC-BY-4.0,https://hdl.handle.net/21.11159/019595c5-1855-7668-b1ff-69f4b698262f,Geographical Text Analysis,DARIAH (S),"Geographical Text Analysis (GTA) is a relatively recent development in the approach to studying, analysing, and extracting the content of textual sources. Combining techniques from Natural Language Processing (NLP), Corpus Linguistics, and Geographic Information Systems (GIS), GTA offers a new methodology for employing these computational tools in Humanities research. The development of this methodology by researchers at Lancaster University builds upon the ‘distant reading’ approach (coined by Moretti) in the field of Literature. With a focused interest in querying the geographic nature of textual sources, GTA focuses on the identification, manipulation, and analysis of spatial information on a large scale.

The following points briefly summarise how this process works:

    Use of NLP techniques to automatically identify proper nouns (this may be augmented/refined through the use of ontologies designed specifically for a certain corpus/subject interest).
    Assigning coordinates automatically to place-names in the corpus by matching these to place-names in a geographical dictionary or gazetteer, a technique called geoparsing.
    Implementation of Corpus Linguistics techniques to reveal significant linguistic regularities or patterns. This is particularly important for verifying key concepts as they relate to individual places.
    The mapping of identified data and, subsequently, the spatial analysis of this data using GIS software.

Each of these individual steps requires expertise in distinct fields. By bringing these techniques together, we have the opportunity to ask new, complex questions and reveal new insights into large corpora that would otherwise require years of close-reading. Of course, it is vital to recognise that the use of computational approaches in these circumstances is a complementary endeavour, and should not be viewed as a replacement to close-reading.",https://w3id.org/kim/hochschulfaechersystematik/n01,,Spatial humanities * Data visualisation * Geotagging,en,,text * image,,2023-04-03,,,,1.0.0
28121a2e-643f-46be-abbd-25239ac46869,"Frankl, Michal",CC-BY-4.0, https://blog.ehri-project.eu/2019/12/12/spatial-queries-first-deportations-slovakia/,Spatial Queries and the First Deportations from Slovakia,EHRI (S) * DARIAH (R),"As part of his research (see EC-funded project Unlikely Refuge (https://www.unlikely-refuge.eu), Michal Frankl examined the deportations of Jews from Slovakia in November 1938, many of whom were subsequently trapped along the demarcation line between the Czecho-Slovak and Hungarian post. The little known and extremely chaotic deportations were ordered by the Slovak President Jozef Tiso who blamed Jewish influence for the First Vienna Award, an international arbitration which forced (Czecho-)Slovakia to cede southern Slovakia to Hungary.

Michal’s research focussed on some key questions: What kind of knowledge did the local officials apply to recognize “alien” Jews? What was the citizenship of those who were deported? For example, were they citizens of Hungary, in the new borders, or of other states? How many were stateless? And how many Czechoslovak citizens were put on trucks and sent towards the Hungarian border?

To answer these questions, Michal and his team digitised lists kept in the Slovak National Archives and compiled a database of the deportees containing information about their birth places, domicile and/or citizenship and place from which they were deported. This resource outlines the steps the team took, and demonstrates how geospatial data such as this can be used to create visualisations that can reveal patterns and connections.",https://w3id.org/kim/hochschulfaechersystematik/n01,,Big data * Computational Imaging * Data visualisation * eHeritage * Geotagging * Metadata * Repositories & Collections,en,Lecture,,,2019-12-12,,,,1.0.0
d4a189e3-3c7f-4f03-b5cc-8245316e8177,"Nikolova, Ivelina * Levy, Michael",CC-BY-4.0,https://blog.ehri-project.eu/2018/08/27/named-entity-recognition/,Using Named Entity Recognition to Enhance Access to a Museum Catalog,EHRI (S) * DARIAH (R),"Digital technologies have been successfully applied in cultural heritage projects that support the digitization of cultural objects, metadata creation, metadata maintenance, and the creation of digital infrastructure for cultural heritage research, to name a few. When we discuss archival digital textual content, some of the most immediate tasks relate to automatic metadata generation, searchability, and preservation, all of which can be helped by services for automatic semantic annotation.

In this blogpost we discuss the applicability of such services for automatic extraction of person names and locations from Oral History Transcripts provided by the United States Holocaust Memorial Museum (USHMM). The algorithms for automatic information extraction can work with comparatively high accuracy when applied in a close domain, they are especially helpful and could greatly speed up the human work when large volumes of data are to be processed.",https://w3id.org/kim/hochschulfaechersystematik/n01,,Big data * Data visualisation * Digital Archives * eHeritage * Geotagging * Metadata * Repositories & Collections,en,Lecture,,,2018-08-27,,,,1.0.0
bda32bf5-965a-4c7c-a184-921629d1318e,"Baillot, Anne",CC-BY-4.0, https://hdl.handle.net/21.11159/019595c5-1a2a-70af-8762-37b1a967a118,How to Learn and Love Digital Text in Four Easy Steps,DARIAH (S),"Is ChatGPT unsettling you? Are you annoyed to always land on the same webportal when googling for a specific book? Do you hate it when just the one page you need to consult is nowhere to be found on the internet? This presentation is for you!

In general, textual scholars are only half convinced by the performances of digital textual resources. This Friday Frontiers webinar aims to remedy this misconception. It defines precise quality mechanisms for digital text in order to provide a better grasp on the potential it bears, arguing that the cooperation between human and machine is key to contribute to enfolding it.

You will hear how to represent, connect, open, and share digital text in such a way that it can preserve heritage, advance knowledge and save planetary resources. What is there not to love about that?

Anne Baillot is a Professor for German Studies at the University of Le Mans, France. Her research areas include German Literature, Digital Editing, Textual Studies and History of Ideas. She is a passionate advocate of Open Science and currently working towards a stronger inclusion of environmental issues in research processes, especially digital ones.",https://w3id.org/kim/hochschulfaechersystematik/n01,,Scholarly editions * Scholarly publishing * Open access,en,Lecture,video,,2023-04-26,,,,1.0.1
8b22594b-a139-4172-b45a-f66fed23b360,"Naron, Stephen * Kara, Jake",CC-BY-4.0,https://blog.ehri-project.eu/2020/09/01/fortunoff-archive-metadata/,"More Watching, Less Searching: Repurposing Fortunoff Archive Metadata for Visual Searching",EHRI (S) * DARIAH (R),"The Fortunoff Video Archive For Holocaust Testimonies and the Yale Digital Humanities Lab (DHLab) began building a Visual Search tool in 2019 in order to provide a simple overview of the Fortunoff Archive’s collection and enable quick filtering and discovery of relevant testimonies. Before this, researchers who were new to Fortunoff’s collection would often find searching for testimonies in Yale’s public access catalogue an opaque process.

Tests within the Fortunoff Archive and Yale Digital Humanities Lab have shown that this Visual Search tool is useful to researchers. This blogpost discusses the steps taken to develop the Visual Search tool, as well as the feedback that was received during these initial tests. Furthermore, it provides a walk-through of steps to searching, filtering and visualising data found within the archive.",https://w3id.org/kim/hochschulfaechersystematik/n01,,Big data * Data visualisation * Digital Archives * eHeritage * Metadata * Repositories & Collections,en,Lecture,,,2020-09-01,,,,1.0.0
f71f1b4d-21d4-47e0-9dc2-0cbdd05a5f7d,"Garcia González, Herminio",CC-BY-4.0,https://blog.ehri-project.eu/2022/04/25/converting-from-excel-to-ead-xml/,What Can I Do With This Messy Spreadsheet? Converting from Excel Sheets to Fully Compliant EAD-XML files,EHRI (S) * DARIAH (R),"Many Galleries, Libraries, Archives, and Museums (GLAM) face difficulties sharing their collections meta-data in standardised and sustainable ways due to the absence of in-house Information Technology (IT) support or capabilities. This situation means that staff rely on more familiar general purpose office programs like text processors, spreadsheets, or low-code databases. However, while these tools offer an easy approach to data registration and digitisation, they don’t allow for more advanced uses. This blog explains a procedure for producing EAD (Encoded Archival Description) files from an Excel spreadsheet using OpenRefine.

Spreadsheets offer a structured way of registering data which makes them more easily processable by machines than normal text documents. However, spreadsheets can pose some problems when registering multiple instances (redundancy, empty cells, arbitrary number of columns for the same attribute, etc.) and they do not offer integrity checks, so data can be messy and invalid without users noticing it. These issues are the reason why spreadsheets are not advised as a comprehensive and sustainable method of registering data within an institution, even though they remain a popular and familiar tool used in many institutions for informal (and sometimes even formal) data registration. This post is thus dedicated to this commonly used method in order to show how data in spreadsheets can be migrated to more structured and standard formats.",https://w3id.org/kim/hochschulfaechersystematik/n01,,Big data * Data management * eHeritage * Metadata * Repositories & Collections * XML,en,Lecture,,,2022-04-25,,,,1.0.0
c39e2707-d1ec-43ab-86d9-cb7f5d5f3a87,"Heravi, Bahareh",CC-BY-4.0, https://hdl.handle.net/21.11159/019595c5-1516-755e-ad26-659c0e1cad01,Data Journalism and AI: New frontiers in investigation and storytelling,DARIAH (S),"Data is now an indispensable part of investigative work and storytelling for journalists and newsrooms. Computational methods and artificial intelligence (AI) are making their way to newsrooms more than ever before, and promise to open up new opportunities for journalists, as well as new challenges. This talk provides an overview of how data and Artificial Intelligence can be used in the journalism workflow, investigative reporting and storytelling.

Dr Bahareh Heravi is a Reader (Professor) in AI & Media at the Institute for People-Centered AI at the University of Surrey. She specialises in Data & Computational Journalism, has widely published on the topic and has extensive international experience working with journalists and news media organisations on the use of data and algorithmic tools for reporting and storytelling. Bahareh is a board member of the Irish Government’s Open Data Governance Board (Department of Public Expenditure & Reform), a founding co-chair of the Data & Computational Journalism Conference, and a Steering Committee member of the Computation+Journalism Conference. Prior to joining the University of Surrey, Bahareh founded and led the Data Journalism Programme at University College Dublin.",https://w3id.org/kim/hochschulfaechersystematik/n01,,Data visualisation * Big data * Digital Source Criticism,en,Lecture,video,,2023-06-15,,,,1.0.1
4477d8de-9f18-443c-bd17-e245d1d2a83d,"Pistol, Rachel",CC-BY-4.0,https://github.com/EHRI/ehri-data-analysis-tools/tree/master/entity-matching,Entity Matching,EHRI (S) * DARIAH (R),"EHRI (European Holocaust Research Infrastructure) supports the use of digital tools that can assist in the research of Holocaust and refugee related topics. It works to make these tools as accessible as possible so that researchers who have no experience with digital tools will consider trying new ways of using their data.

A number of datasets presented at EHRI related events contain place names that researchers wish to present on maps. In order to accurately display locations, latitude and longitude coordinates are essential. EHRI has created an entity matching tool to help researchers find coordinates for present day locations.

Using a dataset of birthplaces of refugees from Nazi-occupied Europe, this GitHub-based demonstration makes use of an entity matching tool to demonstrate how researchers may wish to manage their spatial data.",https://w3id.org/kim/hochschulfaechersystematik/n01,,Data visualisation * Data management * eHeritage,en,Lecture,,,2019-08-15,,,,1.0.0
8246cc48-80b3-4bae-bf70-d90b17a96f19,"Barbot, Laure * Raciti, Marco * Ďurčo, Matej",CC-BY-4.0,https://hdl.handle.net/21.11159/019595c3-501a-713f-b689-7de221fe9020,Use of vocabularies for metadata curation and quality assessment in Social Sciences and Humanities,DARIAH (S),The event “Use of vocabularies for metadata curation and quality assessment in social sciences and humanities” was organised as part of the Horizon 2020 funded project TRIPLE (Grant Agreement No. 863420.). https://cordis.europa.eu/project/id/863420 The starting point for the organisation of this event was to analyse the challenges faced to create the multilingual GoTRIPLE vocabulary and compare it with other initiatives recently undertaken in the Social Sciences and Humanities branch of the European Science Cloud (EOSC) context.,https://w3id.org/kim/hochschulfaechersystematik/n01,,Controlled Vocabularies * Semantic Web * DH * Information Architecture,en,Lecture,text,,2023-07-26,,,,1.0.0
baddfdf8-d243-4bc4-919c-0b7f7da18976,"Pistol, Rachel",CC-BY-4.0, https://github.com/EHRI/ehri-data-analysis-tools/tree/master/tableau,Using Spatial Data in Tableau,EHRI (S) * DARIAH (R),"Tableau is a powerful digital tool for analysing data. In this short guide we will focus on an aspect of data analysis using mapping that has particular application for Holocaust and refugee studies. Sometimes just simply mapping your data is not enough, and you want to use other features such as changing the size of a marker above a location in order to demonstrate the number of people from that town or city. Tableau can help with this and can be used for free for 14 days, or is available free of charge to individuals teaching or researching at an academic institution. For more information about Tableau and to download the software see https://www.tableau.com/

Using Tableau it is possible to import a variety of files. For the purpose of this guide the example will be based on a .csv file, but the same principles apply to Excel spreadsheets.",https://w3id.org/kim/hochschulfaechersystematik/n01,,Data visualisation * Data management * eHeritage,en,Lecture,,,2019-08-15,,,,1.0.0
c0166a37-d6ef-4851-b90b-574bc5ae729e,"Enqvist, Johanna",CC-BY-4.0, https://hdl.handle.net/21.11159/019595c5-178c-7383-9a86-c8f9169364f7,From Digital Culture to Digital Heritage,DARIAH (S),"Culture is a phenomenon that is incredibly difficult to capture accurately. In most understandings, it is now referred to as a system of shared beliefs and values of a group of people. Amongst the rapid development of technology and the Internet, the term ‘digital culture’ has emerged, and it has begun to engulf people in a discourse on whether and how this kind of culture can lend itself to become a heritage. The following material is a basic introduction to the topic of digital cultures and heritages, as well as discussing how they can work together.

Johanna Enqvist is a researcher in Constellations of Correspondence at the University of Helsinki, as well as a member of the Finnish Literature Society. She teaches digital heritage research at the university and is primarily interested in cultural studies, archaeology, as well as connecting that to digitalisation.",https://w3id.org/kim/hochschulfaechersystematik/n01,,DH,en,,video,,2023-08-02,,,,1.0.0
dedeb61e-1bb9-4b84-8fe8-ed78c7b9cb59,"Styven, Dorien * Caragea, Marius * Vanden Daelen, Veerle",CC-BY-4.0, https://blog.ehri-project.eu/2018/06/19/kazerne-dossin-mechelen/,"The Learning Curve in Sharing Data with the EHRI Project: The Example of a Memorial Site, Kazerne Dossin, Mechelen",EHRI (S) * DARIAH (R),"Kazerne Dossin – Memorial, Museum and Documentation Centre on Holocaust and Human Rights opened its doors on 1st December 2012. The institute inherited its archival collections from its predecessor, the Jewish Museum of Deportation and Resistance (JMDR). The JMDR had been inaugurated in 1995 at the former SS-Sammellager Mecheln, better known as the Dossin barracks, in Belgium. Between the summer of 1942 and 1944 over 25,500 Jews, Roma and Sinti were deported from here to concentration camps in the East, mostly to Auschwitz-Birkenau.

From the mid-1990s onwards the JMDR collected archival materials on the Holocaust in Belgium. The way in which these were catalogued and made available to the public changed dramatically when Kazerne Dossin and EHRI became partners in sharing (meta)data with a broader audience. Using the example of the Lewkowicz family collection (unique, persistent identifier KD_00404) this learning resource focuses on the evolution Kazerne Dossin went through while standardizing descriptions, and on the tools EHRI provided to optimize the workflow for collection holding institutes, a process from which Kazerne Dossin benefited as a test case.

This learning resource demonstrates how working with EHRI has changed the archival management processes in Kazerne Dossin, and what benefits that may also have for other collections and archives.",https://w3id.org/kim/hochschulfaechersystematik/n01,,Big data * Digital Archives * eHeritage * Information Architecture * Metadata * Repositories & Collections * XML,en,Lecture,,,2018-06-19,,,,1.0.0
6e9f7955-802b-40be-bf9a-ee67c18ed7b4,"Flanagan, Joseph",CC-BY-4.0,https://hdl.handle.net/21.11159/0195cc28-a3e3-74ec-9be1-20f1658bfc4f,Word Embeddings,DARIAH (S),"Natural language processing is one of the most powerful concepts in modern linguistics and computer science, bridging the understanding of language from human to machine, and in turn programming machines so they can perform complex linguistic tasks on their own. It is one of the core concepts in machine learning and provides us with several new opportunities on how to research language and the scale at which it can be done. Before that’s done, however, one has to convert information into a format that’s understandable to machines.

How do you feed information to artificial intelligence and what form does it take? One of the many ways in which that can be done is through word embeddings. Joseph Flanagan from the University of Helsinki, introduces us to the world of word embeddings by explaining their history, how they can be understood, the issues surrounding them, as well as giving practical examples of such in the field of digital humanities.

Joseph Flanagan is a lecturer in English Philology from the University of Helsinki. His research interests focus primarily on English phonetics and phonology, reproducible research, and the digital humanities.",https://w3id.org/kim/hochschulfaechersystematik/n01,,Machine Learning * Natural Language Processing,en,,video,,2023-08-14,,,,1.0.1
f1a08571-13f0-4687-8bbc-195e820224c6,"De Smedt, Koenraad",CC-BY-4.0,https://mitt.uib.no/courses/38115/,Introduction to Programming for NLP with Python,DARIAH (S),"The core of the course consists of a series of Jupyter notebooks that combine examples of Python code with explanatory text. The notebooks provide demonstrations of simple language processing and the aggregation, analysis and visualisation of qualitative and quantitative data, including data from real language research, from CLARINO, and from other sources on the web. They also suggest exercises which should solvable on the basis of the given examples and explanations. The course also has an introduction into the challenges of multilingual processing.

Ideally, the course should be presented by a teacher and the exercises should be supervised, but the modules are also suitable for self-study. No previous programming experience is required, but some elementary knowledge and skills in the practical use of your computer, keyboard, web browser and file system, as well as some basal knowledge of linguistics and mathematics, are presupposed.

After taking the course, you will be able to:

    understand and explain simple Python programs for searching, manipulating, counting, analysing or visualising text or language-related quantitative data
    write small Python programs that search, manipulate, count, analyse or visualise text or language-related quantitative data
    write Python code that accesses data sources on the web
    break up a somewhat larger task into smaller steps that are manageable in Python
    explain and apply the rules of the Python programming language, including its main data types, programming constructs, and relevant modules such as NLTK and pandas.
",https://w3id.org/kim/hochschulfaechersystematik/n01,,Data visualisation * Natural Language Processing * Python,en,Lecture,,,2022-05-04,,,,1.0.0
03624ea6-cd25-4925-9c95-bcb91d069510,"van Hout, Zarah * Blanke, Tobias * Colavizza, Giovanni",CC-BY-4.0,https://teach.dariah.eu/course/view.php?id=72,Data Analysis with Python,DARIAH (S),"Analytics has a strong tradition, very established methods, and a broad range of applications in culture, economy, and society. Social media analytics extends general analytics toward analysing social (media) relationships. Cultural analytics builds on successful analytical methods and applies its techniques and methods to studying cultural objects.

In this course, you will learn about the theoretical and practical foundations of an analysis of socio-cultural objects. While experimenting, you will also learn about the limits of the current capacities and the exciting opportunities.",https://w3id.org/kim/hochschulfaechersystematik/n01,,Python * Data visualisation,en,Lecture,,,2023-05-22,,,,1.0.0
96c37f59-08e3-4ab6-a338-666b81311498,"Genatowski, Emily",CC-BY-4.0,https://hdl.handle.net/21.11159/019595c5-1704-71dd-8533-6c3f43e0fcba,"Ethical, Societal and Legal Complexities of Artificial Intelligence",DARIAH (S),"The goal of this tutorial is to introduce learners to the challenges posed by the increasing development and use of artificial intelligence. It does so through an introduction to the potential risks which may be caused by continued development, an interdisciplinary look at the current state of Artificial Intelligence’s progress and case studies of real-world examples detailing the complexities of Artificial Intelligence which have already confronted society across legal and ethical fields.",https://w3id.org/kim/hochschulfaechersystematik/n01,,History of Technology * Artificial Intelligence,en,Lecture,text,,2023-09-20,,,,1.0.0
d902c7f0-ee90-4c19-961d-008e51ae74ce,"Caurant, Axel Jean * Doucet, Antoine * Sidère, Nicolas * Suire, Cyrille",CC-BY-4.0, https://teach.dariah.eu/course/view.php?id=71,Digital Historical Research on European Historical Newspaper with NewsEye Platform,DARIAH (S),"Newspapers collect information about cultural, political and social events in a more detailed way than any other public record. Since their beginnings in the 17th century, they have recorded billions of events, stories and personal names in almost every language and every country daily. The importance of historical newspapers as cultural heritage is well understood. However, the recent progress of dedicated projects such as the H2020 NewsEye project (https://www.newseye.eu/) offer new ways to read and access an in-depth analysis of extensive collections of European historical newspapers. This course is intended to bring such material and tools as a rich and diverse application framework for learning or teaching Digital Humanities (DH).

This course provides an introduction to digitised historical newspaper analysis. Newspapers collect information about cultural, political and social events in a more detailed way than any other public record. They are a valuable source of information, but their analysis can be tricky, depending on the research question or the corpus’s quality. The course presents methods from natural language processing for discovering, exploiting and visualising newspapers. It discusses these methods in detail to highlight their advantages and limitations. Examples of the use of the NewsEye platform and examples of code in Python language are proposed to allow you to put into practice these exploitation techniques.",https://w3id.org/kim/hochschulfaechersystematik/n01,,Data visualisation * Natural Language Processing * eHeritage * Editing tools,en,Lecture,,,2023-05-22,,,,1.0.0
a2e7ea78-7c54-46bb-9ec3-503f996a9b06,"Tyrkkö, Jukka * Ocic Ihrmark, Daniel",CC-BY-4.0,https://teach.dariah.eu/mod/lesson/view.php?id=1686,Text Analysis - Linguistics Meets Data Science,DARIAH (S),"This course from dariahTeach introduces the learner to concepts and approaches to text analysis, from corpus linguistics to sentiment analysis. Core concepts in Linguistics as well as Data Science are explained as an introduction. It then focuses on ideas and approaches topic modelling and sentiment analysis, followed up with concrete examples showcasing the methods presented.

Tools and methods are also introduced along with practical examples to demonstrate their use.",https://w3id.org/kim/hochschulfaechersystematik/n01,,Scholarly practice * Big data * Data modeling,en,Lecture,,,2023-05-22,,,,1.0.0
8d8cad83-83cf-42f9-b934-a18ef86558b0,"Gritsenko, Daria",CC-BY-4.0,https://hdl.handle.net/21.11159/019595c5-15f2-77e0-b24c-2aca9cf1fb17,Digitalisation and Sustainability,DARIAH (S),"Digitalisation has been one of the most talked about and evolving concepts of the 21st century, with promises of bringing great new solutions to the world. However, the process of digitalisation is quickly becoming one of the biggest offenders against the goal of sustainability. Overtime, several calls from environmental activists as well as nowadays governments have urged the digitalisation experts to think of not only how to improve the world by providing new solutions via Internet and technology, but to consider how this can impact the natural world we live in. As resources are finite and tech-waste comes into play, Daria Gritsenko from University of Helsinki ponders over how to potentially improve sustainability within the area of digitalisation.

Daria Gritsenko is an assistant professor in Russian and Eurasian Studies at the University of Helsinki. Her background in political science and digital humanities, as well as past work in maritime transportation and energy, allows her to explore the effects that politics have on the digital world and vice versa, and how the digital world affects natural resources.",https://w3id.org/kim/hochschulfaechersystematik/n01,,Sustainability,en,,video,,2023-09-27,,,,1.0.0
dff687a4-3f96-496a-9801-644e1afb0a80,"Chazalon, Elodie * Chantraine Braillon, Cécile * Idmhand, Fatiha",CC-BY-4.0,https://teach.dariah.eu/course/view.php?id=76&section=0,Introduction to the E-spectator Digital Tool for Analysis of Performing Arts,DARIAH (S),"Performing Arts are artistic disciplines such as dance, music or theatre that involve the realisation of a “performance”: that is, they compose an event whose action and temporal unfolding create the artistic work. It is, therefore, an artistic practice that is expressed and appreciated in its realisation, not in its result. For this reason the Performing Arts’ aesthetic and poetry can be sometimes destabilising at first glance and difficult to analyse because it is ephemeral by nature. Yet the Performative Arts are bearers of an alternative vision of the world that allows us to maintain a critical view of events and our environment.

This training course introduces the E-Spectator tool for analysis of performing arts. The E-Spectator tool enables students and pupils to better understand and analyse the Performing Arts through annotation of videos of plays, dance, and other performative activities such as fashion shows, providing new methods for their study along with digital technology.",https://w3id.org/kim/hochschulfaechersystematik/n01,,Editing tools * Performing Arts,en,Lecture,,,2023-05-22,,,,1.0.0
1fe24537-3108-4a56-9553-534cd86631bb,"Hanell, Fredrik * Jonsson Severson, Pernilla",CC-BY-4.0,https://teach.dariah.eu/course/view.php?id=73,Netnography,DARIAH (S),"Netnography is an adaptation of ethnography to the study of digital interactions. In this course, the ethnographic perspective underpinning Netnography is introduced together with the netnographic approach and different types of netnographic material. Ethnographic procedures adapted to digital settings, such as participant observations, interviews and taking field notes, are described together with Social Network Analysis. Employing both qualitative elements (such as participant observations) and quantitative (Social Network Analysis), learners will work hands-on with pre-selected datasets to do a small-scale netnographic study. This study will depart from questions connected to equality, cultural diversity and public health.

The course includes four units that are designed to gradually introduce the learner to Netnography as a research field and a methodology, but the units can also be studied separately. Each unit includes theoretical content and practical assignments that will allow the learner to develop a thorough understanding of Netnography and a useful skillset for doing netnographies.",https://w3id.org/kim/hochschulfaechersystematik/n01,,Scholarly practice,en,Lecture,,,2023-05-22,,,,1.0.0
ee84afd1-d025-4558-a6a7-f01d34f5e7f2,"Wisdom, Stella",CC-BY-4.0, https://hdl.handle.net/21.11159/019595c5-134d-707c-9dae-912ace95a536,Curating the Digital Storytelling exhibition at the British Library,DARIAH (S),"Evolving technologies have changed how writers write, and readers read. Stella Wisdom talks through the process of curating the British Library’s Digital Storytelling exhibition. From thought provoking autobiographical hypertexts to data journalism, uncanny ghost stories to weather poetry, steampunk literary adaptation to Elizabethan medical comedy. Stella discusses a range of born digital works, including interactive narratives that respond to user input, reading experiences personalised by data feeds, and immersive multimedia story worlds developed through audience participation.",https://w3id.org/kim/hochschulfaechersystematik/n01,,Augmented reality * eHeritage,en,Lecture,video,,2023-11-01,,,,1.0.1
0c10a36a-d05e-4539-9236-9f0b79edc9a7,"Hadjistassou, Stella * Joannidou, Shaunna * Louca, Petros * Molina Muñoz, Pedro * Herault, Romain * Papmehl-Dufay",CC-BY-4.0,https://teach.dariah.eu/course/view.php?id=77,"Design, Development and Deployment of Augmented Reality Applications",DARIAH (S),"This course introduces learners to the concept of Cultural Heritage, Storytelling, and explores how Augmented Reality (AR) can be used to create interactive learning experiences based on digitised cultural heritage assets. Learners will also be actively involved in designing and developing their own digitally content-rich materials. Case studies include Choirokoitia in Cyprus and Sandby Borg in Sweden.",https://w3id.org/kim/hochschulfaechersystematik/n01,,Augmented reality,en,Lecture,,,2023-05-22,,,,1.0.0
03d9d56e-5f33-43b1-ada1-af1c68d33a24,"Pestana, Olívia * Golub, Koraljka",CC-BY-4.0, https://teach.dariah.eu/course/view.php?id=79,Introduction to Knowledge Organization Systems,DARIAH (S),"Not familiar with knowledge organisation? It provides the foundation for searching and retrieving arts and humanities information objects across digital collections and cultural heritage information systems. This course will give you introductory knowledge about knowledge organisation systems and professional subject indexing, social tagging as another approach to knowledge organisation, and automatic subject indexing as the third approach to knowledge organisation.


Starting from the case studies analysed in the course, you will be able to transfer the knowledge obtained to any digital humanities context anywhere in the world.",https://w3id.org/kim/hochschulfaechersystematik/n01,,Data management * Information Architecture,en,Lecture,,,2023-05-23,,,,1.0.0
828c51b0-3470-4309-a442-a792760e9bd0,"Žugić Borić, Anamarija * Hladilo Duspara, Antonia * Kuzman Šlogar, Koraljka * Chantraine Braillon, Cécile * Srnec Hamer, Iva * Palatnyi, Andrii * Iveković, Ozana * Vnuk, Gordana * Gavrilovich, Donatella * Kreković, Gordan * Kourou, Vasiliki * Julien, Frédéric * MacIntosh, Bridget * Slunjski, Ivana * Johnstone, Bethany * Čuljak, Mila * Foley, Kate * Bakal, Ivana * Zenzerović, Igor * Marušić Klif, Ivan * Lušičić Liik, Ivan * Bartol Indoš, Damir * Vrvilo, Tanja",CC-BY-4.0,https://hdl.handle.net/21.11159/019595c3-4ece-73ea-a9a1-3b1f1a2c356c,Performing Arts: Transitioning to the Digital Age,DARIAH (S),"The conference aimed to examine the possibilities of connecting information sciences and computer science with performing arts, focusing on three thematic blocks:- archiving, artistic practices and scholarly research. The international scientific and professional conference is part of the project of the same name by the DARIAH-EU Working Group Theatralia, which is dedicated to the research of digital technology in the performing arts and the digitization of theatralia, financed from DARIAH-EU funds.",https://w3id.org/kim/hochschulfaechersystematik/n01,,Data management * Data modeling * Digital Archives * Metadata * Repositories & Collections * Sound studies * Performing Arts,en,,video * text,,2023-11-13,,,,1.0.0
b52a08b8-2bb7-45c3-b4b6-b23f5a6bcd11,"Düring, Marten * Bunout, Estelle",CC-BY-4.0,https://ranke2.uni.lu/u/exploring-historical-newspapers/,"From the Shelf to the Web, Exploring Historical Newspapers in the Digital Age",Ranke2.lu (S) * DARIAH (R),"Newspapers are imperfect recorders of history, yet they are a key asset for historical research. The digitisation of newspapers and their availability online has broadened the scope of historians exponentially. Yet at the same time historians have to be conscious of what lies behind the search results that appear on their screen. The impression of ‘completeness’ can be misleading, as a digitisation project is always determined by particular choices. Digitisation also introduces some hurdles. Searching for articles on a given topic can be hindered by mistakes that have been made when applying optical character recognition (OCR). This lesson is designed to teach how various digital technologies have impacted the way we can access newspapers as historical sources, and which new questions we need to ask.

This lesson from Ranke2.lu consists of two modules with increasing levels of complexity and time required. The first includes a video that is intended to be accessible to a broad audience. The second offers a series of four assignments that are suitable for either individual or collaborative work for two or three students. The time required varies from 30 to 60 minutes for each assignment.",https://w3id.org/kim/hochschulfaechersystematik/n01,,Digital Source Criticism * Digital Archives,en,Lecture,,,2020-02-20,,,,1.0.0
56be5e43-b5a8-4ab2-be0c-5e4fe1da6809,"Hayes, Erica Y * Partlow, Mia",CC-BY-4.0,https://doi.org/10.46430/phen0098,Displaying a Georeferenced Map in KnightLab's StoryMap JS,Programming Historian (S) * DARIAH (R),"Georeferencing is the process of assigning geographic coordinates to a scanned map or raster image. Many historians are now georeferencing historical maps to study how places have changed over time. After georeferencing a historic map, you may want to display it online to share your research or tell a story. In this lesson from Programming Historian, we will show you how to share a georeferenced map online using StoryMap JS, an interactive web-based mapping platform. StoryMap JS is an open-source tool from Knight Lab at Northwestern University, which allows you to integrate historical and contemporary maps into interactive stories.

Reviewed by:

    Lorena Gauthereau
    Emma Slayton",https://w3id.org/kim/hochschulfaechersystematik/n01,,DH * Open access * Open education * Spatial humanities,en,Lecture,,,2022-05-16,,,,1.0.0
04cbb3f0-a5f2-4dd3-a649-281d991a32e5,"Goicoechea, Maria",CC-BY-4.0,https://hdl.handle.net/21.11159/019595c5-2019-715f-b221-5e8c27530c5f,New Readers for Old Texts: Sharing the Workflow of a Digitally Enriched Children Literature Edition,DARIAH (S),"Libraries worldwide are investing a significant portion of their resources in digitising their collections. Digitised formats are immensely valuable for researchers but may seem dry and unappealing to broader audiences, particularly when the original content was intended for children. This talk presents the preliminary research conducted on digitised formats of popular children’s literature found in specialised libraries, focussing on the models provided by two institutions: the British Library’s “Turning the Pages” software and the National Library of Spain’s “Madgazine,” used in the interactive editions of Don Quixote and Leonardo da Vinci’s Madrid Codex. The discussion revolves around the specific workflow we tested for creating a digitally enhanced edition of a collection of stories entitled “Plage of Dragons,” published in 1923 and based on the Spanish adaptations of Edith Nesbit’s tales.

This webinar was presented as part of the DARIAH Friday Frontiers Autumn 2023 series.

María Goicoechea is Associate Professor of the English Department at the Complutense University of Madrid (UCM) and coordinator of the Master’s Degree in Digital Letters. Her research interests focus on literary and artistic reception in the field of cyberculture. She has published extensively on cyberculture from the double perspective of science-fiction and electronic literature, paying particular attention to changes in reading rituals, transliteracy, and the evolution of literary publishing formats. Prof. Goicoechea is a member of LEETHI Research Group (UCM), and of HERMENEIA (Universitat de Barcelona), two interdisciplinary research groups dedicated to the study of literature and computers. She has been the Principal Investigator of the project eLITE-CM in Electronic Literary Edition (50% co-financed by the European Social Fund). She has co-curated several electronic literature exhibitions and, together with Laura Sánchez, is the co-founder of Ciberia Project, a web dedicated to the promotion of electronic literature. She is the author of Mi robot lunático (2019), an interactive story for children, and editor of the Interactive Calleja Project (2021), a collection of digitally enriched short stories based on Edith Nesbit’s tales.

The slides and a full English transcript of this presentation can be found here: https://zenodo.org/records/10407230",https://w3id.org/kim/hochschulfaechersystematik/n01,,Scholarly editions,en,Lecture,video,,2023-12-19,,,,1.0.1
55da6982-f493-4cb5-a9ff-e76bfaae31e0,"Lavin, Matthew J",CC-BY-4.0, https://doi.org/10.46430/phen0099,Regression Analysis with Scikit-Learn (part 1 - Linear),Programming Historian (S) * DARIAH (R),"This lesson is the first of two that focus on an indispensable set of data analysis methods, linear and logistic regression. Linear regression represents how one (or more) quantitative measures relate to, or predict, some other quantitative measure. A computational historian, for example, might use linear regression analysis to do the following:

    Assess how access to rail transportation affected population density and urbanization in the American Midwest between 1850 and 18601
    Interrogate the ostensible link between periods of drought and the stability of nomadic societies

Logistic and linear regression are perhaps the most widely used methods in quantitative analysis, including (but not limited to) computational history. They remain popular in part because:

    They are extremely versatile, as the above examples suggest
    Their performance can be evaluated with easy-to-understand metrics
    The underlying mechanics of model predictions are accessible to human interpretation (in contrast to many ‘black box’ models)

Reviewed by:

    Thomas Jurczyk
    Rennie C Mapp
",https://w3id.org/kim/hochschulfaechersystematik/n01,,Data visualisation,en,Lecture,,,2022-07-13,,,,1.0.0
de69e67a-e66a-477a-9dc7-4a158c6b544e,"Grunewald, Susan * Janco, Andrew",CC-BY-4.0, https://doi.org/10.46430/phen0096,Finding Places in Text with the World Historical Gazetteer,Programming Historian (S) * DARIAH (R),"Researchers often need to be able to search a corpus of texts for a defined list of terms. In many cases, historians are interested in certain places named in a text or texts. This lesson details how to programmatically search documents for a list of terms, including place names. To begin, we will produce a tab-separated value (TSV) file where each row gives the matched term and the term’s location in the text. We also generate a visualisation that can be used to interpret the matches in context and to assess their usefulness for a given project. The goal of the lesson is to systematically search a text corpus for place names and then to use a service to locate and map historic place names.

This lesson will be useful for anyone wishing to perform named entity recognition (NER) on a text corpus. Other users may wish to skip the text extraction portion of this lesson and focus solely on the spatial elements of the lesson, that is gazetteer building and using the World Historical Gazetteer (WHG). These spatial steps are especially useful for someone looking to create maps depicting historical information in a largely point and click interface. We have designed this lesson to show how to combine text analysis with mapping, but understand that some readers may only be interested in one of these two methodologies. We urge you to try both parts of the lesson together if you have time, as this will enable you to learn how text analysis and mapping can be combined in one project. Additionally, it will demonstrate how the results of these two activities can be ported into another form of digital analysis.

Reviewed by:

    Eleni Gadolou
    Randa El Khatib",https://w3id.org/kim/hochschulfaechersystematik/n01,,Open access * Open education * Natural Language Processing * Spatial humanities,en,Lecture,,,2022-02-11,,,,1.0.0
998dbfad-d317-4172-b7d3-40d1257b0be7,"van Strien, Daniel * Beelen, Kaspar * Wevers, Melvin * Smits, Thomas * McDonough, Katherine",CC-BY-4.0, https://doi.org/10.46430/phen0101,Computer Vision for the Humanities: An Introduction to Deep Learning for Image Classification (Part 1),Programming Historian (S) * DARIAH (R),"Over the last ten years, the field of computer vision, which seeks to gain a high-level understanding of images using computational techniques, has seen rapid innovation. For example, computer vision models can locate and identify people, animals and thousands of objects included in images with high accuracy. This technological advancement promises to do the same for image recognition that the combination of OCR/NLP techniques has done for texts. Put simply, computer vision opens up a part of the digital archive for large-scale analysis that has remained mostly unexplored: the millions of images in digitised books, newspapers, periodicals, and historical documents. Consequently, historians will now be able to explore the ‘visual side of the digital turn in historical research’.

This two-part lesson provides examples of how computer vision techniques can be applied to analyse large historical visual corpora in new ways and how to train custom computer vision models. As well as identifying the contents of images and classifying them according to category — two tasks which focus on visual features — computer vision techniques can also be used to chart the stylistic (dis)similarities between images.

Reviewed by:

    Michael Black
    Catherine DeRose
",https://w3id.org/kim/hochschulfaechersystematik/n01,,Python * Machine Learning,en,Lecture,,,2022-08-17,,,,1.0.0
41d527fd-6a95-4cfb-8d67-ed6c1494ff3c,"Olson, Nasrine",CC-BY-4.0, https://hdl.handle.net/21.11159/019595c5-111f-714b-a99f-ddaf17f8a742,Bridging the Sensory Gaps - Innovations for Inclusivity,DARIAH (S),"With around 15% of the global population experiencing some form of disability, have we truly considered what ‘inclusion’ and ‘equal opportunity’ means for all? This talk confronts the reality that most spaces, technologies, and innovations are predominantly designed for individuals with all senses and functionalities intact. How would you as a person with deafblindness navigate the world – a world filled with navigation and mobility challenges, inaccessible information, and technologies that rely on the senses of sight and hearing? In this talk, Nasrine Olson (PhD, Associate Professor) introduces the idea behind the formation of the Centre for Inclusive Studies at University of Borås and presents a few projects that have explored ways in which technology can be leveraged to level the playing field.
About the Speaker

Nasrine Olson is an Associate Professor in the field of Library and Information Science at SSLIS, University of Borås, Sweden. Core research interests relate to issues of power and the relationships in day-to-day action, and broader societal structures. In more recent years her focus has been on the societal implication of ICTs and information practices that enable or hinder the potential for equal opportunity for all. She has also been instrumental in creating research environments that promote, and lead to, improved inclusive technologies and environments by coordinating projects such as EU-funded projects MuseIT (2022-2025) and SUITCEYES (2018-2021). Nasrine is also the director of an interdisciplinary research centre called INCLUDE – Centre for Inclusive Studies, where through critical examination the ideology of normal, the unequal treatments of societal members is explored.
Credits

Presentation - Associate Professor Nasrine Olsen
Chairing and Editing - Dr. Vicky Garnett
Video Subtitles - Áine Foley",https://w3id.org/kim/hochschulfaechersystematik/n01,,Open access,en,Lecture,video,,2024-01-10,,,,1.0.0
552c3008-44dc-4438-8212-41d50927b502,"Lavin, Matthew J",CC-BY-4.0, https://doi.org/10.46430/phen0100,Regression Analysis with Scikit-learn (part 2 - Logistic),Programming Historian (S) * DARIAH (R),"This lesson is the second of two that focus on an indispensable set of data analysis methods: logistic and linear regression. Linear regression represents how one (or more) quantitative measures relate to, or predict, some other quantitative measure. Logistic regression uses a similar approach to represent how one (or more) quantitative measures relate to, or predict, a category. Depending on one’s home discipline, one might use logistic regression to do the following:

    Explore the historical continuity of three fiction genres by comparing the accuracy of three binary logistic regression models that predict, respectively, horror fiction vs. general fiction; science fiction vs. general fiction; and crime/mystery fiction vs. general fiction
    Analyze the degree to which the ideological leanings of U.S. Courts of Appeals predict panel decisions

The first of these examples is a good example of how logistic regression classification tends to be used in cultural analytics (in this case, literary history), and the second is more typical of how it might be used by a quantitative historian or political scientist.

Logistic and linear regression are perhaps the most widely used methods in quantitative analysis, including (but not limited to) computational history. They remain popular in part because:

    They are extremely versatile, as the above examples suggest
    Their performance can be evaluated with easy-to-understand metrics
    The underlying mechanics of model predictions are accessible to human interpretation (in contrast to many ‘black box’ models)

Reviewed by:

    Thomas Jurczyk
    Rennie C Mapp
",https://w3id.org/kim/hochschulfaechersystematik/n01,,Python * Data visualisation,en,Lecture,,,2022-07-13,,,,1.0.0
6836dba4-0889-46f0-9a76-90d4462c0d8c,"van Strien, Daniel * Beelen, Kaspar * Wevers, Melvin * Smits, Thomas * McDonough, Katherine",CC-BY-4.0,https://doi.org/10.46430/phen0102,Computer Vision for the Humanities: An Introduction to Deep Learning for Image Classification (Part 2),Programming Historian (S) * DARIAH (R),"Over the last ten years, the field of computer vision, which seeks to gain a high-level understanding of images using computational techniques, has seen rapid innovation. For example, computer vision models can locate and identify people, animals and thousands of objects included in images with high accuracy. This technological advancement promises to do the same for image recognition that the combination of OCR/NLP techniques has done for texts. Put simply, computer vision opens up a part of the digital archive for large-scale analysis that has remained mostly unexplored: the millions of images in digitised books, newspapers, periodicals, and historical documents. Consequently, historians will now be able to explore the ‘visual side of the digital turn in historical research’.

This two-part lesson provides examples of how computer vision techniques can be applied to analyse large historical visual corpora in new ways and how to train custom computer vision models. As well as identifying the contents of images and classifying them according to category — two tasks which focus on visual features — computer vision techniques can also be used to chart the stylistic (dis)similarities between images.

A particular focus of this lesson will be on how the fuzziness of concepts can translate (or fail to translate) into machine learning models. Using machine learning for research tasks will involve mapping messy and complex categories and concepts onto a set of labels that can be used to train machine learning models. This process can cause challenges, some of which we’ll touch on during this lesson.

Reviewed by:

    Michael Black
    Catherine DeRose
",https://w3id.org/kim/hochschulfaechersystematik/n01,,Python * Machine Learning,en,Lecture,,,2022-08-17,,,,1.0.0
31e217df-0e1c-4546-a54c-e5d8e767f7ae,"Herault, Romain * Hanscam, Emily",CC-BY-4.0,https://play.lnu.se/media/t/0_ptrvp9y0,Photogrammetry Tutorial,DARIAH (S),"Photogrammetry is a technique that transforms photographs into high-quality 3D data, and it’s used in various fields such as archaeology, civil engineering, film production, and game development. The tutorial guides users through the process of preparing an object for a photogrammetry scan, capturing photos, and using Kiri Engine to create a 3D model. The tutorial emphasizes the importance of the quality and quantity of photos in creating a high-quality 3D model. It also highlights the significant implications of photogrammetry in the humanities field, particularly in the preservation of historical and cultural artifacts.",https://w3id.org/kim/hochschulfaechersystematik/n01,,Digital Archives,en,Lecture,,,2024-02-03,,,,1.0.0
ae8a0992-1470-48d7-bcde-bbb59e31f231,"Marco Remon, Guillermo * Pérez, Alvaro * Šeļa, Artjoms * Eder, Maciej * Fradejas Rueda, José Manuel * Benito-Santos, Alejandro * Janssen, Maarten * Garnett, Vicky * Ros, Salvador * Hoover, Sarah * Tonra, Justin * Byszuk, Joanna * Kunda, Bartłomiej * Dijkstra, Anna * van Rossum, Lisanne * Murphy, Ciara L",CC-BY-4.0, https://hdl.handle.net/21.11159/019595c3-4def-768c-9c30-ba2aaebe69c1,Digging for Gold - Knowledge Extraction from Text,DARIAH (S) * CLS INFRA (S),"UNED is a distance-university and the largest learning university in Spain in terms of the number of students enrolled. The National University of Distance Education has as its mission the public service of higher education through the modality of distance education. To respond to this mission, it facilitates access to university education and the continuity of their studies for all people qualified to pursue higher studies who choose the UNED educational system for its methodology or for work, economic, residence or any other.

The UNED is the public university with the largest number of students in the country, more than 250,000. That it has more than 40 years of experience making the principle of equal opportunities in access to higher education a reality thanks to a methodology based on the principles of distance learning, and focused on the needs of the student. Leader in the application of cutting-edge technologies applied to learning, with the largest offer of virtual courses in the country. It has a very wide training offer:

    27 degrees adapted to the European Higher Education Area (EHEA)
    65 official university Master’s degrees adapted to the EHEA.
    18 PhD programmes adapted to the EHEA.
    4 diplomas and 5 technical engineering (all in extinction).
    18 degrees and 3 engineering (all in extinction).
    University Access Courses for over 25s and over 45s (CAD).
    University Access Tests for over 25s and over 45s (CAD).
    Access to the University by professional or work experience (for people over 40 years of age)
    13 languages are offered at the Distance Learning University Centre (CUID) – foreign languages, Spanish for foreigners and co-official languages.
    Permanent Training (more than 600 courses).
    University extension courses (more than 350 courses).
    Summer courses (more than 140 courses).

UNED Senior is designed for people over 55 years of age, regardless of their academic training, with the aim of expanding knowledge on current issues.

UNED Open is a new channel created to facilitate the search for open educational content from UNED.

With more than 1,400 professors, in 9 Faculties, 2 Technical Schools and CAD at the Headquarters, and more than 6,500 tutor professors, distributed in the Associated Centres.

Implemented in all the Autonomous Communities through 61 Associated Centres, more than 100 extensions and classrooms, and 28 zone centres in the Community of Madrid where tutorials are given and face-to-face tests prepared by the teaching teams are carried out.

UNED has a presence in 11 countries in Europe, America and Africa through 12 UNED Centres abroad and 4 concerted centres for exams. Especially concerned with responding to the demands for training of groups with special needs (people with disabilities, immigrants, reintegration of the prison population).",https://w3id.org/kim/hochschulfaechersystematik/n01,,Editing tools * Data visualisation * Scholarly publishing,en,Lecture,video,,2024-02-06,,,,1.0.1
906f7690-a4e1-4ab2-89ca-bb34af47f8e8,"Brousseau, Chantal",CC-BY-4.0, https://doi.org/10.46430/phen0104,Interrogating a National Narrative with GPT-2,Programming Historian (S) * DARIAH (R),"This lesson is intended to teach you how to apply Generative Pre-trained Transformer 2 (GPT-2), one of the largest existing open-source language models, to a large-scale text corpus in order to produce automatically-written responses to prompts based on the contents of the corpora, aiding in the task of locating the broader themes and trends that emerge from within your body of work. This method of analysis is useful for historical inquiry as it allows for a narrative crafted over years and thousands of texts to be aggregated and condensed, then analyzed through direct inquiry. In essence, it allows you to “talk” to your sources.

To do this, we will use an implementation of GPT-2 that is wrapped in a Python package to simplify the finetuning of an existing machine learning model. Although the code itself in this tutorial is not complex, in the process of learning this method for exploratory data analysis you will gain insight into common machine learning terminology and concepts which can be applied to other branches of machine learning. Beyond just interrogating history, we will also interrogate the ethics of producing this form of research, from its greater impact on the environment to how even one passage from the text generated can be misinterpreted and recontextualized.

Reviewed by:

    Katie McDonough
    Lorella Viola",https://w3id.org/kim/hochschulfaechersystematik/n01,,Python * Machine Learning * Artificial Intelligence,en,Lecture,,,2022-10-03,,,,1.0.0
3fb566ad-93dc-4fb9-8196-b8e12feacb16,"Schöch, Christof * Dudar, Julia * Fileva, Evegniia",CC-BY-4.0,https://methods.clsinfra.io,The CLS INFRA Survey of Methods in Computational Literary Studies,DARIAH (S) * CLS INFRA (S),"This resource offers an introduction to several research areas and issues that are prominent within Computational Literary Studies (CLS) as well as to several key methodological concerns that are of importance when performing research in CLS.

This publication from the CLS INFRA project documents and describes current, widespread research practices in CLS, based on a large collection of publications that have been published in this field over the last approximately ten years.

The basis of this is the Survey of Methods in Computational Literary Studies. The perspective of this survey is primarily descriptive: it aims to document current, widespread practices as the authors were able to observe them in the published literature. In this sense, the survey, while far from exhaustive, can also serve as an annotated bibliography of sorts and as a guide to further reading.

The survey covers the following key concerns in CLS: authorship attribution, literary history, literary genre, gender in literature, and canonicity/prestige. And for each of these concerns, it offers sections on the following key steps in the research process: corpus building, preprocessing and annotation, data analysis, and evaluation.

The survey is complemented by four showcases, or case studies, of research in CLS, each focusing on a different literary genre: one on stylometric authorship attribution using novels, one one network analysis in dramatic texts, one on metric analysis in poetry and one on the uses of linked open data for correspondences and other literary texts more generally. The showcases are available at https://showcases.clsinfra.io.

The survey chapters and showcases can be consulted selectively and read in various orders, resulting in an individualised learning process.

CLS INFRA has received funding from the European Union’s Horizon 2020 Research and Innovation Programme.",https://w3id.org/kim/hochschulfaechersystematik/n01,,Data modeling * Machine Learning * Scholarly practice,en,,text,,2023-05-05,,,,1.0.1
2b8d1a91-736a-45a6-b895-0bf1b88b1c89,"Picón Rodríguez, Anthony * Cuadros, Miguel",CC-BY-4.0, https://doi.org/10.46430/phen0106,Introduction to Map Warper,Programming Historian (S) * DARIAH (R),"Georeferencing is the process of assigning geographic coordinates to a scanned map or raster image. Many historians georeference maps to study how places have changed over time. In this lesson, we will take you through the steps to align geographic coordinates to a scanned historical map and show you how to export your georeferenced map.

Developed by Tim Waters, Map Warper is an open-source georeferencing service, written in Ruby on Rails; the application lets users upload scanned maps and georeference them against OpenStreetMap. It allows the georeferencing and visualization of geographic areas without the need to install software. The tool is implemented in various digital projects across the world and used by many professionals who are not necessarily experts in the field of cartography.",https://w3id.org/kim/hochschulfaechersystematik/n01,,Spatial humanities * Data visualisation,en,Lecture,,,2022-10-24,,,,1.0.0
72c4cf6d-6a9e-4e39-8832-cdce47dddae0,"Herault, Romain * Hanscam, Emily",CC-BY-4.0,https://play.lnu.se/media/t/0_c8n3sfbv,Chroma Key Tutorial,DARIAH (S),"This tutorial provides a comprehensive guide on using chroma keying, or green screen effects, with the PowerDirector video editing app. The tutorial walks through the process of setting up the app, importing footage, applying the chroma keying effect, and exporting the final video. It highlights the potential of chroma keying as a powerful tool in the humanities, enabling immersive experiences in art, history, and literature. The tutorial emphasizes the importance of quality recording and careful application of the chroma keying process for optimal results.",https://w3id.org/kim/hochschulfaechersystematik/n01,,Editing tools,en,Lecture,,,2024-01-29,,,,1.0.0
354cf57e-23fa-4c2b-9f9f-653cac329f36,"Pochet, Bernard",CC-BY-4.0,https://hdl.handle.net/21.11159/019595c5-159b-7337-9575-7411dd09bbe1,Diamond Publication and Open Science at ULiège,DARIAH (S),"This presentation will trace the evolution of Open Science at the University of Liège in the early 2000s, focusing on Open Access and the implementation of a Diamant Open Access journal publishing platform (PoPuPS) and an institutional repository (ORBi). The concept has evolved over time to take into account other principles of Open Science, culminating with the publication of an Open Science roadmap for the University of Liège. This presentation will explain how our concerns fit into the European framework, and the role of the library in driving developments and progress.

This webinar was delivered in March 2024 as part of the DARIAH ‘Friday Frontiers’ webinar series

Bernard Pochet is a French-speaking Belgian. He is a psycho-pedagogue, with a postgraduate diploma in information and documentation science and a doctorate in science. He was director of an applied sciences library (agronomic sciences) for 24 years, and is now in charge of the Open Science unit at the University of Liège Library. He is also co-director of University Press of Liège at Gembloux, publication director for two international journals (Biotechnol. Agron. Agron. Soc. Environ. and Tropicultura), manager of the PoPuPS portal (Diamant Open Access journal publishing platform) and manager of e-publish (platform for open access book publishing) at the Université de Liège.

In addition to his activities in the field of university libraries and scientific publishing, he has been involved in the issue of information literacy for over 25 years. He is lecturer in scientific literature at the University of Liège, and coordinates working groups on this subject within the network of French-speaking Belgian universities. He has authored or co-authored over 60 publications in these fields.

He has carried out over 40 teaching and consultancy assignments abroad (at universities and research centres in Eastern Europe, Africa, South America and South-East Asia), and has coordinated the Documentary Resources Expert Group of the ARES (Académie de Recherche de l’Enseignement Supérieur) Development Commission.

Editing: Vicky Garnett
Subtitles: Áine Foley",https://w3id.org/kim/hochschulfaechersystematik/n01,,Open access * Open science * Scholarly practice,en,Lecture,video,,2024-04-15,,,,1.0.1
285106fd-80d9-404b-a094-15c2614f33d0,"Húni Björnsson, Pétur",CC-BY-4.0,https://hdl.handle.net/21.11159/019595c5-19c4-73b5-b98c-282b6dcc80aa,Historical Farm and People Registry in Iceland – Turning static list entries into network nodes,DARIAH (S),"The aim of developing the Historical Farm and People Registry is to create a reliable infrastructure for research involving data on people and places in Iceland from 1703 to 1920. This has been done by (a) establishing a reliable historical farm registry, (b) mapping census data onto the farm registry, and (c) connecting people between censuses, and thereby transforming the static lists of the censuses into an interconnected network of nodes. This presentation will outline the aim and scope of the project, explain the development process and problems encountered on the way, and demonstrate a use case for the ‘final’ product.

About the Speaker

Pétur Húni has extensive background in working with databases and web-technologies. He holds MA degrees in both Folkloristics and Medieval Studies, hoping to finish his PhD project on late-mediaeval rímur poetry this Spring, involving a research database of all extant late-medieval rímur poetry, lemmatised, pos-tagged. Among the projects he has been involved in are the ‘Icelandic Saga Map’ (sagamap.hi.is), the Nafnid.is database of placenames and toponyms at The Árni Magnússon Institute for Icelandic Studies, and fasnl.net for the ‘Stories for all time’ research project based at The Arnamagnæan Institute in Copenhagen.

Video subtitles - Áine Foley",https://w3id.org/kim/hochschulfaechersystematik/n01,,Data visualisation * Geotagging * Spatial humanities,en,Lecture,video,,2024-05-20,,,,1.0.1
7e9ee760-b3bb-4be6-8af6-687cf0d8f34e,"Odsbjerg Pedersen, Max * Møller Jensen, Josephine * Johnston, Victor Harbo * Ulrich Thygesen, Alexander * Strandgaard Jensen, Helle",CC-BY-4.0,https://doi.org/10.46430/phen0103,Scalable Reading of Structured Data,Programming Historian (S) * DARIAH (R),"In this lesson, we introduce a workflow for scalable reading of structured data, combining close interpretation of individual data points and statistical analysis of the entire dataset. The lesson is structured in two parallel tracks:

    A general track, suggesting a way to work analytically with structured data where distant reading of a large dataset is used as context for a close reading of distinctive datapoints.
    An example track, in which we use simple functions in the programming language R to analyze Twitter data.

Combining these two tracks, we show how scalable reading can be used to analyze a wide variety of structured data. Our suggested scalable reading workflow includes two distant reading approaches that will help researchers to explore and analyze overall features in large data sets (chronologically and in relation to binary structures), plus a way of using distant reading to select individual data points for close reading in a systematic and reproducible manner.

Reviewed by:

    Frédéric Clavert
    Tiago Sousa Garcia",https://w3id.org/kim/hochschulfaechersystematik/n01,,Data modeling * Data management,en,Lecture,,,2022-10-04,,,,1.0.0
4e3c4706-2b1c-40f0-8b85-3e0956be82bf,"Rodriguez Echavarria, Karina * Schiavottiello, Nicola",CC-BY-4.0,https://culturedigitalskills.github.io/2024-storytelling-3d-data/,Creating Stories with 3D Data on the Web,DARIAH (S),"This resource provides guidance on how to use digital storytelling, deploying 3D data, annotations and combining media to enable users to access and explore information about digital heritage assets over the web.

Storytelling is a useful way to engage users with cultural heritage projects, their assets and stories. Storytelling is a large domain, here we focus on the stories which are easily enabled by accessible web-tools and 3D content incorporating interactivity. Interactivity allows users to access detailed information on 3D models.",https://w3id.org/kim/hochschulfaechersystematik/n01,,Big data * Computational Imaging * Data modeling * Data visualisation * Metadata * FAIR * Digital Archives * Multimodality * Literacies,en,Lecture,,,2024-07-09,,,,1.0.0
5d298023-d7e3-42ff-bc23-583021b06df4,"Ryan, Yann",CC-BY-4.0,https://doi.org/10.46430/phen0105,Making an Interactive Web Application with R and Shiny,Programming Historian (S) * DARIAH (R),"This lesson demonstrates how to build a basic interactive web application using Shiny. Shiny is a library (a set of additional functions) for the programming language R. Its purpose is to facilitate the development of web applications, which allow a user to interact with R code using User Interface (UI) elements in a web browser, such as sliders, drop-down menus, and so forth. In the lesson, you will design and implement a simple application, consisting of a slider which allows a user to select a date range, which will then trigger some code in R, and display a set of corresponding points on an interactive map.

Graphical User Interfaces (GUI) and interactive elements can help to make certain types of data-driven scholarly work more accessible or readable. To give a simple example, historians working with large-scale data might want to demonstrate the change in a variable over time. An interactive map with an adjustable timeline is, in some cases, easier to read and allows for more granularity than a series of static maps. Allowing a user to set the parameters of the visualisation can help to avoid some of the bias often found in data visualisations using time series (for example, arbitrarily drawing one map per decade).

Reviewed by:

    Amanda Regan
    Nicole Lemire Garlic
",https://w3id.org/kim/hochschulfaechersystematik/n01,,Data visualisation,en,Lecture,,,2022-10-19,,,,1.0.0
bab07149-d8e3-493d-bc28-d3bf9de1e3dc,"Candela, Gustavo",CC-BY-4.0,https://hdl.handle.net/21.11159/019595c5-1bc8-751c-8201-bcdb34955a96,Introduction to Collections as Data,DARIAH (S),"The goal of this course is to introduce the Collections as Data principles in the cultural heritage sector and to analyse the different aspects to consider when making available a digital collection suitable for computational use. In order to do so, the course will cover a selection of relevant facets to publish collections as data such as providing a licence, terms of use, documentation and examples of use, or using a platform to make available the collection. At the end of this course, students will have a fundamental understanding of the complexities of Collections as Data as well as an appreciation of the diversity of the content provided by cultural heritage institutions. This course will be useful for anyone wishing to improve their knowledge about Collections as Data, especially small and medium-sized cultural heritage institutions willing to make available their digital collections suitable for computational use. Additionally, it will provide Collections as Data examples provided by relevant institutions.",https://w3id.org/kim/hochschulfaechersystematik/n01,,Cultural Heritage * Repositories & Collections * Data management * FAIR,en,Lecture,,,2024-09-03,,,,1.0.0
ffcd76ce-c89e-493c-afd5-a100249ec9af,"Champion, Erik",CC-BY-4.0,https://hdl.handle.net/21.11159/019595c5-1ea7-7756-952a-0022aed2a5e2,"Linking Digital Heritage, Games and Virtual Tourism",DARIAH (S),"This talk examines how key challenges in digital heritage involving 3D models could be brought to life and re-opened to interpretation by game design, and how game-like interaction could also help increase the richness and immersive qualities of XR (extended reality) and virtual tourism. Can 3D models, the scholarly information surrounding them, and the involvement of the public be brought closer together? And can we harness the speed and complexity of new technologies to ensure both the data and our understanding of that data can be recorded, interpreted, and shared more fairly, openly, and democratically?

Funded through the INTERREG NPA funded project DACCHE

Event hosted by the Centre for Digital Humanities and Arts and the Gunnar Gunnarsson Institute.",https://w3id.org/kim/hochschulfaechersystematik/n01,,Augmented reality * eHeritage * Citizen science * Game Studies,en,,video,,2024-05-29,,,,1.0.0
69b394f3-e5de-44d1-9f61-5fe75bd3bf9c,"Rodriguez Echavarria, Karina * Samaroudi, Myrsini * Schiavottiello, Nicola",CC-BY-4.0,https://culturedigitalskills.github.io/2024-3d-digitisation-methods/,Digitisation Methods for Material Culture,DARIAH (S),"This resource is an introduction to Digitisation Methods for Material Culture. The resource explores basic topics with regards to the study of material culture, while also looking at types of media as means to communicate and share information about it, as well as digitisation methods to capture material culture data.

Material culture constitutes an interdisciplinary domain looking into the connections between individuals and the objects they produce. This field spans the creation, history, preservation, and interpretation of objects, involving the examination of tangible artefacts and their significance. It draws on a spectrum of disciplines, including art history, archaeology, anthropology, ethnography, history, and heritage studies.",https://w3id.org/kim/hochschulfaechersystematik/n01,,Computational Imaging * eHeritage * Big data * Data visualisation * Open access * Multimodality * Repositories & Collections * Metadata,en,Lecture,,,2024-07-09,,,,1.0.0
9491334a-1dea-4a66-b2ec-840470e7a6cf,"Dritsou, Vicky",CC-BY-4.0, https://hdl.handle.net/21.11159/019595c5-1c63-725d-9f06-3f57952db0e0,Introduction to Cultural Heritage Data Modelling — with a focus on Europeana Data Model,DARIAH (S),"This course provides a comprehensive understanding of how to structure and document information within the domain of cultural heritage institutions. It is designed to equip you with the essential skills to represent information using entities and relationships, while applying relevant metadata standards important for the reuse of data and metadata.

Throughout the course and following Prof. Lorena—a persona created for its purposes—participants are introduced to the fundamental principles of data modeling, focusing on the importance of understanding data structures for effective metadata reuse. They can explore what metadata are, learn about the commonly used metadata standards in cultural heritage, and understand their critical role in data reuse.

The last part of the course is dedicated to the Europeana Data Model, a key standard in the cultural heritage domain. Participants gain insight into the structure of this model, learning its classes and relationships, how they are structured, and how to apply the model in both academic and research settings for effective metadata management.",https://w3id.org/kim/hochschulfaechersystematik/n01,,Data modeling * Metadata * Ontologies * Cultural Heritage,en,Lecture,text,,2024-09-04,,,,1.0.0
26845500-774b-49f7-a915-27c2735efff2,"Dritsou, Vicky",CC-BY-4.0,https://hdl.handle.net/21.11159/019595c5-1c30-7296-a43b-730c4eb50180,Introduction to Cultural Heritage Data,DARIAH (S),"This course is designed to equip participants with the basic knowledge and essential skills necessary to navigate the fascinating world of Cultural Heritage data. Guided by the expertise and academic journey of Prof. Lorena—a persona created specifically for this course—it delves into the importance of Cultural Heritage data and presents its diverse types and formats. Prof. Lorena’s experiences provides practical insights into the processes of acquiring, organizing, and enhancing the quality of Cultural Heritage data.

Throughout the course, participants gain a comprehensive understanding of how to identify and access various sources of Cultural Heritage data, and learn the methods and techniques that can be applied to improve its quality. They are also introduced to the fundamental strategies for organizing Cultural Heritage data, with an emphasis on cataloguing and the key metadata standards that are prevalent in the field. Additionally, the course discusses the latest trends and technologies shaping the domain of Cultural Heritage data today, ensuring that participants gain an overview of the current landscape.",https://w3id.org/kim/hochschulfaechersystematik/n01,,DH * Cultural Heritage,en,Lecture,text,,2024-09-04,,,,1.0.0
62a21f1a-ace2-4a05-b1e5-49d3f73647b5,"Samaroudi, Myrsini",CC-BY-4.0,https://culturedigitalskills.github.io/2024-ethics-data/,Data Ethics in Cultural Heritage,DARIAH (S),"This resource aims to introduce the main aspects of data ethics in the cultural heritage domain. It also examines how data management can be supported to become more ethical, while also addressing topical discourse about data ethics in the sector. The resource also aims to support in critically reflecting on some case studies with evident digital data ethics considerations.

Collecting digital data, including 3D data, for the documentation, preservation, study and dissemination of material culture knowledge has been rapidly evolving in the last decades. Such data provide valuable insights about the objects’ biographies and the development of humans within different societal contexts. Yet the speed with which technology progresses, the abundance of digital data – often called big data – and the lack of standardisation with regard to digital practices and hence strategies and policies in the digital humanities spectrum, eventfully raise a range of considerations many of which pertain to the realm of ethics. As such, ethics become involved in many aspects of the cultural heritage digital data domain.",https://w3id.org/kim/hochschulfaechersystematik/n01,,Big data * Citizen science * Data management * Metadata * Data modeling * Digital Archives * eHeritage * EOSC * FAIR * Sustainability,en,Lecture,text,,2024-07-09,,,,1.0.0
f707444b-e279-4c56-bc0c-6873673fb113,"Genatowski, Emily * Downs-Tepper, Liam",CC-BY-4.0,https://hdl.handle.net/21.11159/019595b2-ce5f-7090-a284-00fa71249aeb,A Basic Introduction to Geographic Information Systems (GIS),DARIAH (S),"Spatial work in Geographic Information Systems (GIS) can be broadly categorized into two main types: analysis and visualization. Analysis involves computational techniques that help computers process and interpret spatial data, while visualization focuses on making this data comprehensible to people. Most GIS projects incorporate a mix of these two aspects to leverage the strengths of both. This guide aims to provide a comprehensive understanding of these concepts, making it accessible even to those new to GIS.

For a detailed and visually supported introduction to GIS, you can explore this comprehensive guide by Esri. On the same site, you can find a clear timeline of the history of GIS.",https://w3id.org/kim/hochschulfaechersystematik/n01,,Data visualisation * Spatial humanities,en,,text,,2024-09-10,,,,1.0.0
878169b6-6e4e-4a5d-97af-bcfb5a0ddd36,"Dritsou, Vicky",CC-BY-4.0,https://hdl.handle.net/21.11159/019595c5-1d3a-70b7-85ac-6b4b87e7f65f,Introduction to Europeana APIs,DARIAH (S),"The Europeana platform is designed to provide access to millions of cultural heritage items, including books, music, artworks, videos, newspapers, from a wide range of European institutions, such as archives, libraries, and museums. It serves as a rich resource for researchers, academics, educators, other professionals, as well as the general public, promoting knowledge of Europe’s cultural heritage and facilitating the discovery, use and reuse of data. In an attempt to support its users and facilitate access to its vast resources, Europeana offers a variety of Application Programming Interfaces (APIs). An API is a mechanism that allows software components to communicate with one another according to a set of predefined rules and protocols. Generally, APIs are software-independent, meaning they are not restricted to a specific application or platform. Europeana currently offers 10 APIs to assist developers in building applications that use the wealth of its collections. In this course, we provide the knowledge and skills to utilise these APIs, guided by the activities of Prof. Lorena, a persona created for the course.",https://w3id.org/kim/hochschulfaechersystematik/n01,,APIs * Information Retrieval * Cultural Heritage * Metadata,en,Lecture,text,,2024-09-04,,,,1.0.0
0d217d8b-7d1f-43a0-8ce8-67155afe029f,"Samaroudi, Myrsini",CC-BY-4.0,https://universityofbrighton.github.io/2023-exhibition-design/,Digital Exhibition Design,DARIAH (S),"This resource provides guidance on digital practices to curate interactive experiences through a set of practical exercises. The resource aims to support GLAM’s researchers and practitioners to engage with their audiences through the design of multimedia applications, while making use of appropriate frameworks and tools.

During the tutorial we will use established methods and frameworks to practice how to manage a digital exhibition/experience design project from the stage of its conception to the stage of its conceptualisation through a storyboard.",https://w3id.org/kim/hochschulfaechersystematik/n01,,Data visualisation * eHeritage * FAIR * Digital Archives,en,Lecture,,,2023-11-28,,,,1.0.0
dba9ebeb-66cf-4691-81b1-f5e003f63cf5,"Pirker, Hannes",CC-BY-4.0,https://hdl.handle.net/21.11159/019595c5-1253-733f-bcb4-2796713de09f,Corpus Query Language im Austrian Media Corpus,DARIAH (S) * ACDH (S),"Das Austrian Media Corpus (amc)

Das Austrian Media Corpus (amc) ist eines der größten Textkorpora in deutscher Sprache. In ihm sind Texte der österreichischen Printmedienlandschaft der letzten Jahrezehnte versammelt. Der Inhalt des amc kann mit dem Schlagwort “journalistische Prosa” zusammengefasst werden: er umfasst Komplettausgaben von Zeitungen und Zeitschriften, Agenturmeldungen der Austria Presse Agentur (APA) sowie Transkripte von TV-Produktionen (vorwiegend von Nachrichtensendungen).

Das amc kann auf Anfrage genutzt werden, allerdings ausschließlich für Zwecke der wissenschaftlichen Forschung und Lehre und nur für die Untersuchung sprachwissenschaftlicher Fragestellungen. Ermöglicht wird das amc durch eine Kooperation zwischen der Austria Presse Agentur (APA) und der Österreichischen Akademie der Wissenschaften (ÖAW), konkret dem Austrian Centre for Digital Humanities and Cultural Heritage (ACDH-CH). Die APA sammelt die Textproduktion der Printmedien und stellt diese dem ACDH-CH zur Verfügung.

Das amc wird jährlich am Jahresanfang um die Publikationen des soeben abgelaufenen Jahres aktualisiert, d.h. der aktuelle Datenbestand des amc reicht jeweils bis zum Ende des Vorjahrs.",https://w3id.org/kim/hochschulfaechersystematik/n01,,Corpus Analysis,de,Lecture,text,,2024-09-11,,,,1.0.0
c769618c-101e-494c-9246-e781cd2ace84,"Genatowski, Emily * Baille, James",CC-BY-4.0,https://hdl.handle.net/21.11159/019595c5-148b-7010-a3eb-70d31a97d784,Data and Databases: Entities and Relationships,DARIAH (S),"In the field of database management, the accurate and efficient structuring of data is critical to the success of any system. Whether we are organizing information for commercial enterprises, educational institutions, or complex research projects, the way we model data can directly affect how that data is stored, retrieved, and used. At the heart of any well-designed database is the concept of entities and their relationships, which form the foundation for representing real-world information in a structured, logical manner.

To build and manage these relationships effectively, databases rely on several important concepts: attributes, identifiers, and cardinalities.

    Attributes describe the characteristics or properties of an entity. They provide the specific data points that make each entity unique. For instance, a CUSTOMER entity might have attributes such as name, address, and email.
    Identifiers are special attributes that uniquely identify each entity. In the case of a CUSTOMER, the identifier could be a customer number, ensuring that no two customers are confused or treated as the same.
    Cardinality refers to the rules governing how many instances of one entity can be related to another. This is important when determining whether a relationship is one-to-one, one-to-many, or many-to-many.

These core concepts—entities, associations, attributes, identifiers, and cardinality—are central to the design and functionality of relational databases. They help ensure that data is not only stored efficiently but also reflects the complex, interrelated nature of the real world. By using these principles, we can create databases that are highly structured, responsive to user needs, and capable of handling vast amounts of information in an organized and meaningful way.",https://w3id.org/kim/hochschulfaechersystematik/n01,,Data management,en,Lecture,text,,2024-09-10,,,,1.0.0
8d219786-d761-43f5-91b0-4150406f2aa3,"Siddiqui, Nabeel",CC-BY-4.0, https://doi.org/10.46430/phen0108,Creating Deep Convolutional Neural Networks for Image Classification,Programming Historian (S) * DARIAH (R),"This lesson provides a beginner-friendly introduction to convolutional neural networks, which along with transformers, are frequently-used machine learning models for image classification. Neural networks develop their own idiosyncratic ways of seeing and often fail to separate features in the ways we might expect. Understanding how these networks operate provides us with a way to explore their limitations when programmed to identify images they have not been trained to recognize.

In this tutorial, we will train a convolutional neural network to classify paintings. As historians, we can use these models to analyze which topics recur most often over time, or automate the creation of metadata for a database. In contrast to other resources that focus on developing the most accurate model, the goal of this lesson is more modest. It is aimed at those wanting to gain an understanding of the basic terminology and makeup of neural networks so that they can expand their knowledge later, rather than those seeking to create production-level models from the outset.

Reviewed by:

    Fabian Offert
    Melvin Wevers
",https://w3id.org/kim/hochschulfaechersystematik/n01,,Machine Learning,en,Lecture,,,2023-03-23,,,,1.0.0
2083d9be-b009-46ba-92d9-a59ea93e20ec,"Genatowski, Emily",CC-BY-4.0,https://hdl.handle.net/21.11159/019595c5-1b62-7396-bb7f-221d7c36a363,Introduction to Artificial Intelligence Prompt Engineering,DARIAH (S),"Prompt engineering is a critical skill to develop when working with artificial intelligence (AI) and machine learning, especially when interacting with large language models (LLMs) like ChatGPT. It involves crafting effective and precise input prompts to elicit the desired output from an AI model. This skill is essential in various fields, including the digital humanities, where researchers and professionals leverage AI to explore, analyze, and interpret cultural, historical, and archaeological data.",https://w3id.org/kim/hochschulfaechersystematik/n01,,Artificial Intelligence,en,Lecture,text,,2024-09-11,,,,1.0.0
16d95cfc-b813-4dec-b647-bff23acb4086,"Rodriguez Echavarria, Karina * Schiavottiello, Nicola",CC-BY-4.0,https://culturedigitalskills.github.io/2024-360-digitisation/,Digitisation with 360 Degrees Photography,DARIAH (S),"This resource is an introduction to 360 degrees panorama photography. It explores different types of panoramic representations and examples of 360 degree panoramas in the cultural heritage domain. Practical advice and step by step guidance on how to capture data and process them is also included in order to produce and publish 360 degrees panorama images.

Spherical panorama images are popular for documenting Cultural Heritage, because they allow to visualise an accurate and rich representation of cultural environment from a vantage point, and give viewers the possibility to explore the surroundings of a certain environment with ease.",https://w3id.org/kim/hochschulfaechersystematik/n01,,Big data * Computational Imaging * Data modeling * Data management * Data visualisation * Digital Archives * DH * eHeritage * FAIR * Editing tools,en,Lecture,,,2024-07-09,,,,1.0.0
31337e03-8540-4d63-b5e8-05dfe5b84d35,"Goodwin, Christopher",CC-BY-4.0, https://doi.org/10.46430/phen0107,Creating GUIs in Python for Digital Humanities Projects,Programming Historian (S) * DARIAH (R),"This lesson demonstrates how to implement a Graphical User Interface (GUI) using Python. A GUI is an expected feature of most modern applications, but many users lack the necessary computing skills to execute Python scripts or operate terminal/command line applications. Distributing applications that use GUIs helps support the greatest number of other historians to benefit from the applications you develop. This tutorial focuses on the three steps involved in creating modern-looking and useable applications: designing a GUI, implementing a GUI within an application, and creating an executable file to distribute the application.

We will program a GUI to deal with a problem commonly encountered by historians: merging PDF files. Historians often find themselves with various PDF files that are logically connected, and that would be simpler to use for research or collaboration if they were merged into a single document. Many archives on the internet only allow users to download one page at a time, rather than an entire document. Another use-case scenario arises when historians only download the pages they need and skip intervening pages. Or, when historians at physical archives take digital pictures of only certain documents, rather than the entire file. At the end of their archival visit, they find that they have a large number of individual images, of which many should be part of one document or file. Oftentimes, internet archives or digital cameras name these files in conventional and logical ways (e.g. img_001, img_002, img_003). Our Python script will provide a simple drag-and-drop interface to move these files into the application and a single button press will merge them into one document.

In summary, this lesson uses Python to create a program with a GUI interface that can merge multiple PDF documents into a single PDF file. The main goal is to learn the basics of creating GUIs.

Reviewed by:

    Telma Peura
    Liz Fischer
",https://w3id.org/kim/hochschulfaechersystematik/n01,,Python * Data management,en,Lecture,,,2023-03-23,,,,1.0.0
327e5568-b46d-4c1b-ac8b-bff3482664b0,"Baille, James",CC-BY-4.0,https://hdl.handle.net/21.11159/019595c5-0e40-74ce-b9a8-1226d939b770,An Introduction to Prosopography,DARIAH (S),"Prosopography is the study of groups of people through the collective examination of their lives, often using historical records, literary sources, and artifacts. Rather than focusing on a single individual, prosopography analyzes patterns in a group, such as shared roles, relationships, or social status, to better understand historical societies and social structures. This method is especially useful when detailed information about individuals is scarce, as it allows researchers to draw insights from broader trends and connections between people. By assembling these collective biographies, prosopography helps reconstruct historical contexts and offers a richer understanding of past societies.

This resource introduces the concept of the prosopon, an invaluable tool in historical and literary studies that represents a collected literary depiction of a person. It encompasses all forms of information about an individual, gathered from texts, records, and artifacts. Often, our understanding of past people comes from these constructions, whether through others’ representations or physical records, which can be fragmented or biased. Despite these limitations, prosopons help us piece together comprehensive portraits of individuals, revealing their societal roles, personal relationships, and historical significance. The resource also explores the Theory of Identity, examining aspects like roles, titles, ethnicity, gender, and religion to understand the multi-dimensional identities of historical figures. Finally, it emphasizes the importance of scoping prosopography projects, guiding learners to define manageable research boundaries, focus on relevant data, and apply their skills effectively to produce meaningful results.",https://w3id.org/kim/hochschulfaechersystematik/n01,,Digital Archives,en,,text,,2024-09-16,,,,1.0.0
7d6c4b59-a545-453c-b653-f83e3332a54c,"Königshofer, Elisabeth * Wünsche, Katharina",CC-BY-4.0,https://hdl.handle.net/21.11159/019595c5-1c98-71b8-886e-b7d294b7e44d,DYLEN: Diachronic Dynamics of Lexical Networks,DARIAH (S) * ACDH (S),DYLEN is the acronym of the Diachronic Dynamics of Lexical Networks (Baumann et al. 2019). It is an interactive visualisation tool (Yim et al. 2022) that the Diachronic Dynamics of Lexical Networks project team created to provide insights into the dynamic lexical changes of Austrian German during the 21st century. It helps lexicographers and linguists to analyse the development of Austrian German lexemes over the course of time. It is an open source tool that can be used free of charge.,https://w3id.org/kim/hochschulfaechersystematik/n01,,Data management,en,,text,,2024-09-12,,,,1.0.0
57fb128a-5047-42a0-b65e-cdf18c44ebe3,"Schopper, Daniel",CC-BY-4.0, https://hdl.handle.net/21.11159/019595c5-1622-7338-8810-efc5a39dfc6e,Einführung in Metadaten und Dokumentation,DARIAH (S) * ACDH (S),Anschließend an die “Grundlagen des Datenmanagements” und der praktischen Übung zu Datenmanagement bietet dieser Kurs eine Einführung in das Thema Metadaten. Was sind Metadaten? Aus welchen Komponenten bestehen sie? Und welche Typen von Metadaten können wir unterscheiden?,https://w3id.org/kim/hochschulfaechersystematik/n01,,Data management,de,Lecture,text,,2024-09-18,,,,1.0.0
ec04f789-e92c-4a1e-8d69-478840b452cc,"Trognitz, Martina",CC-BY-4.0, https://hdl.handle.net/21.11159/019595c5-195f-7084-8fe1-d2596ab385ce,Grundlagen des Datenmanagements,DARIAH (S) * ACDH (S),"Daten begegnen uns in allen Bereichen des Lebens. Zumeist denkt man bei Daten an (Forschungs-)Gebiete wie Statistik, Biologie, Meteorologie, Finanzen oder Transportwesen. Doch Daten sind auch ein zentraler Bestandteil von geisteswissenschaftlichen Forschungen. Je nach Disziplin und Fragestellung arbeiten die Geisteswissenschaften mit unterschiedlichen Arten von Daten und Materialien, wie zum Beispiel:

    Primär- und Sekundärtexte,
    Audio und Videomaterial,
    Bilder und Objekte,
    3D-Daten und Geoinformationsdaten oder auch
    Tabellen, Simulationen und Datenbanken. (Siehe Andorfer, “Forschungsdaten in den (digitalen) Geisteswissenschaften”; und DFG, “Umgang mit Forschungsdaten”.)
",https://w3id.org/kim/hochschulfaechersystematik/n01,,Data management,de,,video,,2024-09-16,,,,1.0.0
499978ca-346f-4d24-8964-39d3e6ef7788,"Rodriguez Echavarria, Karina",CC-BY-4.0,https://universityofbrighton.github.io/2023-fair-multidimensional-media/,FAIR Multidimensional Data,DARIAH (S),"This resource aims to support better understanding of multidimensional media available over the web which might serve various educational, research, as well as storytelling and audience engagement processes. Learners will engage in methods for managing media in a way which promotes the FAIR principles, and be introduced to the concept of a Virtual Research Environment to support retrieval and curation of multidimensional data for storytelling via interoperable frameworks.",https://w3id.org/kim/hochschulfaechersystematik/n01,,Augmented reality * Big data * Computational Imaging * Data management * Data modeling * Digital Archives * eHeritage * FAIR * Open science,en,Lecture,,,2023-11-23,,,,1.0.0
f91be9fb-ef68-41e0-b5ee-bccb8945342e,"Gribomont, Isabelle",CC-BY-4.0,https://doi.org/10.46430/phen0109,OCR with Google Vision API and Tesseract,DARIAH (S),"Historians working with digital methods and text-based material are often confronted with PDF files that need to be converted to plain text. Whether you are interested in network analysis, named entity recognition, corpus linguistics, text reuse, or any other type of text-based analysis, good quality Optical Character Recognition (OCR), which transforms a PDF to a computer-readable file, will be the first step. However, OCR becomes trickier when dealing with historical fonts and characters, damaged manuscripts or low-quality scans. Fortunately, tools such as Tesseract, TRANSKRIBUS, OCR4all, eScriptorium and OCR-D (among others) have allowed humanities scholars to work with all kinds of documents, from handwritten nineteenth-century letters to medieval manuscripts.

Despite these great tools, it can still be difficult to find an OCR solution that aligns with our technical knowledge, can be easily integrated within a workflow, or can be applied to a multilingual/diverse corpus without requiring any extra input from the user. This lesson offers a possible alternative by introducing two ways of combining Google Vision’s character recognition with Tesseract’s layout detection. Google Cloud Vision is one of the best ‘out-of-the-box’ tools when it comes to recognising individual characters but, contrary to Tesseract, it has poor layout recognition capabilities. Combining both tools creates a “one-size-fits-most” method that will generate high-quality OCR outputs for a wide range of documents.

The principle of exploring different combinations of tools to create customised workflows is widely applicable in digital humanities projects, where tools tailored to our data are not always available.

Reviewed by:

    Ryan Cordell
    Clemens Neudecker
",https://w3id.org/kim/hochschulfaechersystematik/n01,,Python,en,Lecture,,,2023-03-31,,,,1.0.0
f10a5077-cd6b-40b5-a031-2e49fcc17acb,"Rodriguez Echavarria, Karina * Samaroudi, Myrsini * Schiavottiello, Nicola",CC-BY-4.0,https://culturedigitalskills.github.io/2024-digitisation-3d-photogrammetry/,Photogrammetry 3D Digitisation,DARIAH (S),This resource is an introduction to the photogrammetry technique to capture visual data about cultural heritage assets and produce associated 3D models. Photogrammetry is a technique also known as Structure from Motion (SfM). Both terms are used to refer to the computing process of estimating the 3D structure of a scene from a set of 2D raster images. A photogrammetry software receives as an input a set of raster images of an object or environment and outputs a 3D model.,https://w3id.org/kim/hochschulfaechersystematik/n01,,Augmented reality * Big data * Data modeling * Data visualisation * DH * Digital Archives * eHeritage * Editing tools * FAIR,en,Lecture,,,2024-07-09,,,,1.0.0
3ac30d4d-c213-4a97-8a1d-373fd21840c2,"Gheldof, Tom * Salvaterra, Carla * Fogagnolo, Marta * Bencivenni, Alice * Magnani, Massimo * Essler, Holger * Reggiani, Nicola * D'Angelo, Marzia * Nicolardi, Federica * Aurora, Federico * Gasparini, Andrea * Palumbo, Alessandro * Depauw, Mark * Liuzzo, Pietro",CC-BY-4.0,https://teach.dariah.eu/course/view.php?name=ENCODE,ENCODE course - Digital Tools for the Research and Study of Ancient Writing Cultures,DARIAH (S),"The ENCODE open online course ‘Digital tools for the research and study of ancient writing cultures’ is designed to introduce teaching staff, GLAM professionals, and graduates to ancient writing cultures and digital studies. It consists of four units: Digital Greek-Latin Epigraphy, Digital Papyrology, Multilingual-Multicultural Digital Infrastructures, and How to Create LOD (linked open data).

In this course, you will explore the digital transformations in the fields of Greek and Latin epigraphy, papyrology, and other aspects of ancient writing cultures. It offers several excercises to test your competences and knowledge, for instance on producing and sharing digital editions, managing FAIR data, and structuring and contextualizing information. You will also learn how to disseminate open knowledge related to ancient written cultural heritage. By the end of the course, you should be able (with the support of experts) to design a syllabus that effectively delivers digital competencies to trainees in the study of ancient writing cultures.",https://w3id.org/kim/hochschulfaechersystematik/n01,,Data modeling * Editing tools * eHeritage * Metadata * Semantic Web,en,Lecture,,,2023-09-05,,,,1.0.0
94546b92-58df-4c6e-b064-c2050b781b00,"Kane, Megan S.",CC-BY-4.0,https://doi.org/10.46430/phen0113,Corpus Analysis with spaCy,Programming Historian (S) * DARIAH (R),"Say you have a big collection of texts. Maybe you’ve gathered speeches from the French Revolution, compiled a bunch of Amazon product reviews, or unearthed a collection of diary entries written during the first world war. In any of these cases, computational analysis can be a good way to compliment close reading of your corpus… but where should you start?

One possible way to begin is with spaCy, an industrial-strength library for Natural Language Processing (NLP) in Python. spaCy is capable of processing large corpora, generating linguistic annotations including part-of-speech tags and named entities, as well as preparing texts for further machine classification. This lesson is a ‘spaCy 101’ of sorts, a primer for researchers who are new to spaCy and want to learn how it can be used for corpus analysis. It may also be useful for those who are curious about natural language processing tools in general, and how they can help us to answer humanities research questions.
Reviewed by:

    Maria Antoniak
    William Mattingly
",https://w3id.org/kim/hochschulfaechersystematik/n01,,Python * Big data,en,Lecture,,,2023-11-02,,,,1.0.0
e8aa75fa-16af-46ce-844a-23d1636d74fc,"Isasi, Jennifer",CC-BY-4.0,https://doi.org/10.46430/phen0110,Sentiment Analysis with 'syuzhet' using R,Programming Historian (S) * DARIAH (R),"This lesson introduces you to the syuzhet sentiment analysis algorithm, written by Matthew Jockers using the R programming language, and applies it to a single narrative text to demonstrate its research potential. The term ‘syuzhet’ is Russian (сюже́т) and translates roughly as ‘plot’, or the order in which events in the narrative are presented to the reader, which may be different than the actual time sequence of events (the ‘fabula’). The syuzhet package similarly considers sentiment analysis in a time-series-friendly manner, allowing you to explore the developing sentiment in a text across the pages.

To make the lesson useful for scholars working with non-English texts, this tutorial uses a Spanish-language novel, Miau by Benito Pérez Galdós (1888) as its case study. This allows you to learn the steps necessary to work with everything from accented characters to thinking through the intellectual problems of applying English language algorithms to non-English texts. You do not need to know Spanish to follow the lesson (though you will if you want to read the original novel). Some steps in the following instructions may not be necessary if you are working with English-language texts, but those steps should be self-evident.

Reviewed by:

    Riva Quiroga

Translated by:

    Adam Crymble

Translation reviewed by:

    Shuang Du
    Andrew Janco",https://w3id.org/kim/hochschulfaechersystematik/n01,,Data visualisation,en,Lecture,,,2023-03-23,,,,1.0.0
cf60ad79-5622-4947-93a4-753625c240f4,"Reades, Jonathan * Williams, Jennie",CC-BY-4.0,https://doi.org/10.46430/phen0111,Clustering and Visualising Documents Using Word Embeddings,Programming Historian (S) * DARIAH (R),"As corpora are increasingly ‘born digital’ on hard drives as well as web and email servers, we are moving from being able to select or group documents using keyword or manual searches to needing to be able to automate this task at scale. Moreover, large-ish, unlabelled corpora of thousands or tens-of-thousands of documents are not particularly well-suited to topic modelling or TF/IDF analysis either. Since we don’t have a sense of what kinds of groups might exist, what kinds of topics might be covered, or what level of distinctiveness in vocabulary might matter, we need different, more flexible ways to visualise and extract structure from texts.

This lesson shows one way to achieve this: uncovering meaningful structure in a large corpus of about 9,000 documents through the use of two techniques — dimensionality reduction and hierarchical clustering — to find and group similar documents with minimal human guidance. Our approach to document classification is unsupervised: we do not use either keywords or human expertise — except to validate the results and provide a measure of ‘quality’ — relying instead on the information contained in the text itself.

To do this we take advantage of word and document embeddings; these lie at the root of recent advances in text-mining and Natural Language Processing, and they provide us with a numerical representation of a text that extends what’s possible with counts or TF/IDF representations of text. We take these embeddings and then apply our selected techniques to extract a hierarchical structure of relationships from the corpus. In this lesson, we’ll explore why documents on similar topics tend be closer in the (numerical) ‘space’ of the word and document embeddings than those that are on very different topics.
Reviewed by:

    Quinn Dombrowski
    Barbara McGillivray",https://w3id.org/kim/hochschulfaechersystematik/n01,,Data visualisation * Machine Learning * Python * Natural Language Processing,en,Lecture,,,2023-08-09,,,,1.0.0
0d9e9718-8906-441b-b7fa-33a88aac426c,"Trognitz, Martina",CC-BY-4.0,https://hdl.handle.net/21.11159/019595c5-1d9f-711a-8c3b-326036aa778c,Langzeitarchivierung,DARIAH (S) * ACDH (S),"Im letzten Kapitel der Reihe zu Datenmanagement geht es um das Thema digitale Langzeitarchivierung. Bei diesem Schritt zeigt sich auch, ob man im Projekt ein aktives und konsistentes Datenmanagement betrieben hat, oder nicht. Umso wichtiger ist es, die Archivierung bereits bei der Planung und Implementierung eines Projekts mit zu berücksichtigen.",https://w3id.org/kim/hochschulfaechersystematik/n01,,Data management,de,Lecture,video,,2024-11-21,,,,1.0.0
feb0b138-e2d8-405a-b0da-b21fe5e3912f,"Pinche, Ariane * Spychala, Pauline",CC-BY-4.0,https://hdl.handle.net/21.11159/019595c4-2c08-710d-b6f0-819a6f6c5de5,Automatic Text Recognition (ATR) - Getting Started,DARIAH (S),"This session outlines the entire workflow of humanities research projects utilising ATR to extract full text from scanned images. We provide an overview of each step in the process and introduce subsequent tutorials that delve deeper into these steps. Additionally, a workflow on ‘How to get started with ATR’ road map linked in the conclusion will guide you through important questions and give you basic orientation before starting an ATR project.

This is the English version of this training module. The video is available with English, French and German subtitles.

Si vous souhaitez accéder à la version française du module, rendez-vous ici.

Die deutsche Version der u.s. Lerneinheit ist hier verfügbar",https://w3id.org/kim/hochschulfaechersystematik/n01,,Editing tools * Machine Learning * Automatic Text Recognition,en,Lecture,video,,2024-12-05,,,,1.0.1
076116cf-a633-475b-96b9-05496180cefc,"Genatowski, Emily * Baille, James",CC-BY-4.0,https://hdl.handle.net/21.11159/019595c5-142c-70d5-9f86-081edcbac4b0,Data and Databases: An Introduction,DARIAH (S),"Databases are at the heart of the modern world. The need to structure and collect information in an accessible and analytically useful way has been with us throughout human history, but modern technology has given a wide range of new possibilities for making these processes of collection, storage, and analysis more dynamic. The database – a computer system for storing data in a structured way that can be easily sorted, searched and manipulated – is one of the most important technologies we have for information manipulation and management.

Researchers in social sciences and the humanities do not make use of these tools as often as their counterparts in the sciences. Data about humans and their societies has a number of features that create specific issues with the process of categorising and structuring data; there are significant potential pitfalls when humanities data is mishandled, leading to inaccuracies or even serious ethical issues with research. Thus, despite both the centrality of processes of categorisation to how human societies understand the world and the potential utility of making information better tractable and searchable, scholars studying the human world often refrain from utilising database methods.

This course aims to help bridge these gaps. In the following sections and activities, we provide humanities and social science graduate students both with a basic overview of the technical skills needed to query and produce a database, and also a range of information on the challenges faced when dealing with humanities data and how these may be solved or avoided. Finally, we also provide some information on the planning and construction of database projects, from setting project scope to long-term data storage and the ethical issues faced when dealing with humanities data.",https://w3id.org/kim/hochschulfaechersystematik/n01,,Data management,en,Lecture,,,2024-12-03,,,,1.0.0
a126ed02-c232-4933-8f95-d104c1fcad89,"Rodriguez Echavarria, Karina * Samaroudi, Myrsini",CC-BY-4.0,https://culturedigitalskills.github.io/2024-copyright-data,Copyright of 3D Data,DARIAH (S),"This resource offers an introduction to copyright within the UK context when dealing with multidimensional media. It introduces the UK context for copyright, which is a legal right, protecting the copyright owner and/or the creator of a work giving them control over their work and how it is used. Learners are presented with information that has been gathered from a mixture of web resources, references and links, including the British Library, JISC, and Creative Commons.",https://w3id.org/kim/hochschulfaechersystematik/n01,,Citizen science * Data management * Digital Archives * Repositories & Collections,en,Lecture,,,2024-07-09,,,,1.0.0
10e1d0d5-9821-4c09-b222-a46e83570d15,"Apostolopoulos, Petros",CC-BY-4.0,https://ranke2.uni.lu/u/wikipedia-historical-source/,Wikipedia as a Source of Historical Knowledge: Applying Digital Source Criticism,Ranke2.lu (S) * DARIAH (R),"The lesson invites historians to adapt their critical approach to Wikipedia as a born-digital source for historical research. More specifically, it suggests ways to apply digital source criticism to Wikipedia’s infrastructure and content and to explore potential uses of Wikipedia for historians. The lesson proposes a short introductory video and a set of five assignments. No specific technical skills are required to complete the assignments, the only requirements being an internet connection and, ideally, knowledge of a second language (in addition to English) to complete the fifth assignment, which is based here on knowledge of English and French but can be adapted to other languages.",https://w3id.org/kim/hochschulfaechersystematik/n01,,Digital Source Criticism,en,Lecture,,,2024-09-13,,,,1.0.0
a403f3bf-5579-4ee4-8740-4fbfe680f66e,"Siam, Omar",CC-BY-4.0,https://hdl.handle.net/21.11159/019595c5-1886-727e-9761-8feda0af6da0,Git Collaboration,DARIAH (S) * ACDH (S),This short course will help you understand how to work with Git in an open and collaborative setting; including the use of platforms like GitHub or GitLab. Using Git for version control to work on the same project in small teams is a good way to share and co-edit content and to keep track of all the changes.,https://w3id.org/kim/hochschulfaechersystematik/n01,,Data management * Git,en,Lecture,text,,2024-12-18,,,,1.0.0
ae1575b5-730a-4c78-b7ea-5da4bc49c338,"Siam, Omar",CC-BY-4.0, https://hdl.handle.net/21.11159/019595c5-18ef-736f-b04a-eb541c2c7d38,Git: VS Code,DARIAH (S) * ACDH (S),"Getting access to the data on GitLab is different on all three operating systems. This post shows how to use the code editor VS Code with its graphical user interface for working collaboratively in Git with Windows, Mac and Linux.",https://w3id.org/kim/hochschulfaechersystematik/n01,,Data management * Git,en,Lecture,text,,2024-12-18,,,,1.0.0
f4c4a7b7-8685-4ab2-a3fe-211e530be688,"Blackadar, Jeff",CC-BY-4.0,https://doi.org/10.46430/phen0114,Transcribing Handwritten Text with Python and Microsoft Azure Computer Vision,Programming Historian (S) * DARIAH (R),"Handwritten documents are appealing artifacts and a mainstay of research for many historians. Sources such as diaries, letters, logbooks and reports connect historians to writers not only through the writer’s words, but also through their individual writing style. However, research involving large amounts of these documents represents a significant challenge: transcription of documents into digital form makes them more searchable, but hand transcription is very time-consuming. While historians have been able to digitize physical typewritten documents using optical character recognition (OCR), handwriting, with its individual styles, has until recently resisted recognition by computers.

While training a customized handwriting recognition model is possible and sometimes required, it remains very difficult. Fortunately, ready-trained handwriting recognition services are available commercially. Microsoft, Google Cloud Platform and Amazon Web Services are companies that offer handwriting recognition services over the web. These services equip the historian who would like a faster means to transcribe handwritten documents, as long as these documents are legible and in a writing system that is recognizable by the service.

For this lesson, we will use Microsoft’s Azure Cognitive Services to transcribe handwriting. Microsoft’s Azure Cognitive Services can be harnessed to transcribe typed text, handwriting, or a combination of both. It can transcribe diaries, letters, forms, logbooks and research notes. Transcription with Azure Cognitive Services is well documented, but does require some programming, hence this lesson.
Reviewed by:

    Maria Dermentzi
    Megan S. Kane",https://w3id.org/kim/hochschulfaechersystematik/n01,,Python * Automatic Text Recognition,en,Lecture,,,2023-12-06,,,,1.0.0
183d9a1e-97b2-4c8c-a9e2-36bc5f26ef79,"Samaroudi, Myrsini",CC-BY-4.0,https://universityofbrighton.github.io/2023-exhibition-evaluation/,Evaluation of Digital Heritage Experiences,DARIAH (S),"Evaluation is a critical task, given that gathering and making sense of audience feedback enables museum professionals to reflect upon their work, while tracing the impact of organisations’ provision and shaping digital policies and plans.

This resource discusses various approaches and methods to evaluate digital or hybrid interactive experiences, which support the interpretation of heritage assets. The resource also aims to support researchers’ and practitioners’ practical understanding of evaluation methods and tools to capture audiences’ engagement with media and explore technology impact.",https://w3id.org/kim/hochschulfaechersystematik/n01,,Data visualisation * Design Thinking * eHeritage,en,Lecture,,,2023-11-28,,,,1.0.0
df752038-bde0-4643-86f1-59af37689ac5,"Siam, Omar",CC-BY-4.0,https://hdl.handle.net/21.11159/019595c5-18bb-7102-95cc-48b2ae375f7c,Git Version Control via Command Line,DARIAH (S) * ACDH (S),"This post introduces the main concepts in Git and basic Git commands that can be used from the command line. Understanding these commands will help you with using Git in a code editor, the Git desktop and other options, like GitHub online.",https://w3id.org/kim/hochschulfaechersystematik/n01,,Data management * Git,en,Lecture,text,,2024-12-18,,,,1.0.0
2f4db00d-e851-4d6f-9aa5-500c19ff8b2d,"Di Méo, Grace",CC-BY-4.0,https://doi.org/10.46430/phen0115,Creating Interactive Visualizations with Plotly,Programming Historian (S) * DARIAH (R),"Plotly is a company which provides a number of open-source libraries allowing users to build interactive graphs. Unlike static images, Plotly graphs can respond to user actions with popup labels, pan-and-zoom abilities, faceted data displays, and more. Plotly libraries are available in Python — the focus of this tutorial — as well as various programming languages, including R and Julia. A wide variety of graphs is available through Plotly libraries, ranging from the statistical or scientific to the financial or geographic. These graphs can be displayed using various methods, including Jupyter notebooks, HTML files, and web applications produced with Plotly’s Dash framework.

This lesson provides an overview of what Plotly is, why it’s useful, and how it can be used with Python. It also demonstrates the different modules in the Plotly framework (Plotly Express and Plotly Graph Objects) and the methods required to create, edit, and export data visualizations.
Reviewed by:

    Mario Bañuelos
    Rob Lewis",https://w3id.org/kim/hochschulfaechersystematik/n01,,Data visualisation * Python,en,Lecture,,,2023-12-13,,,,1.0.0
80f39ab7-3ef1-4bf0-b1a7-ff030ccbcea2,"Genatowski, Emily * Baille, James",CC-BY-4.0,https://hdl.handle.net/21.11159/019595c5-145b-70bf-bb07-bc71500403ad,Data and Databases: Data Management and Storage,DARIAH (S),"The data you generate in humanities and social science projects may well need longer term storage beyond the scope of your own research project. Medium to long term data storage is vital for allowing other scholars to examine and test your data and models, and ensuring open access to your data is an increasingly prominent issue and at times requirement from public funding bodies in many countries.

Data storage is a major issue for digital projects in our fields. This is the result of a number of technical challenges in the storage of the data, and the often highly specific nature of the data and its structures, as well as significant issues outside the data field itself to do with the allocation of funding and support for archiving and data storage issues. As a result of these issues, it is important to consider during your project what the potential issues might be in storing it for future use and for other scholars, and how you might need to plan your work to take account of these.

    How do you plan for the data to be re-used or re-useable?
    What is being stored, and in what format?
    Who is responsible for the data, and where will it be stored?

We will consider each of these now in more detail throughout this resource.",https://w3id.org/kim/hochschulfaechersystematik/n01,,Data management,en,Lecture,text,,2025-01-09,,,,1.0.0
9f2d11f0-3da0-4f2d-838c-0665e6f3c465,"Ellis-Nilsson, Sara * Marcussen, Eleonor",CC-BY-4.0,https://hdl.handle.net/21.11159/019595c3-4f7d-71cb-8b40-2dabbdd7e39b,"The 6th Digital History in Sweden Conference: Unboxing Digital Methods, Practices and Public Engagement",DARIAH (S),"Whether or not it is a conscious choice, most digital history projects involve, engage, or inform the public in some way. This can be anything from crowdsourcing or creating a digital educational resource, to inadvertently enabling easy access to newly digitized material for everyone – not just researchers. Historians need to be aware of the potential of the digital in the dissemination and collection of historical knowledge, as well as the vital role they play in providing a context for local histories. This conference aims to address this issues.

Fusing the sharing of memories and amateur history-writing online – where it can easily be disseminated – means that historians have started to be more aware of and open to the public’s role in collecting memories and sources, building networks, and enabling cross-border, non-Eurocentric ways of writing history. The internationalization of access to sources and histories leads to academic and amateur historians gaining insights into regions that previously were inaccessible, yet infrastructures for citizen participation remain limited to only a few. In many ways, digital methods, practices, and public engagement put a spotlight on history’s relationship with collective memory and how interactive practices, collaborations, and co-creation affect both the field and the public in general.

In the following talks, selected from the 6th Digital History in Sweden Conference, the learner will gain new perspectives on the use of AI and citizen science in digitization and digital history projects. In addition, the learner will gain insight into the creation and care of digital archives applying postcolonial perspectives.

The conference was organized by the Division of History at the Department of Cultural Sciences, with support from the Centre for Concurrences in Colonial and Postcolonial Studies and Digital Humanities at the Faculty of Arts and Humanities, Linnaeus University, Sweden.

Further information about the conference can be found on the official website.",https://w3id.org/kim/hochschulfaechersystematik/n01,,Artificial Intelligence * Citizen science * Digital Archives * Cultural Heritage,en,Lecture,video,,2025-01-08,,,,1.0.0
e1459f4a-7974-420d-9fe8-ede412c1e889,"Haller, Jane * Dozio, Esaù * Chiquet, Vera",CC-BY-4.0,https://doi.org/10.5281/zenodo.11224325,"Digitization Workflow: Talk with Esaù Dozio, a Curator's View",DARIAH (S),"This podcast produced by virtualculture.ch features a conversation between Jane Haller, president of the Digitales Schaudepot, and Esaù Dozio, curator at the Antikenmuseum Basel. In it they discuss the processes of curating a special exhibition; the perceived advantages and disadvantages between physical and digital exhibitions both in terms of management and curation, and the impact both might have on the public; and what mistakes, missteps and challenges were faced along the way.

As a winning project of the DARIAH Thematic Funding Call 2022-2024 on Workflows, we evaluated a showcase project called “curiositas5.0”, initiated by the Digitales Schaudepot Association (DSD). We conducted interviews to capture voices from the community and provide insight into the different working methods, expertise, and backgrounds of the people collaborating on the curiositas5.0 project, and turned the interviews into podcasts for broadcast.",https://w3id.org/kim/hochschulfaechersystematik/n01,,Cultural Heritage * Augmented reality * Computational Imaging * Data visualisation * Digital Archives * Digital Source Criticism * eHeritage,en,,audio,,2025-01-17,,,,1.0.0
dd925e3a-88a6-48e2-a5dc-1cfc00c07def,"Nyhan, Julianne * Vlachidis, Andreas * Terracciano, Alda * Flinn, Andrew",CC-BY-4.0,https://hdl.handle.net/21.11159/019595c5-1afb-70a2-95f3-0bbe0098bbbf,Innovations for a Unified Digital Collection - The Sloane Lab Journey,DARIAH (S),"This presentation, originally given as part of the DARIAH-EU Friday Frontiers Webinar Series, takes the learner through the journey of integrating Sloane’s historical catalogues and present-day cataloguing systems, driven by insights from a participatory design process and contemporary understandings of cultural heritage collections that emphasise the needs and requirements of decolonised and multivocal heritage. Crucially, the participatory design process has sought to co-create with expert and interested communities, knowledge of the questions that individuals and communities wish to ask of Sloane lab-also in light of the highly problematic nature of Sloane’s collection, having been partly funded through the profits derived from the enslavement of African people and to respond to the historical and epistemic violence via the technical design of the lab. Uniting the Sloane collection serves as a microcosm of the challenges faced in integration of disparate data and mobilisation of historical datasets for facilitating access to extensive knowledge and information held in such a vast and varied collection.

At the core of the Sloane Lab resides the Knowledge Base (KB), which extends CIDOC-CRM with semantics that handle uncertainty, multivocality and modality of the collection (e.g., conflicting data from different records about the same object), data absences (i.e., gaps in the records), the difficulty of classifying objects, and the fact that some of the objects described in the historical catalogues reflect the collector’s language and perspective and that some are now lost. Providing a homogeneous data environment using formal semantics to allow data integration, semantic enrichment, and knowledge discovery across a disparate environment of resources the KB facilitates resourceful query, visualisation, and fact-finding. This presentation provides a rich insight to the design and development of the Sloane Lab knowledge base, the modelling choices, and priorities in relation to semantics and vocabularies and the range of challenges addressed in the process of aggregation in terms of data disparity, integration facility, conflicting information and inconsistency, uncertainty and data absence.",https://w3id.org/kim/hochschulfaechersystematik/n01,,Citizen science * Digital Archives,en,,video,,2025-01-16,,,,1.0.1
b4e0c958-9894-43d6-92ef-54dcf5dd79b4,"Chiquet, Vera * Haller, Jane * Marti, Sorin",CC-BY-4.0,https://doi.org/10.5281/zenodo.11224449,"Digitization Workflow: Talk with Sorin Marti, a Data Steward's Perspective",DARIAH (S),"How do we display data as we want, but still store it as we should? This podcast, produced by virtualculture.ch, offers the data steward’s perspective on digitisation. Sociologist Jane Haller is in conversation with data steward Sorin Marti (based at the Research Infrastructure Support Entity at the University of Basel) about what it means to make data available from the ‘front end’ while still maintaining the data integrity behind the scenes.

As a winning project of the Dariah Theme Call 2022-2024 on Workflows, we evaluated a showcase project called “curiositas5.0”, initiated by the Digitales Schaudepot Association (DSD) intended to assist in planning projects and, above all, avoid unwanted missteps. To capture voices from the community and provide insight into the different working methods, expertise, and backgrounds of the people collaborating on the curiositas5.0 project, we conducted 3 interviews.",https://w3id.org/kim/hochschulfaechersystematik/n01,,APIs * Big data * Controlled Vocabularies * Corpus Analysis * Cultural Heritage * Data modeling * Digital Source Criticism * Digital Archives,en,Lecture,,,2025-01-17,,,,1.0.0
48d9e608-1f64-430a-9f0d-a72544d105da,"Haller, Jane * Meier, Joana * Chiquet, Vera",CC-BY-4.0,https://doi.org/10.5281/zenodo.11224008,"Digitization Workflow: Talk with Joana Meier, a Digital Humanities Student's perspective",DARIAH (S),"What does “curating data stories” mean from a technical and academic perspective? In this podcast, produced by virtualculture.ch, sociologist Jane Haller, president of the Digitales Schaudepot, is in conversation with Joana Meier a Master’s student in Digital Humanities at the University of Basel, working in museum education and digitization. Throughout their conversation, they discuss the processes of data visualisation, and how digitalization has opened up new research questions.

As a winning project of the DARIAH Thematic Funding Call 2022-2024 on Workflows, we evaluated a showcase project called “curiositas5.0”, initiated by the Digitales Schaudepot Association (DSD) intended to assist in planning projects and, above all, avoiding unwanted missteps. To capture voices from the community and provide insight into the different working methods, expertise, and backgrounds of the people collaborating on the curiositas5.0 project, we conducted 3 interviews which were turned into podcasts for wider broadcast.",https://w3id.org/kim/hochschulfaechersystematik/n01,,Cultural Heritage * Data management * Design Thinking * eHeritage,en,,audio,,2025-01-16,,,,1.0.0
6903185b-dcc6-4800-9b37-d384d6f763d9,"Genatowski, Emily * Baille, James",CC-BY-4.0,https://hdl.handle.net/21.11159/019595c5-14eb-74be-9d2d-5cfb249a2472,Data and Databases: Scoping a Database,DARIAH (S),"The scope of a project, as we’re defining it for this class, is basically the answer to the question “what gets into your dataset and what doesn’t”? For database projects in the humanities and social sciences, having a concrete idea of your project scope can be very important.",https://w3id.org/kim/hochschulfaechersystematik/n01,,Data management,en,Lecture,text,,2025-01-27,,,,1.0.0
72a7bbb2-803d-4847-99dd-3a7a5b61dc17,"Rafnsdottir, Heiða",CC-BY-4.0,https://hdl.handle.net/21.11159/019595c5-12f5-70f6-82a5-1f475ef0ec53,Cultural Heritage in a Virtual Fantasy World,DARIAH (S),"A short overview of the journey of an item from 1400-1600 being found in the 19th century, ending up in the National Museum of Iceland. Where it became a part of the museum’s main exhibition for 20 years. In 2023 the item was 3D scanned and gained a new life and purpose within the computer game Island of Winds. In the game there will also be a museum where the item will be on display. But is there a difference between the corporeal museum and the digital one?

Developed within the INTERREG NPA funded project DACCHE: https://linktr.ee/dacche_interreg

Event hosted by the Centre for Digital Humanities and Arts (https://www.mshl.is) and the Gunnar Gunnarsson Institute (https://www.skriduklaustur.is/is/gunnarsstofnun).",https://w3id.org/kim/hochschulfaechersystematik/n01,,Augmented reality * Computational Imaging * eHeritage * Feminism,en,Lecture,,,2025-01-27,,,,1.0.0
24f1db73-eb22-4204-89bb-580712f17c4c,"Blankenship, Avery * Connell, Sarah * Dombrowski, Quinn",CC-BY-4.0,https://doi.org/10.46430/phen0116,Understanding and Creating Word Embeddings,Programming Historian (S) * DARIAH (R),"Word embeddings allow you to analyze the usage of different terms in a corpus of texts by capturing information about their contextual usage. This lesson is designed to get you started with word embedding models. Through a primarily theoretical lens, this lesson will teach you how to prepare a corpus and train a word embedding model. You will explore how word vectors work, how to interpret them, and how to answer humanities research questions using them.

This lesson involves running some Python code: a basic familiarity with Python would be helpful, but no particular technical expertise is required.
Reviewed by:

    Anne Heyer
    Ruben Ros
",https://w3id.org/kim/hochschulfaechersystematik/n01,,Python * Machine Learning * Corpus Analysis,en,Lecture,,,2024-01-31,,,,1.0.0
5b9f2cff-efde-4d63-82f3-25ead9029c5a,"Mogensen, Sunna Björk",CC-BY-4.0,https://hdl.handle.net/21.11159/0195cc28-a430-73df-b1cb-c65b1ddfc501,XR in Thingvellir and Hofsstaðir,DARIAH (S),"Gagarin Interactive has developed extended reality (XR) experiences for several cultural heritage projects in Iceland. Two specific outdoors sites, Thingvellir and Hofsstaðir in Garðabær, where visitors can look into the past are highlighted in this talk. Each site has a different approach for technology used to create the XR experiences. This presentation demonstrates how specific XR technologies have been developed and used at different outdoor cultural heritage sites in Iceland and reflects on how technologies can be adapted to specific circumstances.

Developed within the INTERREG NPA funded project DACCHE: https://linktr.ee/dacche_interreg

This event was hosted by the Centre for Digital Humanities and Arts (https://www.mshl.is) and the Gunnar Gunnarsson Institute (https://www.skriduklaustur.is/is/gunnarsstofnun).",https://w3id.org/kim/hochschulfaechersystematik/n01,,Augmented reality * eHeritage * Design Thinking,en,,video,,2025-01-28,,,,1.0.0
a33ed3ea-41f7-416e-88bb-1160c7ff6185,"Bragason, Þröstur Thor",CC-BY-4.0,https://hdl.handle.net/21.11159/019595c5-15c6-70ab-8475-9fba24a80fecc,"Digital Statues, a Collaborative Project",DARIAH (S) * ACDH (S),"Digital statues (stafrænar styttur) is a collaborative project between the Einar Jónsson museum and EFLA Consulting engineers in Iceland. It received support from “Barnamenningarsjóður” (children’s culture fund) and “List fyrir alla” (art for everyone). The purpose of the project is to bring the Einar Jónsson museum to schoolchildren in a digital form, regardless of their location. This was done by creating exact digital twins of a large number of Einar’s works using photogrammetry and other scanning techniques. The museum has also prepared studyguides that teachers can use free of charge.

Developed within the INTERREG NPA funded project DACCHE: https://linktr.ee/dacche_interreg

Event hosted by the Centre for Digital Humanities and Arts (https://www.mshl.is) and the Gunnar Gunnarsson Institute (https://www.skriduklaustur.is/is/gunnarsstofnun).",https://w3id.org/kim/hochschulfaechersystematik/n01,,eHeritage * Computational Imaging * Citizen science,en,Lecture,,,2025-01-27,,,,1.0.0
3336e086-ff9e-4e79-b68d-13de67215c11,"Chagué, Alix * Scheithauer, Hugo",CC-BY-4.0,https://hdl.handle.net/21.11159/019595c5-1062-769a-aa81-caaa9ae837b7,Automatic Text Recognition (ATR) - Layout Analysis,DARIAH (S),"This session presents all the steps need for layout analysis, especially region or line segmentation, use of controlled vocabularies and choice of an output format. It also provides guidance in the choice of a specific solution depending on the project’s shape and purpose.

This is the English version of this training module. The video is available with English, French and German subtitles.

Si vous souhaitez accéder à la version française du module, rendez-vous ici.

Die deutsche Version der u.s. Lerneinheit ist hier verfügbar.",https://w3id.org/kim/hochschulfaechersystematik/n01,,Editing tools * Automatic Text Recognition * Machine Learning,en,Lecture,text * image,,2025-01-29,,,,1.0.0
4846e2a7-d0cb-47bc-9557-8b0b0aa9ccb3,"Will, Larissa * Souvay, Hippolyte",CC-BY-4.0,https://hdl.handle.net/21.11159/019595c5-1090-773b-aef5-c08ee0e529f4,Automatic Text Recognition (ATR)- Pre-Processing and Image Optimisation,DARIAH (S),"This tutorial is dedicated to image optimisation as part of pre-processing. It covers the scanning process and what you need to be aware of while engaged in it. It looks at the possible image pre-processing steps such as cropping or dewarping as well as the potential difficulties that can arise in the pre-processing stage.

This is the English version of this training module. The video is available with English, French and German subtitles.

Si vous souhaitez accéder à la version française du module, rendez-vous ici.

Die deutsche Version der u.s. Lerneinheit ist hier verfügbar.",https://w3id.org/kim/hochschulfaechersystematik/n01,,Automatic Text Recognition * Editing tools * Machine Learning,en,Lecture,text * image,,2025-01-28,,,,1.0.0
9b33ad09-b916-4554-8864-966c6e44b927,"Busch, Anna * Lassner, David * Plzáková, Aneta",CC-BY-4.0,https://hdl.handle.net/21.11159/019595c4-2c37-7079-8d74-3463a9b31b3b,Automatic Text Recognition (ATR) - Where and How to Get Images,DARIAH (S),"In this tutorial, you learn about the typical methods for obtaining high-quality scanned images, setting the stage for successful text recognition processes. It outlines obtaining digital copies from archives, digitisation needs, and copyright considerations. It also covers using online resources like Google Books and Internet Archive while navigating public domain copyright issues. Lastly, it highlights the Heritage Data Reuse Charter for collaboration between cultural heritage institutions and researchers.

This is the English version of this training module. The video is available with English, French and German subtitles.

Si vous souhaitez accéder à la version française du module, rendez-vous ici.

Die deutsche Version der u.s. Lerneinheit ist hier verfügbar.",https://w3id.org/kim/hochschulfaechersystematik/n01,,Editing tools * Machine Learning * Automatic Text Recognition,en,Lecture,text * video,,2025-01-29,,,,1.0.0
768d1e21-4392-46aa-b865-7fe0b7bc8136,"Chiffoleau, Floriane * Ondraszek, Sarah",CC-BY-4.0, https://hdl.handle.net/21.11159/019595c5-1034-7337-8bb9-5543466e882b,Automatic Text Recognition (ATR) - End Formats and Reusability,DARIAH (S),"This session is dedicated to the reusability of the output of an ATR pipeline. It synthesises the output formats and draws on them for a presentation of reuse options in the spirit of Open Science.

This is the English version of this training module. The video is available with English, French and German subtitles.

Si vous souhaitez accéder à la version française du module, rendez-vous ici.

Die deutsche Version der u.s. Lerneinheit ist hier verfügbar.",https://w3id.org/kim/hochschulfaechersystematik/n01,,Automatic Text Recognition * Editing tools * Machine Learning,en,Lecture,text * video,,2025-01-29,,,,1.0.0
96c9dac2-97f2-406d-a79a-dae5daeeb997,"Chiffoleau, Floriane * Ondraszek, Sarah",CC-BY-4.0,https://hdl.handle.net/21.11159/019595c5-10bc-76da-97f2-08c40c70432e,Automatic Text Recognition (ATR) - Text Recognition and Post-ATR Correction,DARIAH (S),"This resource recaps Automatic Text Recognition (ATR) process and concentrates on how to correct output from ATR pipelines. The last part is dedicated to open-source tools available for post-ATR correction.

This is the English version of this training module. The video is available with English, French and German subtitles.

Si vous souhaitez accéder à la version française du module, rendez-vous ici.

Die deutsche Version der u.s. Lerneinheit ist hier verfügbar.",https://w3id.org/kim/hochschulfaechersystematik/n01,,Automatic Text Recognition,en,Lecture,,,2025-01-29,,,,1.0.0
5524a241-a153-45c1-aa4e-84a7df5770e6,"Williams, Mita",CC-BY-4.0,https://doi.org/10.46430/phen0118,Designing a Deck of Timeline Cards for Tabletops and Tabletop Simulator,DARIAH (S),"Just as authors or publishers use word processors to create printed books, designers of tabletop games regularly use digital tools to create paper prototypes of their work. This tutorial will introduce you to two of these specialized digital tools: Andrea Nini’s nanDECK and Tabletop Simulator.

This tutorial will show how students can create their own digital versions of games using the chronology building mechanic popularized by Frederic Henry’s commercial game, Timeline.

This lesson demonstrates how to use nanDECK to design and publish your own deck of printed or digital playing cards, and use them to test a group’s knowledge of historical events through a Timeline-like game mechanic. This lesson will also highlight best practices for handling digitized historical objects.
Reviewed by:

    Chris Young
    Adam Porter
",https://w3id.org/kim/hochschulfaechersystematik/n01,,Open access * Data visualisation * eHeritage,en,Lecture,,,2024-03-18,,,,1.0.0
47a9c717-eb40-49cd-a9be-d55e1368c3d2,"Genatowski, Emily * Baille, James",CC-BY-4.0,https://hdl.handle.net/21.11159/019595c5-14b7-750b-833b-cc9b9d1a8987,Data and Databases: From Source to Data,DARIAH (S),"Humanities and social scientific data is fundamentally different in type to a great deal of data available in the sciences. Understanding your data, and therefore the basis upon which you can handle it, is fundamental to the process of database creation.

In this resource, we will look at some generic issues around humanities data and its reliability, and then some examples of the sorts of data you may be dealing with. This is not intended to be an absolute guide to all possible issues –many of those will come from the specifics of your project –but this resource will provide some general starting points for you to consider when looking at your data and how you could use it in a database.",https://w3id.org/kim/hochschulfaechersystematik/n01,,Data management,en,Lecture,text,,2025-01-29,,,,1.0.0
be65b632-1ff6-47ab-9c6c-7e22cce4fcee,"Goodale, Ian",CC-BY-4.0, https://doi.org/10.46430/phen0121,"Analyzing Multilingual French and Russian Text using NLTK, spaCy, and Stanza",Programming Historian (S) * DARIAH (R),"Many of the resources available for learning computational methods of text analysis focus on English-language texts and corpora, and often lack the information which is needed to work with non-English source material. To help remedy this, this lesson will provide an introduction to analyzing non-English and multilingual text (that is, text written in more than one language) using Python. Using a multilingual text composed of Russian and French, this lesson will show how you can use computational methods to perform three fundamental preprocessing tasks: tokenization, part-of-speech tagging, and lemmatization. Then, it will teach you to automatically detect the languages present in a preprocessed text.

To perform the three fundamental preprocessing steps, this lesson uses three common Python packages for Natural Language Processing (NLP): the Natural Language Toolkit (NLTK), spaCy, and Stanza. We’ll start by going over these packages, reviewing and comparing their core features, so you can understand how they work and discern which tool is right for your specific use case and coding style.
Reviewed by:

    William Mattingly
    Merve Tekgürler",https://w3id.org/kim/hochschulfaechersystematik/n01,,Python * Data management,en,Lecture,text,,2024-11-13,,,,1.0.0
ff25737c-bc32-4f5b-ab5f-b85f094a8f9a,"Grunewald, Susan * Mostern, Ruth",CC-BY-4.0,https://doi.org/10.46430/phen0117,Working with Named Places: How and Why to Build a Gazetteer,Programming Historian (S) * DARIAH (R),"This lesson teaches you how to leverage the power of digital gazetteers, which are essential resources for spatial history. Unlike maps, gazetteers can readily connect named spatial entities with one another and with their modern locations, and they make it easy to annotate any identified place with information about texts, events, people, or other places that have been associated with it.

This lesson will demonstrate how to build a digital gazetteer, starting with a simple spreadsheet that you can build into Linked Open Data resources to communicate with other projects.
Reviewed by:

    Vincent Ducatteeuw
    Andrew Janco
",https://w3id.org/kim/hochschulfaechersystematik/n01,,Data management * Linked Open Data * Spatial humanities,en,Lecture,,,2024-03-27,,,,1.0.0
42cd1848-824e-4a62-880d-987deff48d3e,"Wermer-Colan, Alex * Lemire Garlic, Nicole * Antsen, Jeff",CC-BY-4.0,https://doi.org/10.46430/phen0120,Text Mining YouTube Comment Data with Wordfish in R,Programming Historian (S) * DARIAH (R),"This lesson will introduce readers to a method for conducting research on internet discourse by performing data analysis on comments posted under YouTube videos by viewers.

You will learn how to download YouTube video comments and analyze their textual data using the natural language processing algorithm Wordfish. Designed for scaling textual data using unsupervised machine learning, Wordfish brings into relief the salient dimensions of latent meaning within a corpus.

This lesson will guide you through three key phases of 1) data collection, 2) data preparation (cleaning and modeling), and 3) data analysis (including generating visualizations).
Reviewed by:

    Janna Joceli Omena
    Heather Lang",https://w3id.org/kim/hochschulfaechersystematik/n01,,Data management * Data visualisation,en,Lecture,,,2024-08-07,,,,1.0.0
365c3e97-30e2-4d2f-afcf-aaff0df008b6,"Goldberg, Charles * Haala, Zach",CC-BY-4.0,https://doi.org/10.46430/phen0119,Facial Recognition in Historical Photographs with Artificial Intelligence in Python,Programming Historian (S) * DARIAH (R),"This lesson is meant as an introductory exercise in applying computer vision machine learning to historical photos. You’ll learn computer vision and machine learning principles for object recognition, and how to apply these principles using Python to recognize and classify smiling faces in historical photographs. This lesson will also serve as an introduction to some of the ethical issues posed by the use of AI in the study of photographs, particularly those implicating race and gender.

Scholars from two broad perspectives may find this tutorial of interest. First, historians engaging with large visual corpora in their research may find computer vision and object recognition valuable. Second, this tutorial is meant to provide an introductory lesson in how computational analysis of large visual collections can aid in curating and organizing large digital collections.
Reviewed by:

    Steven Verstockt
    Daniel van Strien
",https://w3id.org/kim/hochschulfaechersystematik/n01,,Python * Machine Learning,en,Lecture,,,2024-06-25,,,,1.0.0
2ad32607-d3ab-4bd1-ae3c-e45fea1c1e99,"Beine, Julia Jennifer * Börner, Ingo * Buschenhenke, Floor * Çakir, Dîlan Canan * Carloni, Massimiliano * Dijkstra, Anna * Ďurčo, Matej * Fischer, Frank * Garnett, Vicky * Hoover, Sarah * Illmer, Victor J. * Kunda, Bartłomiej * Milling, Carsten * Plank, Lukas * Rohe, Jonas * Schöch, Christof * Tonra, Justin * Trilcke, Peer * Wiederänders, Maria * Woldrich, Anna * Wünsche, Katharina",CC-BY-4.0,https://hdl.handle.net/21.11159/0196241c-c361-76ce-a1b5-6fdd17d0d776,ExploreCor - Using Programmable Corpora in Computational Literary Studies,DARIAH (S) * CLS INFRA (S),"For Computational Literary Studies, one research object has proven to be of particular relevance that hardly plays a role in traditional literary studies: the corpus. In this introduction to the “ExploreCor” Training School, we will firstly reflect on working with literary corpora in Computational Literary Studies.",https://w3id.org/kim/hochschulfaechersystematik/n01,,Linked Open Data * Python * Semantic Web * Corpus Analysis,en,Lecture,video,,2025-04-09,,,,1.0.1
a3992f9f-9bae-4b8f-90fd-4b5f234c8925,"Gouzi, Françoise * Tasovac, Toma",CC-BY-4.0, https://hdl.handle.net/21.11159/019595c5-1922-733c-a95d-d3234d104345,"Gold, Green, Diamond: What You Should Know About Open Access Publishing Models",DARIAH (S),"The Open Access (OA) movement is quite complex: it involves diverse principles, models, and policy frameworks. The goal of this tutorial is to introduce learners to the origins and evolution of Open Access and provide insights into its objectives and global impact.",https://w3id.org/kim/hochschulfaechersystematik/n01,,Open science,en,Lecture,text,,2025-02-08,,,,1.0.0
7d09f9b5-11a8-4aa4-9043-e9c3389996cc,"Edmond, Jennifer * Lima, Eleonora",CC-BY-4.0,https://hdl.handle.net/21.11159/0196c3cc-dd7d-746a-8586-3883cf8523be,When Applied and Critical Digital Humanities Meets Democracy: the KT4D Project,DARIAH (S),"The Knowledge Technologies for Democracy (KT4D) project is investigating how democracy and civic participation can be better facilitated in the face of rapidly changing knowledge technologies – namely Artificial Intelligence (AI) and Big Data – to enable actors across society to capitalise on the many benefits these technologies can bring in terms of community empowerment, social integration, individual agency, improving trust in both institutions and technological instruments while also identifying and mitigating potential ethical, legal and cultural risks. 

Though its broad partner consortium includes many social scientists, SMEs and NGOs, the project was distinctively conceived of and is led from the perspective of the critical digital humanities, which, with its balanced traditions of cultural critique and technical building, offers new opportunities to provide alternatives to the techno-solutionism defined by one scholar as “portraying technologies as a substitute for political decisions and as a model for politics so commonly applied to complex problems in the 21st Century.” (Ferrari, 2020).

Throughout its activities, KT4D brings precisely this balance of technological acumen and humanistic criticality to its approach to facilitating more productive interactions between AI, big data and democracy.  In particular this presentation will focus on how the project integrates humanistic knowledge, values, and modes of interaction to expand our notion of digital humanities work, and of the future of civic participation in a technologised world.

Subtitles for this video were provided by Áine Foley.",https://w3id.org/kim/hochschulfaechersystematik/n01,,Artificial Intelligence * Big data * Digital Source Criticism,en,Lecture,video,,2025-05-12,,,,1.0.1
bf975160-9549-4d12-8db9-6b3746686fca,"Schreibman, Susan * Papadopoulos, Costas",CC-BY-4.0,https://hdl.handle.net/21.11159/0196390e-d98b-74fc-a420-39ec8d0c2464,Visualising Knowledge: 3D Digital Editions and Their Scholarly Potential,DARIAH (S),"Scholarship in three dimensions can transcend the limitations of traditional two-dimensional representations of objects that exist in the physical world in three dimensions. It has the ability to provide users (both researchers and the public) with immersive and interactive experiences, enhancing their study and interpretation. This is true for 3D representations of individual objects and for more complex reconstructed scenes. 

3D Digital Scholarly Editions add a contextualising layer of scholarship to the model: scholarship that has been possible for several decades for text-based editions. The contextualising possibilities share much with traditional digital scholarly editions in terms of textual annotation and apparatus, but it also has the possibility of, not only incorporating multimodal annotation (images, video, as well as other models), but annotation that is 3D-specific, such as tools for measurement, for views into the model, the use of textures and colours to represent reconstruction and hypothesis.

The presenters of this talk, Prof. Susan Schreibman and Dr. Costas Papadopoulos, have been addressing these challenges and potential through two interrelated projects: PURE3D which is developing an infrastructure for the development and publication of 3D Digital Scholarly Editions, and OPER3D which is exploring Open Publication and Peer Review for 3D Scholarship. As such, this talk will also consider issues related to data preservation, standardisation, as well as issues around the publication and peer review of 3D DSEs. This presentation showcases the scholarly potential of 3D DSEs, advocating for their adoption as a new tool in the DH toolkit for new formats for the dissemination and interrogation of knowledge.",https://w3id.org/kim/hochschulfaechersystematik/n01,,Augmented reality * Data visualisation * Scholarly editions * eHeritage,en,Lecture,video,,2025-04-15,,,,1.0.0
cbb29931-c821-4b29-9301-89791f7ba433,"Carrigan, Mark",CC-BY-4.0, https://hdl.handle.net/21.11159/0198519a-f9bf-73ae-a8bd-0b9662f7b78d,Thinking With Machines: How Academics Can Use Generative AI Thoughtfully and Ethically,DARIAH (S),"The emergence of ChatGPT and other generative AI tools presents both opportunities and challenges for academia. While these technologies offer powerful capabilities to support scholarship, their thoughtless adoption could undermine the very foundations of academic work. This talk introduces a framework for incorporating generative AI into academic practice in ways that enhance rather than replace human thought. Drawing on extensive practical experience, it demonstrates how conversational agents can serve as intellectual interlocutors rather than mere productivity tools, while examining the broader implications of these developments for the future of universities.

Dr Mark Carrigan FRSA FHEA is a Senior Lecturer in Education at the University of Manchester where he is programme director for the MA Digital Technologies, Communication and Education (DTCE) and co-lead of the DTCE Research and Scholarship group. Trained as a philosopher and sociologist, his research aims to bridge fundamental questions of social ontology with practical and policy interventions to support the effective use of emerging technologies within education. He has written or edited eight books, including Social Media for Academics, published by Sage and now in its second edition. His latest book ‘Generative AI for Academics’ was released by Sage in December 2024. He jointly coordinates the Critical Realism Network while being active in the Centre for Social Ontology and a trustee of the Centre for Critical Realism. He is a board member for a range of publications, including Civic Sociology, the Journal of Digital Social Research and Globalisation, Societies and Education.

Subtitles for this video were provided by Áine Foley.",https://w3id.org/kim/hochschulfaechersystematik/n01,,Artificial Intelligence,en,Lecture,video,,2025-07-28,,,,1.0.0
feb52836-1483-4267-af59-113bd17b8e5b,"Bardiot, Clarisse",CC-BY-4.0,https://hdl.handle.net/21.11159/01971d25-12a9-759d-aeeb-e5ea7ac4432b,Performing Arts Studies and Digital Humanities,DARIAH (S),"What connects analysing the creative process of a performance using 20,000 collected digital documents, reconstructing an artist’s career from programme data, and preserving a touring show? The answer lies in digital traces – one of the most significant challenges for the memory of performing arts. In this Friday Frontiers webinar, Prof. Clarisse Bardiot explores the intersection of performing arts studies and digital. Following a state-of-the-art review of research in performing arts and digital humanities (literature, history, and representation analysis), the webinar addresses current challenges, including data modelling, multimodal analysis, and artificial intelligence. From preserving performances to studying creative processes and building new historiographical methods, the digital transformation reshapes how we understand and document performing arts.

Subtitles for this video provided by Áine Foley.",https://w3id.org/kim/hochschulfaechersystematik/n01,,Performing Arts * Artificial Intelligence * Data management * Data modeling,en,Lecture,video,,2025-05-29,,,,1.0.1
d929825f-3a62-49f6-b4a5-a691b5409b74,"Beelen, Kaspar * Bushnell, Megan * Morcos, Hannah",CC-BY-4.0,https://reshaped.sas.ac.uk/course/view.php?id=94,Digital Approaches to Textual Analysis Course,DARIAH (S),"Have you ever wondered how digital technologies could help with the analysis of texts whether it is a single text or a large corpora? Rapid developments in the field mean that these technologies are easier to use and more readily available than ever before. This free online course provides a practical introduction to working with digital texts and applying some of the tools available to digitise and interrogate them. The course is divided into the three strands: Core Concepts, Applications and Workflows; Preparing Texts for Analysis; and Analysing Digital Texts. It will help you to decide whether and how to use digital approaches to textual analysis and to select the correct tools for your research project. 

The course is fully asynchronous and while it does not include any formal assessment, you will receive a certificate upon completion of the course materials. The course is hosted on the School of Advanced Study’s RESHAPED research training platform for the humanities and you will need to create a free account in order to track your learning and receive a certificate of completion.",https://w3id.org/kim/hochschulfaechersystematik/n01,,TEI * Automatic Text Recognition * Big data * Corpus Analysis,en,Lecture,,,2025-05-01,,,,1.0.0
0f7beec5-2ec8-4a68-aede-e7657cd456b5,"Buschenhenke, Floor",CC-BY-4.0,https://hdl.handle.net/21.11159/01990b1b-2502-75ea-bcce-eef03e96aa63,R you Ready? Data analysis in R,DARIAH (S),"This tutorial demonstrates the building blocks of quantitative data analysis in the programming language R. We will introduce Rstudio, a free programme (IDE) in which you can create and run R scripts. The dataset we will explore comes from the Dutch National Readers’ Survey, in which readers’ judgements on 401 novels were captured. This dataset is wrapped in an R package called litRiddle.

To make the most of this tutorial, I encourage you to first download R and Rstudio, and then open this file in Rstudio. That way, you can try out the code for yourself, work through the exercises and modify the code when you take the next step of applying your new knowledge to your own data and your own research questions.",https://w3id.org/kim/hochschulfaechersystematik/n01,,Data visualisation * Corpus Analysis,en,Lecture,text,,2025-09-02,,,,1.0.0
8addf75b-4f4a-4237-859e-70114ca1e755,"Skorinkin, Daniil",CC-BY-4.0,https://hdl.handle.net/21.11159/019a932b-e345-7348-b010-83303d4adc9c,Introduction to Network Analysis in the Humanities,CLS INFRA (S) * DARIAH (R),"The first part of the event covers the basic concepts of network analysis, including:
what a network (graph) is, network nodes and edges, network centralities, structural properties of networks, and their interpretation in a humanities research context.
It also provides examples of literary networks based on dramatic texts from various European literatures (German, English, Russian).

After completing this resource, learners will be able to:

    Acquire basic skills in network analysis, including an understanding of key concepts (network nodes, network edges) and metrics (network centralities, network density, clustering properties).\
    Compare networks based on their structural properties (e.g. network density, clustering coefficient) and compare individual nodes based on different centrality measures (degree, betweenness, eigenvector, closeness).",https://w3id.org/kim/hochschulfaechersystematik/n01,,Data modeling * Data visualisation,en,Lecture,video,,2025-11-17,,,,1.0.0
9701b430-1583-437d-8a0b-f8c83217ac9a,"Cannelli, Beatrice * Mello, Caio * Wells, Naomi * Winters, Jane",CC-BY-4.0,https://reshaped.sas.ac.uk/course/view.php?id=32,Born-Digital Research in the Humanities Course,DARIAH (S),"This free online course is designed to equip humanities researchers and practitioners at all career stages with the knowledge needed to engage with the new research challenges and opportunities associated with the rapid expansion of born-digital materials and archives in the 21st century. The course will introduce key concepts associated with digital culture and born-digital archives and provide an overview of key ethical and legal issues involved in born-digital research. The course also includes a range of research examples and hands-on activities that will provide researchers with a critical and practical understanding of different methods and approaches for collecting and analysing born-digital materials. 

The course is fully asynchronous and while it does not include any formal assessment, you will receive a certificate upon completion of the course materials. The course is hosted on the School of Advanced Study’s RESHAPED research training platform for the humanities and you will need to create a free account in order to track your learning and receive a certificate of completion.",https://w3id.org/kim/hochschulfaechersystematik/n01,,Cultural Heritage * APIs * Digital Archives * Multimodality * Natural Language Processing,en,Lecture,,,2025-05-01,,,,1.0.0
1e4047c2-f71d-4edf-b34d-7d7fc9f82204,"Plutniak, Sébastien * Caron-Laviolette, Élisa",CC-BY-4.0,https://hdl.handle.net/21.11159/019aa20a-34b6-7768-996b-905513d8e5d5,Fostering Data Sharing in the Humanities with Open-source software: archeoViz and the archeoViz Portal for Spatial and Statistical Exploration of Archaeological Data,DARIAH (S),"Incentives and advocacy of open science principles have spread for more than two decades in the social sciences and humanities. Although there have been obvious improvements during this period, the current situation is far from satisfying. In archaeology, for example, despite the long-standing interest in this field for database-systems, recent literature highlights several barriers to the availability of field data: 1) the absence of user-friendly tools, 2) a lack of data management training, 3) limited time to prepare data for publication, and 4) insufficient recognition of data publishing efforts. To address these issues, the “archeoViz” application offers a solution as an open-source stand-alone application for visualising and statistically exploring spatialised archaeological data. It is complemented by the “archeoViz Portal”, an interactive catalogue of “archeoViz” use-cases (https://analytics.huma-num.fr/archeoviz/home).  Ultimately, the “archeoViz” ecosystem facilitates data sharing and the visual restitution of archaeological findings, benefiting scientists and the general public alike.

In this presentation, taking archaeology as a case study, the underlying principles of the “archeoViz”  ecosystem will be presented and illustrated, to fuel a more general discussion about the advocacy of open science principles in the social sciences and humanities.",https://w3id.org/kim/hochschulfaechersystematik/n01,,Data visualisation * Spatial humanities,en,Lecture,video,,2025-11-20,,,,1.0.0
d4be793d-0921-46e2-87a5-8c2ba66a88cc,"Wünsche, Katharina",CC-BY-4.0,https://hdl.handle.net/21.11159/019a9c7d-d6fa-71be-b2e7-9341de55a98d,Introduction to Linked Open Data,ACDH (S) * CLS INFRA (S),"This resource gives a very short introduction to the basic concepts of the Semantic Web and Linked Open Data (LOD), including a crash course in SPARQL, a query language for LOD. This will be followed by a hands-on part applying SPARQL on the data in the CLSCor Catalogue.",https://w3id.org/kim/hochschulfaechersystematik/n01,,Linked Open Data,en,Lecture,text,,2025-11-19,,,,1.0.0
866e526e-2d86-41b7-9cd6-17b1812b1aeb,"Felicetti, Achille",CC-BY-4.0,https://hdl.handle.net/21.11159/019b11b9-b194-77d7-97da-36a20f9becb5,Heritage Digital Twins: A Semantic Approach to Cultural Knowledge,ARTEMIS (S) * DARIAH (R),"In this resource, the first video resource on the Digital Twin and Reactive Heritage Digital Twin (RHDT) Concept, Achille Felicetti (ARIADNE RI) introduces the conceptual foundations of the RHDT model and illustrates the role of its ontological structure in building a coherent and interoperable semantic-enabled knowledge base for heritage assets. He illustrates the key principles of semantic modelling and explains how ontologies, particularly those derived from the CIDOC CRM family, enable the representation of complex relationships between objects, processes, and digital services. This resource also illustrates how RHDT applies these principles to create a reactive, knowledge-driven digital environment, where data from monitoring, analysis, and simulation are integrated and contextualised within a unified semantic view. Finally, the session underlines how ontological reasoning can assist preventive conservation, risk evaluation, and adaptive management of cultural entities.",https://w3id.org/kim/hochschulfaechersystematik/n01,,Cultural Heritage * Ontologies * Data modeling,en,Lecture,text,,2025-12-12,,,,1.0.0
90b8c87a-a29e-4e34-95ca-50c094067803,"Maietti, Federica",CC-BY-4.0,https://hdl.handle.net/21.11159/019b11b9-a40a-762f-bc36-be4864fa4791,"Digitisation in Heritage: for Conservation, Risk Prevention and Simulation",ARTEMIS (S) * DARIAH (R),"In this contribution, the second video resource in the ARTEMIS project learning series, Federica Maietti (Inception) introduces the relevance of heritage digitisation in relation to risk management and prevention in simulation, restoration, and conservation processes. She provides background knowledge in applying digital tools for cultural heritage. First, she will highlight the risks and issues that currently affect cultural heritage, followed by discussing the most important guidelines and reference documents and policies surrounding heritage risk management and best practices. Second, she will address the needs that digital technologies must meet and showcase what ARTEMIS has to offer in terms of monitoring, managing, simulating and evaluating heritage at risk through the Reactive Heritage Digital Twin (RHDT) framework.",https://w3id.org/kim/hochschulfaechersystematik/n01,,Cultural Heritage,en,,video,,2025-12-12,,,,1.0.0
9e5e6c6e-4be3-4d6b-841b-cb4dee644fc1,"Kwok, Jenny",CC-BY-4.0, https://hdl.handle.net/21.11159/019bbda8-86a1-738e-9e8a-7d7a15b159fb,"Retrieving Context, Re-centring Interpretation: AI Hermeneutics and the Democratisation of Reading",DARIAH (S),"In digital humanities, retrieval technologies have always mediated how we read, from concordances to search engines. With the advent of large language model and retrieval-augmented generation (RAG) which was made available by the former, interpretation itself becomes procedural: machines now arguably perform a version of the critic’s movement between evidence and hypothesis, inviting debates and questions on the way (literary) reading might have been changed or even challenged. This talk introduces AI hermeneutics, an approach that treats RAG not as automation but as interpretive infrastructure, opening up an opportunity to integrate AI into the existing reading experience.

Drawing on experiments with the Conflict Archive on the Internet and conflict-era poetry, the  project explores how retrieval systems can surface overlooked cultural memory while foregrounding the ethical boundaries of machine reading. It demonstrates how model “(mis-)readings” reveal the biases and expectations embedded in both human and computational interpretation.

This talk also considers questions of accessibility and sustainability: how lighter, discipline-specific models and transparent documentation can democratise advanced AI methods for scholars without extensive computing resources and its challenges. By reframing retrieval as a human-machine dialogue, AI hermeneutics invites the digital humanities community to see algorithmic mediation not as a threat to interpretation but as an opportunity to make the labour of reading visible and rewarded again.

This webinar was delivered as part of the DARIAH Friday Frontiers Autumn series 2025. The video was edited by Vicky Garnett, and the subtitles were provided by Áine Foley.",https://w3id.org/kim/hochschulfaechersystematik/n01,,Augmented reality * Artificial Intelligence,en,Lecture,video,,2026-01-14,,,,1.0.0
67e7d5fa-1d09-404a-aace-1b1a8675b51e,"Dritsou, Vicky",CC-BY-4.0, https://hdl.handle.net/21.11159/019b11b9-b9dd-76b8-8eda-4a1028dd08fe,Semantic and Interoperable Digital Models: Enabling the Reactive Heritage Digital Twin Framework,ARTEMIS (S) * DARIAH (R),"This resource offers a practical introduction to building semantic and interoperable digital models for Reactive Heritage Digital Twins (RHDTs) and the respective framework. Using a fictional Temple of Athena as a running example, it explains how diverse cultural heritage information, including documentation, heritage science observations, 3D models, simulations and risks, can be expressed through a coherent set of ontology modules.

The video presents the core principles of the Reactive Heritage Digital Twin Ontology (RHDTO) and its CIDOC-CRM aligned modules, showing how these structures enable interoperability across domains and support reasoning within the ARTEMIS Knowledge Base that is developed in the ARTEMIS project. Also, the resource explains how digital representations evolve through transformations, how scientific and environmental observations are captured semantically, and how simulation and risk information contribute to predictive behaviours in the Reactive Heritage Digital Twin.",https://w3id.org/kim/hochschulfaechersystematik/n01,,Ontologies * Cultural Heritage,en,Lecture,video,,2025-12-12,,,,1.0.0
808c161a-b517-40d9-b55e-c210174d53d2,"Leitner, Bettina * Ziagos, Sandra",CC-BY-4.0,https://hdl.handle.net/21.11159/019c9f53-b7b2-76e0-8081-274f529c3bd8,Introduction to ELAN,ACDH (S) * DARIAH (R),"This course introduces learners to the annotation tool Eudico Linguistic Annotator (ELAN), developed at the Max Planck Institute for Psycholinguistics and the FieldWorks Language Explorer (FLEx), a tool to build your own dictionary. ELAN supports transcribing, annotating and visualising audio and video material. It is designed to create layered or tiered transcriptions. The number of annotations is unlimited and can include anything from translation, comments or feature descriptions. ELAN is a free, open-source tool and runs on various operating systems.",https://w3id.org/kim/hochschulfaechersystematik/n01,,Training and education * annotation * Multimodality,en,Lecture,video,,2026-01-27,,,,1.0.0
9b4bd852-374c-4f77-9abb-7bd31842f702,"Niccolucci, Franco",CC-BY-4.0,https://hdl.handle.net/21.11159/019c9f56-cc29-713d-95fa-f8f3e51f7f0a,The ARTEMIS Project,ARTEMIS (S) * DARIAH (R),"This resource offers an introduction to the ARTEMIS project by its scientific coordinator, Franco Niccolucci. The video resource illustrates the main concepts of ARTEMIS: the Heritage Digital Twin (HDT) and its concept, the ARTEMIS ontology, the project Knowledge Base (KB) and how to integrate data in the KB by aggregating external repositories. In addition, the Reactive Heritage Digital Twin (RHDT) is introduced and how it can serve the professional conservation, restoration and research in cultural heritage community. Its potential is in simulating reactive data and how the pilots that the project creates, illustrate this potential. Finally the talk explains the use of AI, and suggests possible research collaborations.",https://w3id.org/kim/hochschulfaechersystematik/n01,,Project management * Cultural Heritage,en,Lecture,video,,2026-01-26,,,,1.0.0
7b99b289-c927-4f11-b77c-e14608f42027,"Gigliarelli, Elena * Verticchio, Elena * Calcerano, Filippo * Alexandrou, Kristis * Cannizzaro, Francesco * Artopoulos, Georgios * Cangi, Giovanni * Martinelli, Letizia * Cursi, Stefano * Cessari, Luciano * GIiuffrè, Margherita * Leonardi, Maria Laura * MicheleCalvano * Azenha, Miguel",CC-BY-4.0,https://hdl.handle.net/21.11159/019c9f53-c7a4-7318-8638-51a497c2de70,International Workshop and Training Camp on “Digital Integrated Strategies to Safeguard Heritage Construction Technologies”,DARIAH (S),"The following video shows the field activities taking place during the workshop in ancient Poggioreale including the Survey Planning of Poggioreale (SLAM Survey), the Urban Analysis and the Field analysis of structural failures in relation to building types and construction techniques.",https://w3id.org/kim/hochschulfaechersystematik/n01,,Data visualisation * Cultural Heritage * Data modeling * Data management * Knowledge Representation,en,Lecture,video,,2026-02-24,,,,1.0.0
522c30d8-c282-4ed2-bbfd-dd52f85fba9d,"Rodríguez, Esperanza * Wiering, Frans * Lewis, David * Plaksin, Anna",CC-BY-4.0, https://hdl.handle.net/21.11159/019c9f57-05c2-7205-9369-d6cc94f8fe6d,Building Corpora of Digital Early Music Editions: Challenges and Opportunities,DARIAH (S),"This webinar shows results from the CORSICA (Creation of Early Music Corpora) project. This initiative, growing from the EarlyMuse COST action, is directed by Frans Wiering (Universiteit Utrecht), with the participation of researchers from Spain, the Netherlands, the UK, Germany, Austria, and Sweden. The project sprang from the need to create a large corpus of early music data, coherently encoded and curated data that could be used for computer analysis, facilitating big-data studies. Hence, the research aims to improve the number of available corpora of Renaissance music by devising protocols to create collections of digital editions and, equally important, to facilitate the reuse of a sizeable number of editions produced by myriad “citizen scientists” without much systematisation.

Subtitles for this video were provided by Áine Foley.",https://w3id.org/kim/hochschulfaechersystematik/n01,,Corpus Analysis * Scholarly editions * Citizen science,en,Lecture,video,,2026-02-23,,,,1.0.0
