DALIA_ID,Authors,License,Link,Title,Community,Description,Discipline,FileFormat,Keywords,Language,LearningResourceType,MediaType,ProficiencyLevel,PublicationDate,TargetGroup,RelatedWork,Size,Version
47198d1d-fedc-4123-b77c-b1628e82cc8f,"Wilbrandt, Jeanne : {https://orcid.org/0000-0002-0363-3837}",CC-BY-4.0,https://doi.org/10.5281/zenodo.16911852,RDM Tools & Resources with Examples from ELIXIR,Research data management (RDM) open training materials (R),"The presentation provides a minimal refresher on the topics and scope of RDM. Using the SNAFU Video (DOI: 10.6084/m9.figshare.8061722.v1), the relevance is highlighted. The main matter of the talk covers specific tools and resources along the research data life cycle, giving prevalence to basic, easy to use elements. ELIXIR, the European Life Sciences Infrastructure has an active RDM community and continuously provides relevant tools and resources that are often unknown - thus, a highlight is placed here. Since approaching European Data Stewards may be daunting to students who need advice, a slide is dedicated to presenting links to networks and initiatives from local to European scope. The session is closed with an activity (writing own take home messages) to promote active remembering and consolidation of RDM input of the day. Afterwards, time for questions is accounted for.",https://w3id.org/kim/hochschulfaechersystematik/n0,.pdf * .key * .numbers * .pages,Research Data Management * RDM * Metadata * RDM Tools * RDM resources * ELIXIR,en,lecture,presentation,novice * advanced beginner * competent,2025-08-25,student (MA) * student (PhD) * data steward * researcher,,79,1
02a5a535-5303-4bc1-9bc8-fea1e5da3508,"Rex, Jessica : {https://orcid.org/0000-0002-9257-3812}",CC-BY-4.0,https://doi.org/10.5281/zenodo.15373541,Introduction to Research Data Management,Research data management (RDM) open training materials (R),"Slides for the ""Introduction to Research Data Management"" Workshop at TU Ilmenau.",https://w3id.org/kim/hochschulfaechersystematik/n0,.pptx,Research Data Management * RDM * Research data,en,lecture,presentation,novice * advanced beginner,2025-05-09,student (MA) * student (PhD) * data steward * researcher,,21,5
c5fda3cb-6162-40ba-bf1d-3fe29fcc03f2,"Rex, Jessica : {https://orcid.org/0000-0002-9257-3812}",CC-BY-4.0,https://doi.org/10.5281/zenodo.15282476,Einführung ins Forschungsdatenmanagement,Research data management (RDM) open training materials (R),"Power-Point-Folien zum Workshop ""Einführung ins Forschungsdatenmanagement"" an der TU Ilmenau.",https://w3id.org/kim/hochschulfaechersystematik/n0,.pptx,Forschungsdaten * Forschungsdatenmanagement,de,lecture,presentation,novice * advanced beginner,2025-04-24,student (MA) * student (PhD) * data steward * researcher,,44,6
d5a92799-0c52-4a86-80c9-a733211a1ff6,"Knight, Gareth * Darby, Robert * Grace, Stephen * Bailyes, Daniel * Fina, Federica * Stark, Isobel * Donaldson, Mary",CC-BY-4.0,https://doi.org/10.5281/zenodo.15261419,Data Management Plans for Postgraduate Researchers workshop material – 11 March 2025,Research data management (RDM) open training materials (R),"Presentations and summary reports delivered at the Data Management Plans for Postgraduate Researchers online workshop on 11 March, 2025. The purpose of the workshop was to discuss and share practice related to the adoption and implementation of institutional Data Management Plan (DMP) mandates for postgraduate researchers. The workshop was comprised of presentations that outlined results of the pre-workshop survey and four institutional case studies of implemented procedures. This was followed by discussion and Q&A.",https://w3id.org/kim/hochschulfaechersystematik/n0,.pptx * .pdf,data management plans * postgraduate Researchers * university policy,en,lecture,presentation,proficient,2025-04-22,researcher,,3.9,1
3464eb0f-6451-4dc4-92fb-71c0381b3b15,"Wilbrandt, Jeanne : {https://orcid.org/0000-0002-0363-3837}",CC-BY-4.0,https://doi.org/10.5281/zenodo.11120872,Research Data Management Intro Series: Coffee Lectures & Espresso Shots,Research data management (RDM) open training materials (R),"„What is research data management?“
„How can RDM help me in my daily work?“
„What would I need to do?“

In this series, we break answers to these and similar questions into digestible chunks to go with your midday coffee. With this, we hope to help you to maintain good research data management (RDM) in your daily work. Using data management best practices can be easy, if you have a good starting point, a practice you can embrace and maintain.

In the Coffee Lectures (25 minutes + time for questions), we take a quick dive into a selected topic from the RDM realm. Here, you will get to know models, concepts, and motivations as a basis for finding and adopting RDM practices that work for you.

Espresso Shots are our super short lectures (5-10 minutes + time for questions) that aim to provide you with one selected actionable practice at a time that you can easily adopt today.

All parts of the series are provided here as slides as well as as video recordings!",https://w3id.org/kim/hochschulfaechersystematik/n0,.pdf * .mp4 * .png * .key,Research Data Management * RDM * FAIR data principles * Data Management Plan * DMP * File Naming * Folder Structure * Coffee Lecture * Metadata * Documentation * Tidy Data * Archiving * Backup,en,tutorial,video * text * audio,novice * advanced beginner,2024-05-06,student (MA) * student (PhD) * researcher,,1800,2
085bf2b2-0385-4f27-9d09-615f9872ae01,"Mendes, Pedro S. F.",CC-BY-4.0,https://doi.org/10.5281/zenodo.8117173,Open Data Crash Course,Research data management (RDM) open training materials (R),"The document contains a presentation slidepack for an Open Data Crash Course.

It covers: (i) why open science is important, (ii) what is data management about, and (iii) how can data be shared in a FAIR manner.",https://w3id.org/kim/hochschulfaechersystematik/n0,.pptx,Open science * Open data * Data management * Data sharing,en,lecture,presentation,novice,2022-06-03,,,25.1,3
261446f0-6ee7-44fb-a199-9b4bb0529a3b,"Wilbrandt, Jeanne : {https://orcid.org/0000-0002-0363-3837}",CC-BY-4.0,https://doi.org/10.5281/zenodo.8095034,"Gamification in RDM Training - Why, what, and how? [Workshop]",Research data management (RDM) open training materials (R),"This short presentation outlines why gamification (here used in the wider sense: any gameplay element used in a non-game context) can be beneficial in research data management (RDM) training. Multiple positive effects are indicated and the goals that can be achieved in the context of RDM training are outlined. Several examples of games that were either adapted or designed for RDM training are listed. Hints for the implementation in own trainings are given and the audience was then instructed and encouraged to try one game (RDM taboo) for themselves.

",https://w3id.org/kim/hochschulfaechersystematik/n0,.pdf * .txt * .key,Research Data Management * RDM * Gamification * Training,en,lecture,presentation,novice,2023-06-29,,,30.2,1
ed2038ae-56bb-46b0-9a6f-e28ff4db5bd8,"Shigapov, Renat",CC-BY-4.0,https://doi.org/10.5281/zenodo.7993735,FAIR Data Week: I for Interoperable,FDZ @ UB Mannheim (S) * Research data management (RDM) open training materials (R) * BERD@NFDI Community (R),"This is a short introduction into interoperable data in context of the FAIR principles from Research Data Center of the University of Mannheim. It provides definition, motivation and basic ways how to make your data interoperable. There is additionally a GitHub repository for the whole course: https://github.com/UB-Mannheim/FAIR-Data-Week.",https://w3id.org/kim/hochschulfaechersystematik/n0,.pdf,FAIR principles * FAIR data * interoperable * interoperability,en,lecture,presentation,novice,2023-06-01,,,5.7,1
0b8e2979-40bd-4466-8457-2d60efbc60ec,"Bacher, Tabea",CC-BY-4.0,https://doi.org/10.5281/zenodo.7505425,HeFDI Data Talk: MaRDI - Mathematical Research Data Initiative,HeFDI (S) * Research data management (RDM) open training materials (R),"Research data in mathematics come in many different forms. The Mathematical Research Data Initiative MaRDI, the consortium for mathematics in the National Research Data Infrastructure (NFDI), is working with the scientific community to develop an infrastructure for the FAIR handling of these diverse mathematical research data. This presentation describes the structure of the consortium, services under construction and current developments.

The HeFDI Data Talks are a bi-weekly open information and discussion event focused on data management in the context of science, in which relevant NFDI consortia as well as research data management services present themselves. The series discusses current topics and presents numerous – including local and regional – tools and services. 

Important note : You can watch a recording of this HeFDI Data Talk under https://www.youtube.com/watch?v=aNsyESomOBU. Feel free to also check out our other event recordings there!",https://w3id.org/kim/hochschulfaechersystematik/n0,.pdf,Forschungsdatenmanagement * FDM * Forschungsdaten * mathematische Forschungsdaten * NFDI * Nationale Forschungsdateninfrastruktur * Infrastruktur * Mathematik * FAIRe Daten * FAIR-Prinzipien * Metadaten * Metadatenerfassung * Datenanalyse * Computeralgebra * Software * wissenschaftliches Rechnen * Statistik * maschinelles Lernen * research data management * RDM * research data * mathematical research data * FAIR data * FAIR principles * National Research Data Infrastructure * infrastructure * metadata * metadata capture * data analysis * computer algebra * scientific computing * statistics * machine learning * MaRDI4NFDI * HeFDI Data Talk,en,lecture,presentation,novice,2022-12-02,,,4.4,1
c3cd6a4b-47e9-4613-a5bd-3013e21dc145,"Wilbrandt, Jeanne : {https://orcid.org/0000-0002-0363-3837}",CC-BY-4.0,https://zenodo.org/records/7113868,Love Your Data!,Research data management (RDM) open training materials (R),"Research Data Management is gaining traction as the talk of town in Germany: funding agencies start to demand Data Managements Plans, the NFDI is taking up their work to connect research infrastructures, data stewards are hired.

With this talk, I would like to raise awareness for this topic among researchers and provide them with terms and motivation to talk about and improve their data handling.
Questions to ask yourself here are for example
„How do I name my files so I can find them again?“,
„What does this variable name stand for?“, or
„Will I know in 6 months time how I measured this parameter?“.

Answers to these and many more are required to write a Data Management Plan and thus ultimately to acquire funding. Here, I will outline the basic concepts, benefits, and resources available to setup and maintain good data management in compliance with good scientific practice. Remember: Documenting your research is like writing a love letter to your data. Love your data!

 ",https://w3id.org/kim/hochschulfaechersystematik/n0,.pdf * .txt * .key,Research Data Management * file naming,en,tutorial,text,novice,2022-09-21,researcher,,49,1.1
a6683e11-a440-413d-ae4d-a7fe675bab38,"Wilbrandt, Jeanne : {https://orcid.org/0000-0002-0363-3837}",CC-BY-4.0,https://zenodo.org/records/7101626,Love your Data! [Poster],Research data management (RDM) open training materials (R),"How to make sure your data is safe and sound -- a starter

This poster guides the eye from the starting point of a common situation (in which researchers experience panic and confusion stemming from chaotic research data management [RDM]) via things that should be kept in mind (the research data life cycle and the FAIR principles) and three easy, first steps (labelling, documenting, and backups) to the benefits of good RDM and hints towards the next steps (incl. writing a data management plan).

Here, a starter is provided that aims to give researchers with no prior experience in research data management an overview of the topic without going into too much detail. The focus lies on making the most important RDM actions approachable and to instigate motivation to further implement and maintain good RDM habits.",https://w3id.org/kim/hochschulfaechersystematik/n0,.pdf,Research Data Management * FAIR Data Principles * Research Data Life Cycle,en,poster,text,novice,2022-09-21,researcher,,7.5,1.1
80d817b2-a59b-4a57-a211-7b6e557c3626,"Trebels, Björn",CC-BY-4.0,https://zenodo.org/records/6956569,Elektronische Laborbücher - eine Einführung am Beispiel eLabFTW,HeFDI (S) * Research data management (RDM) open training materials (R),"Laborbücher gehören zum Forschungsalltag: Hier landen unter Anderem Messergebnisse, Skizzen von Versuchsaufbauten, Beobachtungen oder Auswertungen. Was aber wenn diese Daten immer häufiger digital sind? Sollten diese ausgedruckt und eingeklebt werden - oder gibt es eine bessere Lösung? An dieser Stelle setzen elektronische Laborbücher (ELNs) an. Am Beispiel von elabFTW geht es darum, wie ELNs das klassische Papier-Laborbuch ersetzen können und welche darüber hinausgehende Möglichkeiten diese bieten.

Die HeFDI Data Talks sind eine zweiwöchentliche offene Informations- und Diskussionsveranstaltung. Jeden zweiten Freitag stellen wir Ihnen Angebote und Services zu Datenmanagement vor und diskutieren aktuelle Themen und Angebote, inklusive denjenigen der Nationalen Forschungsdateninfrastruktur (NFDI). Aber gerade auch lokale und regionale Angebote sowie allgemeine Information und Diskussion zum Datenmanagement greifen wir in den Data Talks auf. Wenn Sie Vorschläge und Anliegen zu Themen haben, dann wenden Sie sich gerne an die HeFDI-Geschäftsstelle (hefdi@uni-marburg.de).

Wenn Sie regelmäßig über unsere Angebote und Veranstaltungen informiert werden möchten, dann registrieren Sie sich für unseren Newsletter oder folgen uns auf Twitter @He_FDI.",https://w3id.org/kim/hochschulfaechersystematik/n40,.pdf,Forschungsdatenmanagement * FDM * Elektronisches Laborbuch * ELB * research data management * RDM * research data * electronic lab notebook * ELN * eLabFTW * Software * HeFDI Data Talks * HeFDI Data Talks 2022,de,lecture,presentation,novice,2022-06-03,researcher,,4,1.1
8f76a225-6dd7-4a7e-a75c-92b1ae6df6ce,"Fürst, Elena * Gänsdorfer, Nikos * Kalová, Tereza * Macher, Therese * Schranzhofer, Hermann * Stork, Christiane * Thöricht, Heike",CC-BY-4.0,https://zenodo.org/records/6923344,Offene Bildungsressourcen Forschungsdatenmanagement,Research data management (RDM) open training materials (R),"Die Sammlung der offenen Bildungsressourcen (OER) wurde im Jahr 2021 im Rahmen des Projektes FAIR Data Austria (BMBWF, 2020-2022) von der Training Task Force erstellt. Die Sammlung besteht aus ausgewählten nachgenutzten Materialien, die durch weitere Informationen und interaktive Elemente ergänzt wurden, um in einer einheitlichen Form eine Einführung zu den folgenden neun Themen zu geben. Die Seiten oder die einzelnen Elemente können zur Erstellung von Info- und Trainingsmaterial zum Forschungsdatenmanagement nachgenutzt werden.

Die Sammlung steht als LiaScript zur Verfügung.


Die Autor*innen wurden im Mai und August 2021 von Praktikantinnen der Universitätsbibliothek Wien unterstützt: Carina Guttenbrunner, Carina Wolfmayr, Ruzica Grgic, Sophie Wollner, Christine Stridde, Rebecca Ringbauer, Sonja Schillings und Tamara Köstenbach.

Die Sammlung ist auch über die folgenden Plattformen erreichbar:

    die Website von FAIR Office Austria (Design: Samah Jaber)
    GitHub als LiaScript Datei (Design: Hermann Schranzhofer)

Lizenz: CC BY 4.0 soweit nicht anders angegeben

Englische Version: 10.5281/zenodo.6923397
",https://w3id.org/kim/hochschulfaechersystematik/n0,.md,Forschungsdatenmanagement * FDM * FAIR Prinzipien * open data * Datenmanagementplan * Metadaten * FAIR Data Austria * persistent identifier,de,lecture,text,novice * advanced beginner * competent,2022-07-28,,,101.7 kB,1
d93f89ab-6576-4bea-b5b8-4c5157f957e6,"Fürst, Elena * Gänsdorfer, Nikos * Kalová, Tereza * Macher, Therese * Schranzhofer, Hermann * Stork, Christiane * Thöricht, Heike",CC-BY-4.0,https://zenodo.org/records/6923397,Open Educational Resources for Research Data Management,Research data management (RDM) open training materials (R),"The collection of open educational resources (OER) was created by the Training Task Force in 2021 as part of the FAIR Data Austria project (BMBWF, 2020-2022). The collection consists of selected OER enhanced by further information and interactive elements to provide an introduction to the following nine topics. The pages or the individual elements can be reused to create informational and training materials on research data management.

The collection is available as LiaScript.

The authors were supported by interns at the Vienna University Library in August 2021: Christine Stridde, Rebecca Ringbauer, Sonja Schillings, Tamara Köstenbach.

The collection is also available via:

    the FAIR Office Austria website (designed by Samah Jaber)
    GitHub as a LiaScript file (designed by Hermann Schranzhofer)

License: CC BY 4.0 unless otherwise stated

German version: 10.5281/zenodo.6923344",https://w3id.org/kim/hochschulfaechersystematik/n0,.md,research data management * RDM * FAIR principles * open data * data management plan * metadata * FAIR Data Austria * persistent identifier,en,lecture,text,novice * advanced beginner * competent,2022-07-28,,,98 kB,1
e056db8f-d3a5-4138-a8f0-e489aad3a620,"Rice, Robin * Ekmekcioglu, Cuna * Macdonald, Stuart",CC-BY-4.0,https://zenodo.org/records/6532050,Research Data MANTRA - DIY RDM Training Kit for Librarians,Research data management (RDM) open training materials (R),"The DIY Training Kit comprises a set of training materials and associated resources which are designed to provide everything librarians need to prepare and deliver RDM training at their own institution (in small groups). These materials are based on open educational materials. These teaching materials are taken from the 'Do-It-Yourself RDM Training Kit for Librarians' which was available on the Research Data MANTRA site and retired in 2021.

MANTRA (https://mantra.ed.ac.uk/) is a free, online non-assessed course with guidelines to help you understand and reflect on how to manage the digital data you collect throughout your research. It has been crafted for the use of post-graduate students, early career researchers, and information professionals. It is freely available on the web for anyone to explore on their own.",https://w3id.org/kim/hochschulfaechersystematik/n0,.pdf,Open Learning * Research Data Management * RDM * Data Librarian * Research Support,en,bestpractices,text,proficient,2022-05-10,student (PhD) * researcher,,234,1
0e3e584f-1f24-431d-8ed6-a0a78698d5fc,"Gregory, Arofan * Gillman, Dan",CC-BY-4.0,https://zenodo.org/records/6251051,European DDI Conference 2021: Training Fair. Track 2C: DDI Cross Domain Integration (DDI-CDI) tutorial,DDI Training Community (S) * Research data management (RDM) open training materials (R) * CODATA (S),"The DDI Training Group organized a series of tutorials around the 2021 European DDI Users Conference. This included a general overview of the DDI standards on Friday 26 November, followed by a series of more detailed tutorials and a session describing the software tools and services available for implementing DDI, all on Monday 29 November.  A short description of each session is available here, along with recordings and presentations.

DDI-CDI is a forthcoming standard which is intended to complement other metadata specifications – notably DDI Codebook and DDI Lifecycle – by making it possible to share and reuse data across domain boundaries and within and between research infrastructures. To do this, it uses a datum-centric approach to describing the structures of a wide range of data sets, including long, wide, multi-dimensional, and key-value types. Presenters are Dan Gillman and Arofan Gregory.",https://w3id.org/kim/hochschulfaechersystematik/n0,.pdf * .mp4,DDI-CDI * FAIR data * research data management * metadata * research data integration * data standards,en,lecture * tutorial,presentation,competent,2021-11-29,,,313,1
0d244af3-8a70-4b69-9400-78bbc317d45a,"Thomas, Wendy * Mills, Hayley * Kulla, Kaia * Beuster, Benjamin",CC-BY-4.0,https://zenodo.org/records/6251009,European DDI Conference 2021: Training Fair. Track 2B: DDI Lifecycle tutorial,DDI Training Community (S) * Research data management (RDM) open training materials (R) * CODATA (R),"The DDI Training Group organized a series of tutorials around the 2021 European DDI Users Conference. This included a general overview of the DDI standards on Friday 26 November, followed by a series of more detailed tutorials and a session describing the software tools and services available for implementing DDI, all on Monday 29 November 2021.  A short description of each session is available here, along with recordings and presentations.

DDI Lifecycle addresses the needs of metadata management not only for archives and data disseminators, but also throughout the data lifecycle, from data collection and survey design through the end stages. It is also a useful tool for understanding how related data sets fit together, whether as a longitudinal or repeat cross-sectional effort, or through ad-hoc comparison and harmonization. A range of topics will cover a broad description of the specification, as well as providing focus on specific aspects of the standard for metadata and data management. Presenters include Wendy Thomas, Hayley Mills, Kaia Kulla, and Benjamin Beuster.
",https://w3id.org/kim/hochschulfaechersystematik/n0,".pptx * .mp4",DDI * research data management * metadata * data LifeCycle * data standard,en,lecture * tutorial,presentation,competent,2021-11-29,,,231,1
7dc4ad09-5343-48ba-9f02-5d3c200b28d5,"Fry, Jane * Dusa, Adrian",CC-BY-4.0,https://zenodo.org/records/6250872,European DDI Conference 2021: Training Fair. Track 2A: DDI Codebook tutorial,DDI Training Community (S) * Research data management (RDM) open training materials (R) * CODATA (R),"The DDI Training Group organized a series of tutorials around the 2021 European DDI Users Conference. This included a general overview of the DDI standards on Friday 26 November, followed by a series of more detailed tutorials and a session describing the software tools and services available for implementing DDI, all on Monday 29 November.  A short description of each session is available here, along with recordings and presentations.

DDI Codebook is a metadata specification for providing detailed, machine-actionable and human-readable metadata about individual studies and their data files in an XML format. Instructors are Jane Fry of Carleton University and Adrian Dusa of the University of Bucharest, who will introduce you to this popular metadata standard.

Please note that the date on the title slide is incorrect: the presentation actually took place on Mon 29 November 2021.
",https://w3id.org/kim/hochschulfaechersystematik/n0,.pdf * .mp4,metadata * DDI * qualitative data * data standard * research data * DDI Codebook,en,lecture * tutorial,presentation,competent,2021-11-29,,,287,1
9884c84d-1cbe-4762-8e2d-d4b450cd1846,"Fry, Jane * Gregory, Arofan * Lyle, Jared * Radler, Barry * Hodson, Simon",CC-BY-4.0,https://zenodo.org/records/6250693,European DDI Conference 2021 Training Fair. Track 1: Discovering DDI,DDI Training Community (S) * Research data management (RDM) open training materials (R) * CODATA (R),"The DDI Training Group organized a series of tutorials around the 2021 European DDI Users Conference. This included a general overview of the DDI standards on Friday 26 November 2021, followed by a series of more detailed tutorials and a session describing the software tools and services available for implementing DDI, all on Monday 29 November 2021.  A short description of each session is available here, along with recordings and presentations.

This track provides a general overview of all of the DDI specifications and shows how DDI fits into the overall frame of FAIR data sharing, intended for newcomers who may want to learn what DDI is without diving into the details. The programme featured a number of speakers from the DDI Alliance and member organizations, including Jane Fry, Barry Radler, Jared Lyle, Arofan Gregory, and Simon Hodson.
",https://w3id.org/kim/hochschulfaechersystematik/n0,.pdf * .mp4,FAIR data * research data management * CODATA * DDI * metadata * Data Documentation Initiative,en,lecture * tutorial,presentation,competent,2021-11-26,,,233,1
12e55574-3dd4-4b12-bf35-182288543802,"Molloy, Laura * Gregory, Arofan * Kulla, Kaia * Danciu, Alina",CC-BY-4.0,https://zenodo.org/records/6250609,Data Quality: Thinking about Quality and DDI Metadata,DDI Training Community (S) * Research data management (RDM) open training materials (R) * CODATA (R),"Data quality is a topic which is often discussed and attracts a lot of interest, but the way in which it is approached varies widely. This, our fourth webinar of the 2021 series took place on 18 November 2021 and examined different approaches in the use of metadata for describing data quality from the perspective of data producers in official statistics and in the scientific and research domains, and how DDI fits into this picture.

Some data providers will attempt to assert their data quality as a function of certification for the services they provide, and the richness of their metadata. In the official statistics world, additional descriptive metadata is provided according to agreed quality frameworks. DDI supports both approaches, and the details of each are explored in this webinar.

Presenters were:

    Arofan Gregory, Chair, CDI Working Group, DDI Alliance / CODATA
    Kaia Kulla, Statistics Estonia

The session was introduced by Laura Molloy, CODATA; and the question and answer session was moderated by Alina Danciu, Sciences Po.",https://w3id.org/kim/hochschulfaechersystematik/n0,.pptx * .mp4,research data * data Quality * metadata * CODATA * DDI,en,,presentation,,2021-11-18,researcher,,234,1
f2f1b7a0-5b09-473b-a8f1-035ac75747ce,"Limmert, Marta * Gregory, Arofan * Rizzolo, Flavio * Hodson, Simon",CC-BY-4.0,https://zenodo.org/records/6250411,Data Integration: Using DDI-CDI with Other Standards,DDI Training Community (S) * Research data management (RDM) open training materials (R) * CODATA (R),"The third webinar of the new DDI Alliance / CODATA Training Webinar series took place on 2nd September 2021, with 105 participants.

The DDI Cross Domain Integration (DDI-CDI) standard will soon be released by the DDI Alliance as the latest in its series of metadata specifications. DDI-CDI is intended to enhance the use of other domain specifications or to function as a stand-alone metadata record to assist in the combined use of data from disparate sources and of different structures. It supports machine-actionable discovery and processing of data at a granular level to help systems scale to meet the growing demands for data in modern research projects.

This webinar provides a general introduction to the specification, using cross-domain data integration examples and showing how DDI-CDI, in combination with other standards, can facilitate the integration of disparate data. The automated aspects of FAIR data reuse across different sources is demonstrated, based on the granular description provided by DDI-CDI working in combination with existing metadata.

Speakers:

    Marta Limmert, Statistics Estonia
    Arofan Gregory, Consultant, DDI Alliance / CODATA
    Flavio Rizzolo, University of Toronto / Statistics Canada
    Simon Hodson, CODATA
",https://w3id.org/kim/hochschulfaechersystematik/n0,.pdf * .mp4,FAIR * FAIR data * research data * DDI-CDI * DDI Alliance * cross-domain data integration * metadata,en,,presentation,,2021-09-21,researcher,,191,1
ce1011c2-3a9d-4e30-a1c5-42df48009836,"Danciu, Alina * Gregory, Arofan",CC-BY-4.0,https://zenodo.org/records/6249617,Introduction to Metadata for Research Data Management: A Data Documentation Initiative (DDI) Perspective,DDI Training Community (S) * Research data management (RDM) open training materials (R) * CODATA (R),"This workshop introduces the definition and use of metadata in modern research data management. Metadata is a critical ingredient in applying the FAIR principles, but it is not necessarily easy to understand. The presentation will cover the definition of metadata and the ways in which it can be used in systems and will briefly introduce the DDI specifications which embody these perspectives and understandings.

The DDI Alliance has for many years provided popular standards and specifications for modeling metadata and using it in data management ad dissemination in the social, behavioural, economic, and health sciences, and in official statistics. Many of their approaches will apply in other domains as well. Metadata for RDM purposes can be a complex topic – this workshop will introduce a way of understanding and addressing that complexity effectively in systems aimed at FAIR data sharing.",https://w3id.org/kim/hochschulfaechersystematik/n0,.pptx * .mp4,FAIR data * metadata * Data Documentation Initiative * DDI * research data management * standards * FAIR ,en,lecture,presentation,novice,2021-04-29,,,266,1
d389a227-8277-42d5-8934-36d8476b5e79,"Gregory, Arofan * Hodson, Simon * Danciu, Alina",CC-BY-4.0,https://zenodo.org/records/6046270,Implementing FAIR: What DDI Can Do for You!,DDI Training Community (S) * Research data management (RDM) open training materials (R) * CODATA (R),"The second webinar of the new DDI Alliance / CODATA Training Webinar series 2021 took place on 18 June 2021, with 75 participants.

Implementing FAIR: What DDI Can Do for You! featured speakers Simon Hodson (CODATA) and Arofan Gregory (CODATA/DDI Alliance), with Alina Danciu (Sciences Po) hosting a sustained Q&A session.

Presentations covered an overview of the FAIR principles, an overview of the DDI suite of tools, and how these can help institutions and infrastructures in making and keeping research data FAIR.  This webinar and discussion was aimed at audiences both inside and external to the DDI community. It highlighted where metadata is needed in terms of the FAIR principles and explains how different DDI products can help to support the implementation of FAIR.",https://w3id.org/kim/hochschulfaechersystematik/n0,.pptx * .mp4,research data * Data Documentation Initiative * DDI * Standards * FAIR data * FAIR,en,lecture,presentation,novice,2021-06-18,,,198,1
d68849a8-a178-46f4-88e8-f9f4846fed06,"Mendes, Pedro S. F.",CC-BY-4.0,https://zenodo.org/records/6035684,Checklist on FAIRness of research data for sharing,Research data management (RDM) open training materials (R) ,"The document contains a checklist aimed at evuating hown FAIR is research data. It can be used pre-sharing to improve the FAIRness of the data set or post-sharing.

This checklist was first created for the Material Science Data Sharing and Management workshop on 10/02/2022, part of the Machine Learning in Material Science series organized by the Material Pioneers (https://materialpioneers.com/).
",https://w3id.org/kim/hochschulfaechersystematik/n294,.pdf,Open data * Data sharing,en,lecture,,novice,2022-02-10,researcher,,99 kB,1
aeaae706-4b42-47a9-acc6-0c3361ceea88,"Markus, Katharina * Parmaksiz, Uta * Svoboda, Nikolai * Schmidt, Marcus * Meier, Kristin",CC-BY-4.0,https://zenodo.org/records/5786303,Data for Generations - Keeping data reusable for really long periods of time,Digital Preservation (R) * Research data management (RDM) open training materials (R) ,"An increasing amount of published data with various data types and formats generates challenges for reusability of research data. Since published content is essential for scientific research over long time periods, reusability should not be limited by the life-time of a format. Various other limitations like unclear usage rights may also impact reuse in the scientific context.

This presentation regarding format recommendations, including surveys and an exercise, was held at the international BonaRes Data Workshop ""Make the best of your data"" (29. 09. 2021) by ZALF and ZB MED. The workshop's aim was introducing scientists to efficient management and proper tools that support scientists in their daily work in general and specifically when using the BonaRes Data Repository.

The presentation introduces the challenge of format diversity, which is explained in relation to digital preservation methods. Recommendations for format types when publishing data are given: open, text-based and popular formats. Further recommendations regarding files are conveyed: files without passwords, sufficient rights information and metadata. Following the recommendations supports data reusability over the long term. An exercise for the participants, ranking formats according to their suitability for digital preservation, is included. Similarly, the participants' answers to surveys regarding used data types and file formats, as well as data reuse issues are added.
",https://w3id.org/kim/hochschulfaechersystematik/n0,.pdf,digital preservation * research data management * bonares,en,lecture,presentation,novice,2021-12-16,researcher,,2.3,1
b04ad9b1-f164-4b71-ac7c-4c12bf4a8f3b,"Svoboda, Nikolai * Schmidt, Marcus * Meier, Kristin * Markus, Katharina * Parmaksiz, Uta",CC-BY-4.0,https://zenodo.org/records/5747118,Make the best of your data,ZALF (S) * Research data management (RDM) open training materials (R) ,"As more data & larger amounts of data is produced in any field of science, there is a growing need for its efficient management and proper tools that support scientists in their daily work. Addressing this need, our international workshop on the data life cycle, data publication and long-term data preservation brought together the agricultural (ZALF), soil science (BonaRes) and long-term data preservation community (ZB MED).

23 participants, including scientists from Hungary, Morocco and China, went through practical exercises on the data life cycle and the process of FAIR data publication (that is: Findable, Accessible, Interoperable and Reusable). As the BonaRes Data Repository is currently cooperating with the ZB MED (the Information Centre for Life Sciences) to make data reusable for centuries (yes, centuries), they gave very interesting insights in how to make sure that software and formats will still be readable many years and software versions from now. Together with the experience from our workshop on machine learning a week before we figured out that there is much interest in progressive digital solutions to agricultural data challenges. In further workshops, we will address some expressed needs of our community and adapt them accordingly: e.g., train the trainer and opportunities for publication in specialized data journals.
",https://w3id.org/kim/hochschulfaechersystematik/n003,.pdf,research data management * agricultural data * Repositorium * bonares * DOI * Publishing * workflow,en,lecture,presentation,,2021-12-01,researcher,,7.8,1
163533a5-c9ad-4ac0-af17-2819069d3bb2,"Rex, Jessica : {https://orcid.org/0000-0002-9257-3812}",CC-BY-4.0,https://zenodo.org/records/5569290,Introduction to Research Data Management at the 2021 N2 Event,Research data management (RDM) open training materials (R),"Slides for the 3hour workshop ""Introduction to Research Data Management"" at the 2021 N2 Event – Perspectives on Open and Sustainable Research on October 13th and 14th 2021.

All materials and images used in the presentation are either copyright-free or sourced accordingly.
",,.pptx,rdm * research data management ,en,,presentation,,2021-10-14,,,30.7,1
d14dbfcc-ace5-4d8e-b0dd-c06dc76f02d8,"EL-Gebali, Sara",CC-BY-4.0,https://zenodo.org/records/5562794,Open Science FAIR Symposium,Access 2 Perspectives (R) * AfricArXiv (R) * Research data management (RDM) open training materials (R),"Talk from Open Science FAIR Symposium covering the following topics:

    Overview of Research Data Management (RDM)
    What is Data?
    FAIR Principles
    Where do we start? RDM best practices
    FAIR vs Open
    Open Data challenges",https://w3id.org/kim/hochschulfaechersystematik/n0,.pdf,RDM * Research data management * FAIR principles * Open data * Open Science * Best practice,en,bestpractices,presentation,novice,2021-10-11,,,3.8,1
cb42b8da-2d08-437a-8988-4315ea9d73f7,"Jones, Sarah * Grootveld, Marjan",CC-BY-4.0,https://zenodo.org/records/5508099,¿Cómo comprobar si sus datos son FAIR?,DCC (R) * Research data management (RDM) open training materials (R),Traducción al español de la lista de verificación producida para su uso en la escuela de verano de EUDAT para comprobar el nivel de cumplimiento de los criterios FAIR de los datos de investigación de los participantes.,,".pdf * .docx",,es,lecture,,,2021-09-14,,,120 kB,1
9b0b9763-96a6-42bd-9849-cdb347c7c1bb,"Molloy, Laura * Davidson, Joy * Siminson, Nicola * Roberts, Jonathan * Goldstein, Stephane",CC-BY-4.0,https://zenodo.org/records/5270988,Career profile of the academic librarian,Research data management (RDM) open training materials (R),"This profile aims to highlight the evolving role of the academic librarian and the way in which supporting research data management (RDM) is playing an increasingly important part. It explains some of the new roles which are emerging for academic librarians in the shifting research landscape and outlines some of the skills which may be required for future academic librarians to effectively provide support to researchers and students in this area. While this profile focuses on how the existing role of the academic librarian might be developed to provide RDM support to researchers, it should be noted that expectations for RDM support will likely affect many different roles within University libraries. RLUK and DCC may produce additional profiles as these roles evolve.",https://w3id.org/kim/hochschulfaechersystematik/n0,".pdf",research data skills * career * academic librarianship,en,,text,,2013-09-30,data steward,,688 kB,1
3aa6fc00-8e1a-49b4-b7f9-0a485beb4a75,"Molloy, Laura * Snow, Kellie * Goldstein, Stephane * Davidson, Joy ",CC-BY-4.0,https://zenodo.org/records/5270537,Data management in perspective: the career profile of conservators,Research data management (RDM) open training materials (R),"The Data Management Skills Support Initiative (DaMSSI) has drawn together a range of short career profiles to illustrate the relevance of data management skills to four graduate professions represented by training projects of the JISC Managing Research Data programme 2009-13. These professions are: conservator; social science researcher; clinical psychologist and archaeologist. In addition a fifth profile describes the role of data manager.  Each profile demonstrates how the value of data management skills learned alongside other research skills during graduate and postgraduate study contributes to and underpins high-quality professional performance.
DaMSSI has developed this career profile for describing the work of conservators, to help raise awareness about this profession.",https://w3id.org/kim/hochschulfaechersystematik/n0,".pdf",conservation * conservator * career profile * research data manager,en,,text * image,,2011-10-30,student (MA) * student (PhD) * data steward * researcher,,741 kB,1
674bfe5c-962b-43bc-8989-dafadfb616c0,"Molloy, Laura * Snow, Kellie * Goldstein, Stephane * Davidson, Joy ",CC-BY-4.0,https://zenodo.org/records/5244389,Data management in perspective: the career profile of archaeologists,Research data management (RDM) open training materials (R),"The Data Management Skills Support Initiative (DaMSSI) has drawn together a range of short career profiles to illustrate the relevance of data management skills to four graduate professions represented by training projects of the JISC Managing Research Data programme 2009-13. These professions are: conservator; social science researcher; clinical psychologist and archaeologist. In addition, a further profile explains the role of data manager.  Each profile demonstrates how the value of data management skills learned alongside other research skills during graduate and postgraduate study contributes to and underpins high-quality professional performance. This leaflet describes the fourth in this series of these profiles, covering the role of the archaeologist.",https://w3id.org/kim/hochschulfaechersystematik/n012,.pdf,research data management * career profile * data curation * archaeology,en,,text * image,,2011-10-30,student (MA) * student (PhD) * data steward * researcher,,700 kB,1
8558ac66-613e-4b34-87dc-f4d68cebe80e,"Brettschneider, Peter * Biernacka, Katarzyna * Böker, Elisabeth * Danker, Sarah Ann * Jacob, Juliane * Perry, Anja * Wiljes, Cord * Wuttke, Ulrike",CC-BY-4.0,https://zenodo.org/records/5243232,Urheberrecht und Lizenzierung bei Forschungsdaten,DINI/nestor UAG Schulungen/Fortbildungen (S) * Research data management (RDM) open training materials (R),"Nicht selten verursacht das Thema rechtliche Aspekte bei Forschungsdaten Schweißausbrüche – sowohl bei den Forschenden als auch bei denen, die es schulen sollen. Zusammen mit bw2FDM möchte die UAG Schulungen/Fortbildungen den Trainer*innen diese Angst nehmen und aufzeigen, wie man das Thema verständlich und interaktiv vermitteln kann. In dem zweistündigen Online-Workshop gibt der Jurist Peter Brettschneider von bw2FDM begleitet von den Kolleg*innen der UAG eine Einführung in das Urheberrecht und stellt verschiedene Lizenzierungsmodelle vor. Anhand mehrerer praktisch orientierten Übungen sowie Fallbeispielbetrachtungen soll das neu gewonnene Wissen verfestigt werden. Zum Ende der Veranstaltung ist ausreichend Zeit für Fragen an die Workshopleitenden geplant.

Das Konzept und die zugehörigen Materialien wurden gemeinsam von der UAG Schulungen/Fortbildungen der DINI/nestor-AG Forschungsdaten und Peter Brettschneider vom bw2FDM entwickelt und zusammengestellt.

Ziel: Vermittlung von Wissen zum Thema Urheberrecht und Lizenzierung mit interaktiven Lehrmethoden

Notwendiges Material: Die Lehreinheit umfasst Präsentationsfolien, ein Lehrdrehbuch mit detailliertem Ablauf des Online-Workshops, die Praxisübung zum Thema Lizenzverträge inklusive Auflösung, sowie die genutzen Fragen für den Slido-Quiz.

Weitere Materialien: Darüber hinaus umfasst diese Ressource die Umfrageergebnisse von Mentimeter, sowie die Fragen aus dem Chat angereichert mit Antworten von Peter Brettschneider und Anja Perry

Vorkenntnisse: keine

Zielgruppe: FDM-Trainer*innen, Data Stewards und Forschende

Dauer: Dauer: 120 Minuten (inkl. Pufferzeit)
",,.pdf,Forschungsdaten * Schulung * Online-Workshop * Urheberrecht * Lizenzierung * FDM * Forschungsdatenmanagement * Interaktive Methoden,de,https://w3id.org/kim/hcrt/worksheet,presentation,novice,2021-08-24,researcher * data steward,,11.2,1
0dfe3849-853b-48a8-9bfa-b4c68611dde7,"Molloy, Laura * Snow, Kellie * Goldstein, Stephane * Davidson, Joy ",CC-BY-SA-4.0,https://zenodo.org/records/5226901,Data management in perspective: the career profile of data managers,Research data management (RDM) open training materials (R),"The Data Management Skills Support Initiative (DaMSSI) has drawn together a range of short career profiles to illustrate the relevance of data management skills to four graduate professions represented by training projects of the JISC Managing Research Data programme 2009-13. These professions are: conservator; social science researcher; clinical psychologist and archaeologist. In addition a fifth profile describes the role of data manager.  Each profile demonstrates how the value of data management skills learned alongside other research skills during graduate and postgraduate study contributes to and underpins high-quality professional performance.
DaMSSI has developed this career profile for describing the work of data managers, to help raise awareness about this emerging new profession.",https://w3id.org/kim/hochschulfaechersystematik/n0,.pdf,research data management * data management skills * career profile,en,,text * image,,2011-10-30,data steward,,430 kB,1
dff0841e-c3e8-4695-a9d7-d5bd331a664d,"Jones, Sarah * Grootveld, Marjan",CC-BY-4.0,https://zenodo.org/records/5111307,How FAIR are your data?,Research data management (RDM) open training materials (R) * DCC (R) * EU Open Research Repository (R),A Checklist produced for use at the EUDAT summer school to discuss how FAIR the participant's research data were and what measures could be taken to improve FAIRness. New version created to add Spanish translation undertaken by Alicia Fátima Gómez,,.pdf * .docx,FAIR * FAIRness * checklist * research data * Findable * Accessible * Interopeable * Reusable * PID * repository * DOI * metadata * licence * data sharing * research data management,en,poster,text,novice,2017-11-24,,,474 kB,3
d4316f21-7082-4e3d-930e-bb24bd7df162,"Rex, Jessica : {https://orcid.org/0000-0002-9257-3812}",CC-BY-4.0,https://zenodo.org/records/4954409,"Datenmanagementpläne effizient erstellen: Methoden, Tools und Vorlagen",Research data management (RDM) open training materials (R),"Präsentationsfolien zum Workshop ""Datenmanagementpläne effizient erstellen: Methoden, Tools und Vorlagen"" im Somersemester 2021 an der Technischen Universität Ilmenau.",,.pptx,Datenmanagementplan * Forschungsdaten * Forschungsdatenmanagement,de,lecture,presentation,,2021-06-15,,,14.1,1
4f05c365-c7fd-43a3-a117-a126c8ce6a14,"Rex, Jessica : {https://orcid.org/0000-0002-9257-3812}",CC-BY-4.0,https://zenodo.org/records/4644229,Einführung ins Forschungsdatenmanagement,Research data management (RDM) open training materials (R),Foliensatz zum Einführungsworkshop ins Forschungsdatenmanagement für das Fachgebiet MNES der TU Ilmenau am 30.03.2021.,,.pptx,,de,,presentation,novice,2021-04-29,,,14.4,1
2c6d7b1d-9b9c-4229-bfc7-227c9af2522c,"Palagi, Patricia M.",CC-BY-4.0,https://zenodo.org/records/4581176,Open and FAIR in bioinformatics and training,Research data management (RDM) open training materials (R) * SIB (S),"Presentation given at the Open Science Zurich meeting on 04 March 2021. SIB resources, SIB Training, ELIXIR infrastructure, FAIR principles for training, how to make training materials FAIR.",,.pptx,Resources * Training * Open * FAIR principles * Life sciences,en,https://w3id.org/kim/hcrt/drill_and_practice,presentation,,2021-04-04,,,9.1,1
57bf987a-0f3e-4042-94d3-7d56b7634bf7,"El-Gebali, Sara",CC-BY-4.0,https://zenodo.org/records/4562630,Research Data Management 1 day workshop,Access 2 Perspectives (R) * AfricArXiv (R) * Research data management (RDM) open training materials (R),"Materials for 1 full-day workshop on Research Data Management basics covering the following topics:

Part 1: Overview of the RDM unit services and support

Part 2: What is Data?

Part 3: FAIR data

Part 4: Open Data

Part 5: Reuse and Reproducibility

Part 6:Where do we start?   

Part 7: Documentation

- Electronic lab notebooks 

- Metadata

- README files

Examples of breakout room exercises and discussion questions included.

- For feedback please feel free to get in touch by email or Twitter",https://w3id.org/kim/hochschulfaechersystematik/n4,.pdf,FAIR * Open Data * Data * Life Cycle * Research data management  * workshop  * training material  * training * rdm,en,lecture,,novice,2021-02-25,researcher,,8.9,1
dc49d94e-ca32-40bd-9309-91ca5928f9e3,"Widyastuti, Anna",CC-BY-4.0,https://zenodo.org/records/4296072,Data lifecycle and (meta)data checklist,Research data management (RDM) open training materials (R),"Data are being recognized as a first-class research object. Therefore, secondary use of data is becoming a natural part of the research process. Research data can only be reusable if they are accompanied by appropriate data and metadata documentation, ensuring the accuracy, completeness, and usefulness of the research object.

A data management plan (DMP) is the best way to plan and manage research data throughout the data lifecycle. The different stages within the data lifecycle comprise the specific descriptions of data and metadata. The (meta)data checklist provides basic guidelines one could follow to make research data findable, accessible, interoperable, and reusable (FAIR) both for human and machine readability.
",https://w3id.org/kim/hochschulfaechersystematik/n0,.pptx,FAIR * DMP * Data lifecycle * metadata * checklist,en,,presentation,novice,2020-11-29,researcher,,171 kB,1
242d1b01-ac42-424f-92f7-469ec2f72897,"Strauch, Annette ",CC-BY-4.0,https://zenodo.org/records/3775103,Coffee Lectures' DIGITALLY: Research Ethics. University Library Hildesheim (University of Hildesheim Foundation).,Research data management (RDM) open training materials (R),"Researchers can obtain information on how to handle data at any time at the Hildesheim University Library. We are making good progress on the technical level, and we are continuously moving forwards, also in being very responsible when it comes to freedom of science. Even before the planned research projects begin, we consider research ethics, ethics in science and security-related research in order to avoid misuse of research. Therefore, in consultations on RDM (‘first level’ support), research ethics is always an issue in the qualitative or quantitative research process. The type of data collection has changed significantly in recent years. We go into the ""field"" with smartphones and tablets, etc. What needs to be considered?

Central to research ethics, in addition to responsibility, are considerations on the basis of values and ethical decision-making: Who has responsibility in a research team? What are the researchers actually responsible for, i.e. for what actions in one's research activity and to whom? With these considerations, the requirements of the ethical standards in the professional associations must always be met. In the area of machine learning, big data, artificial intelligence and algorithms, too, everyone is encouraged to take an ethical look at the research topic. In the fields of biology or in the life sciences, in projects in political science and in education and linguistics, research-ethical questions are being asked, that is, in all departments of the university and in all institutions.",https://w3id.org/kim/hochschulfaechersystematik/n0,.pdf * .pptx,Research Ethics * University of Hildesheim Foundation * Universitätsbibliothek Hildesheim * University Library Hildesheim,en,,presentation,novice,2020-04-29,researcher,,4.4,1
32c1c317-40a2-4522-9818-2ab443f6056e,"Blumer, Eliane * Samath, Sitthida * Varrato, Francesco * Borel, Alain",CC-BY-4.0,https://zenodo.org/records/3773657,Optimizing your research data management,EPFL (R) * Research data management (RDM) open training materials (R),"This lesson is a 1-day training dedicated to research data management (RDM). The targeted audience is researchers who are interested in the topic, with no previous knowledge required. The training covers all major RDM aspects.

There a three types of file uploaded to this Zenodo lesson:

1. Readme: README.txt

It explains the context of the lesson and its content.

2. Presentation / Slides : RDM_Presentation.pptx (original), RDM_Presentation.odp (converted), RDM_Presentation.pdf (converted)

The presentation is used during the training. Several formats are available.

3. Activity: RDM_DrillActivities.docx (original), RDM_DrillActivities.odt (converted)

The activity is used with the participants. Several formats are available.
",,.docx * .odt * .odp * .pdf * .pptx * .txt ,research data management * RDM * data LifeCycle * data management plan,en,lecture,presentation,novice,2020-04-28,researcher,,53.6,1
048b2acc-5372-4c8a-8c71-dec6c05c29cb,"Rex, Jessica : {https://orcid.org/0000-0002-9257-3812}",CC-BY-4.0,https://zenodo.org/records/3600968,Open Science Spiel/Game (de/en),Research data management (RDM) open training materials (R),"The Open Science Game is a board game for public relations events and teaching. The public relations version is intended to raise awareness for Open Science concepts and the questions are designed to initiate the discussion with the participants (also without background knowledge in research). The teaching version can be used to recapitulate the topics of seminars or workshops. In both cases a game master with background knowlegde in research data management should moderate the game and give further background information. All game material is available in English and German.

Participants: 2-5

Age: 16+

Duration: ~ 30min

Required material: die, playing pieces

 

The provided material includes (de/en):

1 x Game board

1 x Rules

26 x Question cards (public relations)

31 x Question cards (teaching)

 

The „Open Science Game“ was developed based on „The Game of Open Access“:

McGuinn, Kate and Spikin, Mike (2017) The Game of Open Access. (http://eprints.hud.ac.uk/id/eprint/33874/ ).
",https://w3id.org/kim/hochschulfaechersystematik/n0,.pdf,Research Data Management * Forschungsdatenmanagement * Brettspiel * Board game * Quiz ,en,https://w3id.org/kim/hcrt/educational_game,,novice,2020-01-08,,,29.9,1
8dfbddfc-7edc-4c72-af46-39f9689063db,"Rex, Jessica : {https://orcid.org/0000-0002-9257-3812}",CC-BY-SA-4.0,https://zenodo.org/records/3534954,Managing research data efficiently - an introduction to research data management.,Research data management (RDM) open training materials (R),A basic introduction to research data management for young researchers in English.,https://w3id.org/kim/hochschulfaechersystematik/n0,.pdf * .pptx,rdm * fdm * data management ,en,,presentation,novice,2019-03-13,researcher,,8.4,1.3
92fd4581-e2ad-4c99-b5af-e1a79cc84f2a,"Helbig, Kerstin",CC-BY-4.0,https://zenodo.org/records/3479148,Quiz FDM-Rechtsexpertise,DINI/nestor UAG Schulungen/Fortbildungen (R) * Research data management (RDM) open training materials (R),"Ziel: Mit dem Quiz können Schulungsteilnehmer*innen selbst erarbeiten, wer an ihrer Institution für bestimmte Rechtsthemen ansprechbar ist.

Notwendiges Material: Die Übung beinhaltet eine Vorlage für die Quizkarten sowie die Aufgabenstellung und eine Musterlösung in Form von PowerPoint-Folien. Die Quizkarten sind beidseitig und farbig zu drucken. Jede Gruppe (ca. 3-4 Personen) erhält ein Kartenset. Die Auflösung (siehe Folien 2-4) muss entsprechend der Institution angepasst werden.

Vorkenntnisse: Kenntnis über Rechtsgebiete, die im Forschungsdatenmanagement eine Rolle spielen

Zielgruppe: Fortgeschrittene, die bereits erste Kenntnisse über Forschungsdatenmanagement bzw. relevante Rechtsbereiche besitzen

Dauer: durchschnittlich 5 Minuten, je nach Diskussionsfreude der Gruppe",https://w3id.org/kim/hochschulfaechersystematik/n3,.pdf * .pptx * .docx,Quiz * Forschungsdaten * Forschungsdatenmanagement * FDM * Schulung * Übung * Recht * Research data management * Training * Exercise * Legal issues,de,lecture,,competent * proficient,2019-10-10,,,477 kB,1
0424de04-6222-4706-8d45-67a5dc430c9d,"Wuttke, Ulrike",CC-BY-4.0,https://zenodo.org/records/3405322,Make your digital research more sustainable and visible: Data Sharing and Data Management Techniques & Tools for Digital Medievalists,Research data management (RDM) open training materials (R),"Slides for a 60 min. Training Session (exp. Level of RDM-Knowledge of Participants: Mixed)

Occasion: CARMEN ANNUAL MEETING http://www.carmen-medieval.net/cz/carmen-annual-meeting-prague-september-4-5-2019-1404041655.html

Text of Workshop Announcement:

Make your digital research more sustainable and visible: Data Sharing and Data Management Techniques & Tools for Digital Medievalists

 

Due to the digital transformation of research practices, for Medievalists, activities and issues around planning, organizing, storing, and sharing data and other research results and products (e.g. digitized source materials, analysis results, web applications) play an increasing role.

Knowledge and skills acquired in this workshop, will support the participants in the production of reusable, machine-readable data, a key prerequisite for conducting effective and sustainable projects adhering the FAIR (Findable, Reusable, Interoperable, and Reusable) principles as promoted by the European Commission and national funding agencies within the framework of Open Science/Open Scholarship. There will be also to discuss barriers and needs and how to overcome them. The summarized (anonymous) results of this workshop will be reported back to relevant infrastructures and made public for funders e.g. in a blogpost, project deliverable etc.

Workshop Topics:

    Theoretical reflections on the role of data within humanities research,
    Opportunities and challenges of digital practices within the Arts and Humanities,
    Implementation of the FAIR principles and relevant standards,
    Basics of Research Data Management Planning & tools (e.g. RDMO – Research Data Management Organizer, https://rdmorganiser.github.io/) and further information resources,
    Discussion of needs and next steps.

Participants should bring their own laptop. No special previous knowledge or programming skills are required.

Ulrike Wuttke (Doctor of Literature, Universiteit Gent 2012, wuttke@fh-potsdam.de, Twitter @UWuttke) is a medievalist and textual scholar by training. Her professional activities focus on training and personal counselling on data management, open science and Digital Humanities. In 2017 she started working at the University of Applied Sciences Potsdam, Department of Information Sciences, she joined the RDMO-Team in March 2019.
",,.pptx * .pdf,research data management * digital humanities * FAIR * Open Science,en,lecture * https://w3id.org/kim/hcrt/drill_and_practice,presentation,novice,2019-09-11,,,8.9,1
b00f24e7-dccd-43a2-90b0-c353fa2d9732,"Meier, Kristin",CC-BY-4.0,https://zenodo.org/records/3335699,Research Data Quiz,DINI/nestor UAG Schulungen/Fortbildungen (R) * Research data management (RDM) open training materials (R),"Aim: This quiz can be part of a research data management training. It contains general aspects of research data management and is very handy to summarize contents at the end of a training.

Target group: all RDM-Trainees

Length of time: 10mins

Previous knowledge: none (part of basic course)

required material: print of the quiz

specialist field: none (general)
",https://w3id.org/kim/hochschulfaechersystematik/n0,.docx * .pdf,Training * Research Data * Forschungsdaten * Schulung * Materialsammlung * material collection,en,https://w3id.org/kim/hcrt/educational_game,,novice,2019-06-15,,,339 kB,1
ddc2338a-a214-4d05-a42f-5f5eec3d3529,ETH-Bibliothek * Bibliothèque EPFL,CC-BY-4.0,https://zenodo.org/records/3332363,Data Management Checklist,Research data management (RDM) open training materials (R),"Managing research data throughout its lifecycle ensures its long-term value and prevents data from falling into digital obsolescence. Proper data management is a key prerequisite for effective data sharing throughout the scientific community. This, in turn, increases the visibility of scholarly work and is likely to increase citation rates.

Many funding organizations prescribe the use of data management plans and insist on open access publication of the research results they funded.
Even if a funding body does not explicitly demand data management, following professional curation and preservation concepts has numerous advantages:

    It greatly facilitates the reuse of research data.
    As a result, this increases the impact of research results.
    It saves precious research funds and ultimately natural and human resources by avoiding unnecessary duplication of work.

Today, the availability of well-managed data is part of good scientific practice and ensures the reproducibility of research results, a key requirement at the core of the research process.

The following data management checklist is based on a generalised research data lifecycle, and is flexible enough to be applied to requirements from different funding organisations. It is among the first tangible deliverables of the Swiss Data Life-Cycle Management (DLCM) project, facilitated by swissuniversities and involving the collaboration between eight Swiss higher education institutions.
",,.pdf,research data * research data management * data management plan * checklist * Switzerland * data life-cycle,en,,text,,2016-05-19,researcher,,603 kB,2
195ec2f4-ec3d-40eb-8bdf-4dbb4892b42a,Julien Colomb * Matthew Larkum,CC-BY-4.0,https://zenodo.org/records/3247320,A Figure is worth a thousand emails,Research data management (RDM) open training materials (R),"This presentation is a mix of two elements:

- An introduction about how research data management can help researchers, using version control as an example. It uses the data analysis video linked below

- A progress report on our ""result gallery"" project, which aims at sharing figures as an information unit inside our research consortium, fostering communication and collaboration.

It was presented at the 2019-06-13 SFB1315 workshop.
Here you can optain the raw powerpoint presentation and a pdf export for compability. We added a link to the embed video after the presentation for archive purpose.
",,.pdf * .pptx,rdm * sourcedata * better science * efficiency,en,,presentation,,2019-06-17,,,287,2
64f7378b-4317-40c3-849a-189dc81ac40d,"Wuttke, Ulrike",CC-BY-4.0,https://zenodo.org/records/3247014,Is Your Research Future Proof? Data Management Techniques & Tools for Digital Historians,Research data management (RDM) open training materials (R),"Slides for a Research Data Management Training, incl. introduction to the research data management tool RDMO  held during the conference ""Teaching History in the Digital Age – international Perspectives (DHI Paris), 17.06.2019 (announcement: https://dhdhi.hypotheses.org/5896)

    Audience type: Beginner level, humanists
    Length: 3h
    Languague: English

Learning objectives:

Participants…
• will be able to explain what is (their) humanities research data
• understand Open Principles and the Open Science vision
• can summarize the FAIR principles in a Humanities context
• understand importance of FAIR RDM for their own research
• understand how writing a DMP can help their research
• know the topic areas of a DMP
• have acquired a basic understanding how to address them
• know the data management tool RDMO and have used it
• know where to look for further resources
",https://w3id.org/kim/hochschulfaechersystematik/n0,.pdf * .pptx,,en,,presentation,novice,2019-06-16,,,38.1,1
180b033c-4817-427b-b4a8-419307acee6e,"Wuttke, Ulrike",CC-BY-4.0,https://zenodo.org/records/3233447,Here be dragons: Open Access to Research Data in the Humanities,Research data management (RDM) open training materials (R),"Poster for the DARIAH Annual Event 2019, 15.-17.05.2019, Warsaw
The poster is based on the winning blogpost of the ""Open Humanities Tools and Methods Blog Competition"". The original blogpost under the same title, a slightly modified version of a talk for the conference ILIDE 2019 (Innovative Library in the Digital Era"", held at Jasná, Slowakia, was posted on 09.04.2019 and can be accessed via: https://ulrikewuttke.wordpress.com/2019/04/09/open-data-humanities/.",,.pdf,open Access * digital humanities * research data management * FAIR * RDMO,en,poster,,,2019-05-28,,,4,1
3a9cff68-3c49-4d91-9cae-396f3deba64f,TU9-FDM,CC-BY-4.0,https://zenodo.org/records/2660187,Metadaten,RDM Training Materials for the Engineering Sciences (R) * Research data management (RDM) open training materials (R),"Die Trainingsfolien zu Metadaten entstanden in Kooperation der TU9-Bibliotheken zum Thema Forschungsdatenmanagement (FDM). Inhalt:

    ""Metadaten_Einführung_de"" erklärt den Begriff und die Bedeutung von Metadaten.
    ""Metadaten_SchemaStandardsVokabular_de"" führt die Begriffe Metadatenschema, Metadatenstandard und kontrolliertes Vokabular ein und zeigt, wie diese im Kontext von Forschungsdaten angewendet werden.
    ""Folien_Metadaten_in_der_Praxis_de"" beinhaltet Ansätze zum Vorgehen in der Dokumentation von Forschungsdaten.
    ""Inhalt_Training_Metadaten.pdf"" gibt eine Übersicht zu den Inhalten und Lernzielen der Präsentationen.

",,.pdf * .pptx,FDM * Forschungsdaten * Metadaten,de,,presentation,,2019-05-03,,,2.8,1
4ea96743-d40a-4111-aed0-c96997c4a930,Elias P. Koumoulos * Marco Sebastiani * Nikolaos Romanos * Maritini Kalogerini * Costas Charitidis,CC-BY-4.0,https://zenodo.org/records/2635768,Data Management Plan template for H2020 projects,H2020 project OYSTER (R) * Research data management (RDM) open training materials (R) * EMMC ASBL (R) * European Materials Characterisation Council (R) * EU Open Research Repository (R),"In order to improve and maximize access to and re-use of research data generated by Horizon 2020 projects,within the Open Research Data Pilot (ORD pilot), research data that refer to information, in particular facts or numbers, are collected to be examined and considered as a basis for reasoning, discussion, or calculation. In a research context, examples of data include statistics, results of experiments, measurements, observations resulting from fieldwork, survey results, interview recordings and images. The focus is on research data that is available in digital form. The ORD pilot takes into account the need to balance openness and protection of scientific information, commercialization and Intellectual Property Rights (IPR), privacy concerns, security as well as data management and preservation questions. The ORD pilot applies primarily to the data needed to validate the results that are presented in scientific publications. However, other data can also be provided by the beneficiaries. In principle, developing a Data Management Plan (DMP) is a key element for efficient data management. DMP describes the life cycle of the data to be generated, collected and processed by a Horizon 2020 project; it is required all projects participating in the extended ORD pilot. However, projects that opt out of the ORD pilot are still encouraged to submit a DMP on a voluntary basis. Aiming for findable, accessible, interoperable and re-usable data (known as FAIR Data), an efficient DMP includes information on:

    the handling of research data during &after the end of the project
    what data will be collected, processed and/or generated
    which methodology & standards will be applied
    whether data will be shared/made open access and
    how data will be curated & preserved (also after the end of the project)

",,.pdf,Data Management Plan * access to and re-use of research data * Open Research Data Pilot (ORDP) * statistics * database * findable * accessible * interoperable and re-usable data (FAIR Data) * template * H2020 * Horizon * NMBP,en,https://w3id.org/kim/hcrt/other,,,2019-04-10,,,701 kB,1.100419
cb0b603e-06bf-46cf-a1a9-31671ff1928d,"Trautwein-Bruns, Ute * Jagusch, Gerald * von der Ropp, Stephan",CC-BY-4.0,https://zenodo.org/records/2598797,Workshop zur Anpassung von Datenmanagementplanvorlagen im Maschinenbau,NFDI4ING (S) * Research data management (RDM) open training materials (R),"Der Workshop wurde in Kooperation der Universitätsbibliothek der RWTH Aachen University und der Universitäts- und Landesbibliothek der TU Darmstadt entwickelt und im Rahmen der im Aufbau befindlichen Nationalen Forschungsdateninfrastruktur für Ingenieurwissenschaften (NFDI4Ing) durchgeführt. Er wurde veranstaltet, um Input zur fachspezifischen Anpassung einer generischen Datenmanagementplan-Vorlage für wissenschaftliche Disziplinen im Bereich des Maschinenbaus zu erhalten.",https://w3id.org/kim/hochschulfaechersystematik/n63,.pdf,Datenmanagementplan * data management plan * Forschungsdatenmanagement * Research data management * Forschungsdaten * Research data * Research Data Management Organiser * RDMO,de,,text,,2019-03-19,,,2.7,1
1fff283a-4e07-45fd-aebd-3e5c69efc373,"Biernacka, Katarzyna * Dolzycka, Dominika * Buchholz, Petra * Helbig, Kerstin ",CC-BY-4.0,https://zenodo.org/records/2547339,Wie FAIR sind Deine Forschungsdaten?,FDMentor (S) * Research data management (RDM) open training materials (R),"Informationsmaterial zu den ""FAIR Data Principles"".",,.pdf,FAIR Data * Forschungsdaten * Research Data * Forschungsdatenmanagement * Research Data Management * FAIR * Findable * Accessible * Interoperable * Reusable,de,poster,,novice,2019-01-23,,,375 kB,1
aa762520-7df3-42c5-9676-5f2ceabbf016,"Wuttke, Ulrike",CC-BY-4.0,https://zenodo.org/records/2546783,Future Proof and FAIR Research Data: Open Data Management Best Practices and First Steps (Hands-On Session),PARTHENOS Training (S) * Research data management (RDM) open training materials (R),"Slides from Hands-On Session ""Future Proof and FAIR Research Data: Open Data Management Best Practices and First Steps"" (1,5 h) at the Workshop ""How to make the most of your publications in the Humanities? Discover evolving trends in open access (FOSTER Plus & DARIAH-EU"", 21.01.2019 at Humboldt University Berlin

Read more about the Workshop: https://www.fosteropenscience.eu/node/2547
",https://w3id.org/kim/hochschulfaechersystematik/n0,.pdf * .pptx,research data management * humanities * heritage science * digital humanities * open data * open access * open science,en,,presentation,novice,2019-01-22,,,27.9,1
83c6b8cf-37c8-4bfc-86cf-3a846b2f41f3,"Steves, Vicky",CC-BY-NC-SA-4.0,https://zenodo.org/records/2530961,Introduction to Research Data Management,Research data management (RDM) open training materials (R),A class session focusing on basic topics in research data management.,,.pdf,research data management * rdm ,en,lecture,presentation,novice,2017-06-12,,,2,1
9046ca13-2a84-4d09-9f2b-4b48c45a34a9,"Donaldson, Mary * Higman, Rosie",CC-BY-4.0,https://zenodo.org/records/1745533,Arts and Humanities Research Council Data Management Plan Rubric,Research data management (RDM) open training materials (R) * Research Data Network (R),"This rubric is designed as a checklist or marking aid for those reviewing data management plans for submission to the Arts and Humanities Research Council (AHRC). The Data Management Plan should outline the project’s approach to managing data. It is mandatory to include for all Leadership Fellows, Research Grants and Follow on Funding applications but is not required for Research Networking.

It is an updated version of the original rubric created by Sarah Jones, Digital Curation Centre, to reflect the changes in the data management requirements of the AHRC:  

http://www.dcc.ac.uk/sites/default/files/documents/resource/DMP/AHRC%20DMP%20Compliance%20rubric.pdf
",,.pdf,research data management * humanities * arts * data management plans,en,lecture,,,2018-11-30,,,663 kB,1
52daa034-0f4d-45a5-85e6-ee7ba0d6b957,"Rekowski, Thomas",CC-BY-SA-4.0,https://zenodo.org/records/1468358,Durability of Storage Media,Research data management (RDM) open training materials (R),Handout on storage media durability.,https://w3id.org/kim/hochschulfaechersystematik/n0,.pdf,storage media * lifespan * research data management * FoDaKo,en,poster,text * image,novice,2018-10-22,,,372 kB,1
5a71deb6-e01a-434e-a8d6-ac65cfb28942,"Jones, Sarah",CC-BY-4.0,https://zenodo.org/records/1461601,What you need to know about DMPs,EU Open Research Repository (R) * DCC (R) * Research data management (RDM) open training materials (R),"Presentation given as part of the 2018 OpenAIRE-FOSTER Open Access week webinar series. The tutorial is aimed at librarians and data support staff who are assisting researchers with Data Management Plans (DMPs). It reflects on recent trends and developments that will help in service delivery, including changing policies for DMPs, how funders review DMPs, new tools and international activities to make DMPs Open, machine-actionable and FAIR.",,.pptx,DMP * Data Management Plan * data policy * funder * review * tools * DMPonline * DMPOpidor * DMPTuuli * RDMOrganiser * OpenDMP * EasyDMP * machine-actionable * DMP * Open * open data * open access,en,tutorial,presentation,,2018-10-13,data steward,,4.1,1
289b4efc-0cfa-4f64-a161-32a555e36ae9,"Jones, Sarah",CC-BY-4.0,https://zenodo.org/records/1451956,Machine-actionable DMP workshop: defining requirements and priorities in the South African context,Research data management (RDM) open training materials (R),"Data Management Plans (DMPs) are becoming commonplace across the globe, but opportunities are being missed to make the best use of the data and truly support researchers’ practices. The current manifestation of a DMP—a static pdf/doc/txt file created before a project even begins—only contributes to the perception that they are an annoying administrative exercise. What they really are is an integral part of research practice since today most research (across all disciplines) involves data, code, and other digital components. So can we reimagine DMPs in this context? 

This workshop addressed ideas for making DMPs machine-actionable and integrating them with other tools and services to embed the DMP in existing research workflows. Brainstorming and discussion sessions will give participants an opportunity to define and prioritise use cases that connect the DMP to support services and make the best use of the data. These ideas will help to shape the future functionality of Data Management Planning tools and services.
",,.pptx * .pdf,Data Management Plan * DMP * openDMP * machine-actionable * DMPonline * research data management  ,en,,text,,2018-10-08,researcher,,8.5,1
39374553-6b1e-4d7f-8b7c-0820da760b52,"Dolzycka, Dominika * Biernacka, Katarzyna * Buchholz, Petra * Cortez, Katrin",CC-BY-4.0,https://zenodo.org/records/1441115,Forschungsdatenmanagement,FDMentor (S) * Research data management (RDM) open training materials (R),Informationsmaterial zum Thema Forschungsdatenmanagement.,https://w3id.org/kim/hochschulfaechersystematik/n0,.pdf,Forschungsdatenmanagement * Research Data Management * Research Data * Forschungsdaten,de,poster,,novice,2018-10-01,,,181 kB,1
04924ca5-9628-4f5f-868d-062b060bf002,"Biernacka, Katarzyna * Dolzycka, Dominika * Buchholz, Petra",CC-BY-4.0,https://zenodo.org/records/1440956,Wie publiziere ich Forschungsdaten?,FDMentor (S) * Research data management (RDM) open training materials (R),Informationsmaterial zur Publikation von Forschungsdaten.,,.pdf,Forschungsdaten * Research Data * Beratung,de,poster,,novice,2018-10-01,researcher,,160 kB,1
80c1c46f-a510-4355-b0b2-2f9162e72052,EDINA and Data Library,CC-BY-4.0,https://zenodo.org/records/1062722,Research Data Management overview,Research data management (RDM) open training materials (R),"This resource is derived from MANTRA - http://mantra.edina.ac.uk/ - and provides an overview of RDM in four short modules which can be edited so as to add information about local Research Data Management support services, before local deployment in a VLE or on the Web (N.B. Requires Xerte Online Toolkits - http://www.xerte.org.uk.). 

    Introduction
    Finding data
    Working with research data
    Data management planning 

",,,RDM * Research Data Management ,en,lecture,,,2017-11-20,,,17.7,1.2
473dc445-184c-4b5e-8c58-f38cba0c8017,"EDINA and Data Library, University of Edinburgh",CC-BY-4.0,https://zenodo.org/records/1035218,Research Data MANTRA (online training units & data handling tutorials),Research data management (RDM) open training materials (R),"

MANTRA is an online training course which provides guidelines for good practice in research data management. This release presents the learning units and practical data handling tutorials and materials available on the MANTRA site as of October 2017. The course content is applicable to all research disciplines and is particularly appropriate for postgraduate students and early career researchers who work with data and would like to learn more about managing their research data. This course is an Open Educational Resource that is free for anyone to access and use via the website: https://mantra.edina.ac.uk/ 

The online course includes eight online units and one set of offline (downloadable) data handling tutorials:

Research data explained: Understand the nature of research data in a variety of disciplinary settings
Data management plans: Create a data management plan and apply it from the start to the finish of your research project
Organising data: Name, organise, and version your data files effectively
File formats & transformations: Gain familiarity with different kinds of data formats and know how and when to transform your data
Documentation, metadata & citation: Document your data well for yourself and others, learn about metadata standards and cite data properly
Storage & security: Know how to store and transport your data safely and securely (backup and encryption)
Data protection, rights & access: Understand legal and ethical requirements for managing data about human subjects; manage intellectual property rights
Sharing, preservation & licensing: Understand the benefits of sharing, preserving and licensing data for re-use

Data handling using ArcGIS
Data handling using NVIVO
Data handling using R
Data handling using SPSS

The online course units were created using open source software Xerte Online Toolkits 2.x and can be imported and edited into Virtual Learning Environments (VLE) such as Moodle. Video interviews with University of Edinburgh researchers and selected videos are available via the Data Library YouTube channel.",,,Research Data Management * R * ArcGIS * NVIVO * SPSS,en,lecture,,,2017-10-23,researcher * student (PhD),,124.2,1
cfb2f27c-d5a3-4f10-a3d2-198d4c4442ab,EDINA and Data Library,CC-BY-4.0,https://zenodo.org/records/837285,Research Data Management overview,Research data management (RDM) open training materials (R),"This resource is derived from MANTRA - http://mantra.edina.ac.uk/ - and provides an overview of RDM in six short modules that can be edited for local deployment in a VLE or on the Web (N.B. Requires Xerte Online Toolkits - http://www.xerte.org.uk.)

    Introduction
    Finding Data
    Generating and Organising Data
    Evaluating and Mitigating Risk
    Sharing and Publishingh Data
    Data Management Planning",,,RDM * Research Data Management ,en,lecture,,novice,2017-08-01,,,26.3,1
48b55396-51a3-46f5-ba69-5773669434ad,"Jones, Sarah",CC-BY-4.0,https://zenodo.org/records/804484,Data Management Planning and Active DMPs workshop,Research data management (RDM) open training materials (R),"

Slides and exercise from a Data Management Planning workshop session as part of the ""Open Research Data Management: policies and tools"" event in Milan on 24-25th May 2017 - http://www.oa.unito.it/new/workshop-open-research-data-management/

The workshop materials introduce participants to Data Management Plans and provide practical suggestions on how they can be used to support research.The initial presentation (DMP nuts and bolts) gives an overview that explains what DMPs are and why they are useful. A vision of a future world where the DMP is connected to other research systems and tools is provided in the Active DMPs talk. Participants did an exercise to brainstorm how DMPs fit into the research ecosystem at their own institution, and share the requirements they have for tool providers like the Digital Curation Centre and California Digital Library. Advice on what to do next and how to engage in international DMP initiatives are provided in the final presentation.",,.pdf * .docx * .pptx,Data Management Plan * DMP * ActiveDMPs * machine-actionable * Digital Curation Centre * DMPonline * DMPTool * DMPRoadmap,en,,presentation,,2017-06-08,,,12.9,1
fc388cbe-8732-42a6-900b-991bb06c0e72,"Higman, Rosie",CC-BY-4.0,https://zenodo.org/records/400982,How NOT to share your data: avoiding data horror stories,University of Cambridge Zenodo Community (S) * Research data management (RDM) open training materials (R),"This presentation is designed to encourage best practice from researchers when sharing their data. It covers basic issues such as repositories, file formats, and cleaning spreadsheets. It was designed for researchers in the sciences who already have some basic awareness that data sharing has many benefits and is expected by many UK research funders. This presentation should take around 20 minutes to give.",https://w3id.org/kim/hochschulfaechersystematik/n0,.pdf *  .pptx,Research Data Management * Data Sharing * Excel ,en,bestpractices,presentation,,2017-03-20,researcher,,16.6,1
410785e4-fb07-4c05-bc94-03bbf64e7632,"Schneider, René * Stettler, Niklaus * Mastrandrea, Elena",CC-BY-4.0,https://zenodo.org/records/345467,Forschungsdatenmanagement,Research data management (RDM) open training materials (R),"Im Projekt Train 2 Dacar wurden Trainingsmodule zum Forschungsdatenmanagement erstellt und an das entsprechende Zielpublikum vermittelt. Die Vermittlung der Inhalte geschieht unter anderem via E-Learning-Module, die dem breiten Publikum von Forschenden (von welchen in Zukunft effizientes Datenmanagement verlangt wird) für ein Selbststudium sowie Datenbibliothekaren als Lehrmodule für eine Weitergabe im Rahmen von institutionsinternen Kursen und Weiterbildungen zur Verfügung stehen. Die Module sind matrixartig aufgebaut, sodass die Lehreinheiten nicht linear abgearbeitet werden müssen, sondern je nach Wissensstand in beliebiger Reihenfolge bearbeitet werden können. Die Plattform integriert neben Text auch verschiedene Medien darunter Bilder, Grafiken und Videos. Zusätzlich sind die Module mit Storytelling-Elementen und Übungen angereichert.",https://w3id.org/kim/hochschulfaechersystematik/n0,.pdf,research data management * e-learning * training,de,lecture,,,2017-03-04,researcher,,280 kB,1
b824a8f3-f2b1-42b0-85bf-ca3d78219d87,"Higman, Rosie * Teperek, Marta",CC-BY-4.0,https://zenodo.org/records/239090,Template Research Data Management workshop for STEM researchers,Research data management (RDM) open training materials (R) * University of Cambridge Zenodo Community (R),"

These materials are designed as a template for an introductory Research Data Management workshop for STEM postgraduate students and Early Career Researchers. The workshop is interactive and is designed to be run for 2-3 hours depending on which sections of the workshop are delivered. As it is a template workshop there is a lot of material to cover all disciplines, it is unlikely that all sections would be of interest to any one group of researchers. The sections are:
Introduction
Backup and file sharing
How to organise your data well
Data Tools
Personal and sensitive data
Data sharing
Data Management Plans

The workshop works best when adapted for a particular discipline and with a maximum of 30 participants. This workshop was developed for the Data Champions programme at the University of Cambridge and is an adaptation of workshops which are run on a regular basis for PhD students and Postdoctoral researchers. If you would like any more information please email info@data.cam.ac.uk and we would be happy to answer any questions that you have.",,.pdf * .docx * .pptx * .txt,Research Data Management * RDM * Workshop * Data Champions,en,lecture,,,2017-01-11,researcher,,90.1,1
0ebe9668-e75c-49a3-aae1-9fbcb804533d,"Curdt, Constanze * Krämer, Florian * Hess, Volker * Lopez, Ania * Magrean, Benedikt * Rudolph, Dominik * Vompras, Johanna",CC-BY-4.0,https://zenodo.org/records/165126,Einführung in Forschungsdatenmanagement,Research data management (RDM) open training materials (R),"Vorlagefolien zur Einführung in das Thema Forschungsdatemanagement. Zielgruppe: Hochschulgremien, Leitungsebenen. Gedacht zur freien Nachnutzung und Veränderung/Ergänzung mit eigenem institutionellem Logo, etc. Entstanden aus hochschulübergreifender Zusammenarbeit der Hochschulen in Nordrhein-Westfalen.

Presentation sheets for introducing research data management, specially for university boards, management level. Intended to be freely reused an modified using own logo, etc. Originated from the cooperation between the univeristies in North Rhine-Westphalia.

Language: German.
",,.pptx,Forschungsdatenmanagement * Research Data Management * FDM * RDM,de,,presentation,novice,2013-02-28,,,5.1,1
211782f3-74a8-4980-a986-299674c7eb77,"Horton, Laurence",CC-BY-4.0,https://zenodo.org/records/61978,LSE Research Data Management Data Sharing Objections FAQs and Naughts and Crosses Game,Research data management (RDM) open training materials (R),"This collection comprises of a set of common objections to data sharing. There are two components. One is a pdf of common objections to data sharing, with suggested responses to these objections. The other are powerpoint slides for game of naughts and crosses (also known as Tic-tac-toe or X and O) based on these common objections to data sharing. Like the TV version, players are expected to win the square by, in this case, providing a satisfactory response to a data sharing objection. There are two versions of the game. One is a plain slide version, another is a version using a screen shot from the 1970s British comedy game show, ""Celebrity Squares"".",,.pdf *  .pptx,Research Data Management * Game * Naughts and Crosses * Data sharing Objections * Tic-tac-toe * X and O,en,,presentation,,2016-09-08,,,836 kB,1
b4a9234b-af9f-46ac-b5d5-cc7a2550e0b2,"Welburn, Stephen J.",CC-BY-4.0,https://zenodo.org/records/51177,SoDaMaT RDM training materials,Research data management (RDM) open training materials (R),"These files are outputs of the JISC-funded Sound Data Management Training project (SoDaMaT). The project developed and presented research data management (RDM) training to researchers in the field of digital audio.

 

The files are:

    an academic/management briefing on RDM, used as a starting point for a 30 minute session;
    a set of slides for a 1 hour workshop, shorter presentations were also given based on cut-down sets of these slides;
    and a document (in Open Office and PDF format) which contains the content of the SoDaMaT online training materials (the live version of these are held on the SoDaMaT wiki).

Both the briefing and presentation are in open Office format, and will need modifications before use. The presentation also includes some notes on slides for the presenter.

The original source for the materials is the SoDaMaT web-site.
",,.odt * .odp * .pdf,RDMTrain * c4dm * qmul * digital music * research data management * training materials * jiscmrd * rdm * data management,en,,presentation,,2013-02-28,researcher,,617 kB,1
fe8d2eea-c11d-4207-9585-c6827254e747,"Helbig, Kerstin",CC-BY-4.0,https://zenodo.org/records/33485,Hinweise und Checkliste zur Erstellung eines Datenmanagementplans,Research data management (RDM) open training materials (R),"Instructions and checklist for data management plan creation. The document is in German.

Supplemental material to presentation
Helbig, Kerstin et al. (2015). Datenmanagementpläne für EU, DFG und BMBF. Zenodo. 10.5281/zenodo.33482
",,.pdf,research data * research data management * data management plan * funding documents * proposal preparation instructions,de,https://w3id.org/kim/hcrt/other,text,,2015-11-09,,,180 kB,1
3d2cffba-9d03-4862-bdf1-2bd49391eb45,"Helbig, Kerstin * Aust, Pamela",CC-BY-4.0,https://zenodo.org/records/33482,"Datenmanagementpläne für EU, DFG und BMBF",Research data management (RDM) open training materials (R),"Presentation about research data management plans for research funders like European Commission (Horizon 2020 Research Data Pilot), German Research Foundation (Deutsche Forschungsgemeinschaft, DFG) and Federal Ministry of Education and Research (Bundesministerium für Bildung und Forschung, BMBF).

Topics:

    What are data management plans?
    Why do I need a data management plan?
    How does a good data management plan look like? Which aspects need to be kept in mind?
    Practical work with the tool DMPonline (https://dmponline.dcc.ac.uk/)
    Discussion, Q&A session

Workshop held at Humboldt-Universität zu Berlin, 22 October 2015. The slides are in German.

Additional data management plan instructions are also available via Zenodo.
",,.pdf,research data * research data management * data management plan * funding documents * proposal preparation instructions * Horizon 2020 * Deutsche Forschungsgemeinschaft * Bundesministerium für Bildung und Forschung * DMPonline,de,,presentation,,2015-11-09,,,1.8,1
e8eca5e4-85ca-40b7-92c6-b76d6ba4345a,"Wuttke, Ulrike",CC0-1.0,https://zenodo.org/records/33413,WDS-RDA Publishing Data Workflows Working Group Analysis sheet FINAL,Research data management (RDM) open training materials (R),"

NB: This dataset is superseded by:

Murphy, Fiona et al.. (2015). WDS-RDA-F11 Publishing Data Workflows WG Synthesis FINAL CORRECTED. Zenodo. 10.5281/zenodo.33899

Data Publishing Workflows collected and analysed between 1 February - 30 June 2015. Fields were populated using a combination of consultation and desk research. This is a refined version of the previous spreadsheet also lodged in Zenodo: 

Murphy, Fiona et al.. (2015). WDS-RDA Publishing Data Workflows Working Group Analysis sheet. Zenodo. 10.5281/zenodo.19107",,.xlsx,data publishing * workflows * journals * repositories * research data,en,https://w3id.org/kim/hcrt/data,,,2019-06-29,,,0.025,1
0f9c2636-75aa-4cbb-a2ae-fdc0fe9e6d8e,"Clarke, Paul * Jones, Sarah * Gray, Stephen",AAL,https://zenodo.org/records/28548,Managing Creative Arts Research Data post graduate module (Bristol/DCC),Research data management (RDM) open training materials (R),"This post-graduate teaching module for creative arts disciplines is focused on making digital output which is highly usable and has maximum impact. The content is well suited for inclusion within MA programmes dealing with ephemeral art forms such as dance, music, visual art, theatre or media design. Content is presented as stand-alone .HTML documents which can be included within a VLE. Learning is self-directed and an optional, summative assessment exercise is also provided along with a detailed introductory guide. This module was the result of the Jisc-funded CAiRO (Curating Artistic Research Output) project, a collaboration between The University of Bristol and the Digital Curation Centre.",https://w3id.org/kim/hochschulfaechersystematik/n9,.pdf,research data management * performing arts research * teaching modules * creative arts * visual art research * digital preservation * practice as research * postgraduate research skills * research support skills  ,en,lecture,,,2013-06-04,student (BA) * student (MA) * student (PhD) * researcher,,1.2,1
27cbc5c7-f29a-421e-b828-de041151ebd8,"Lloyd-Smith, Lindsay",CC-BY-NC-SA-4.0,https://zenodo.org/records/28525,Research data management training modules in Archaeology (Cambridge),Research data management (RDM) open training materials (R),"Looking after digital data is central to good research. We all know of horror stories of people losing or deleting their entire dissertation just weeks prior to a deadline! But even before this happens, good practice in looking after research data from the beginning to the end of a project makes work and life a lot less stressful. Defined in the widest sense, digital data includes all files created or manipulated on a computer (text, images, spreadsheets, databases, etc). With publishing and archiving of research increasingly online we all have a responsibility to ensure the long-term preservation of archaeological data, while at same time being aware of issues of sensitive data, intellectual property rights, open access, and freedom of information. The DataTrain teaching materials have been designed to familiarise post-graduate students in good practice in looking after their research data. A central tenet is the importance of thinking about this in conjunction with the projected outputs and publication of research projects. The eight presentations, followed by group discussion and written exercises, follow the lifecycle of digital data from pre-project planning, data creation, data management, publication, long-term preservation and lastly to issues of the re-use of digital data. At the same time the course follows the career path of researchers from post-graduate research students, through post-doctoral research projects, to larger collaborative and inter-disciplinary projects. The teaching material is targeted at co-ordinators of Core Research Skills courses for first year post-graduate research students in archaeology. The material is open access and you are invited to re-use and amend the content as best suits the requirements of your university department. The complete course is designed to run either as a four hour half-day workshop, or 2 x 2 hour classes. Alternatively, individual modules can be slotted into existing data management and core research skills teaching.",https://w3id.org/kim/hochschulfaechersystematik/n012,,research data management * postgraduate research skills * archaeology * research support skills,en,lecture,,,2015-08-19,,,16.4,1
fb7b8e4c-3717-45c2-8417-d8d0fbaaa21a,"Gray, Stephen * Jones, Sarah * Molloy, Laura",CC-BY-NC-SA-4.0,https://zenodo.org/records/28528,Curating Artistic Research Output - narrated slideshow,Research data management (RDM) open training materials (R),"Narrated slideshow. Presentation given by Stephen Gray of the CAiRO project (University of Bristol) at the 'Managing Performance Data and Documentation' seminar, University of Glasgow on Thursday 17th February 2011, hosted by Sarah Jones and Laura Molloy (both University of Glasgow) of the Incremental project (funded by the JISC Managing Research Data programme). 

Stephen discusses the CAiRO project's activities and the challenges facing good management of creative arts research data.",https://w3id.org/kim/hochschulfaechersystematik/n9,.ppt,research data management * creative arts * creative arts Research * research data,en,lecture,,,2013-06-04,,,1.1,1
7a49c3f1-5d1a-47f6-885c-af2bb3cbeea9,"Peano, Irene",CC-BY-NC-SA-4.0,https://zenodo.org/records/28523,Research data management training modules in Social Anthropology (Cambridge),Research data management (RDM) open training materials (R),"Looking after digital data is central to good research. We all know of horror stories of people losing or deleting their entire dissertation just weeks prior to a deadline. Even before this happens, good practice in looking after research data from the beginning to the end of a project makes work and life a lot less stressful. Defined in the widest sense, digital data includes all files created or manipulated on a computer (text, images, spreadsheets, databases, etc). With publishing and archiving of research increasingly being online, we all have a responsibility to ensure the long-term preservation of our research data, while at same time being aware of issues of sensitive data, intellectual property rights, open access, and freedom of information. The DataTrain teaching materials have been designed to familiarise post-graduate students in good practice in looking after their research data. A central tenet is the importance of thinking about this in conjunction with the projected outputs and publication of research projects. This teaching package is focussed on data management for Social Anthropology.",,,research data management * social anthropology * postgraduate research skills * research support skills,en,lecture,,,2013-06-04,student (PhD),,2.7,1
e3ec97b9-c1e0-4979-a83c-2134e38e41bc,"Young, Grant",CC-BY-NC-SA-4.0,https://zenodo.org/records/28544,Digital Preservation for Researchers - teaching modules (Cambridge),Research data management (RDM) open training materials (R),"The JISC Managing Research Data Programme-funded PrePARe project ran from 1 Nov 2011 to 31 July 2012.  It aimed to encourage researchers to take an interest and responsibility in digital preservation of their research outputs. Training materials in digital preservation have been designed to slot into existing training courses on related areas, such as Information Literacy and reference management. Five short modules provide an introduction to why digital preservation matters, and cover the issues of safe storage of digital materials, documentation and metadata, data sharing and re-use and data management planning, to think about these issues early in the research process. The resources consist of a series of slides for each module, and a guide on how the resources can be used, including suggested discussion questions and script for use with the slides.",,.pdf * .txt * .pptx,open Access * repositories * storage * data management planning * data reuse * data sharing * research data * metadata * documentation * data management * digital preservation,en,lecture,,,2012-06-30,researcher,,20.3,1
de58a632-6e7a-4b41-8bd1-873c0abe64ad,"Wilson, James * Patrick, Meriel",CC-BY-NC-SA-4.0,https://zenodo.org/records/28329,Information Management for Researchers - Organising Humanities Material (Oxford),Research data management (RDM) open training materials (R),"Research Information Management: Organising Humanities Material is a course for humanities researchers (including graduate students), designed to occupy about half a day. Included are a course book, a set of sample files for use during course exercises, and a slideshow for classroom use (the course book and exercise files can also be used for individual study). Topics covered include: identifying your working style; organising paper and electronic material; file and folder structures; tagging vs. hierarchical filing; retrieving information; and linking notes and sources. These course materials are part of a set of resources created by the JISC Managing Research Data programme-funded Sudamih Project at Oxford University Computing Services in 2011.",,.doc * .ppt,research skills * study skills * software tools * linking information * information retrieval * tag-based filing * hierarchical filing * file structures * folder structures * organisation * organising research material * organising research information * personal information managment * research data management * research data * researchers * research,en,lecture,,,2013-06-29,researcher,,7.6,1
30da11cc-2827-4e2b-80be-f49aaf97298e,"Wilson, James * Patrick, Meriel * Rumsey, Sally",CC-BY-NC-SA-4.0,https://zenodo.org/records/28328,Introduction to Research Data Management - factsheet (Oxford),Research data management (RDM) open training materials (R),"This fact-sheet provides a basic introduction to managing research data. It covers what is meant by data management, why it's important, and some key things that researchers need to think about. Two versions are available: a printer friendly one (with URLs given in full), and one suitable for display online (with embedded links). The fact-sheet is part of a set of resources created by the Jisc-funded DaMaRO Project at the University of Oxford. (NB. The fact-sheet includes some Oxford-specific information.)",,.ppt,data curation * data sharing * backing up * research data management * data management * research data * researchers,en,lecture,,novice,2013-06-22,researcher,,32.1 kB,1
7655d869-6f78-4e48-afb0-49076045c9e8,"Price, Simon * Gray, Stephen",CC-BY-4.0,https://zenodo.org/records/28547,Introduction to Research Data Management for Researchers (Bristol),Research data management (RDM) open training materials (R),"The data.bris project was funded by JISC as part of its Research Data Management programme, over 19 months from October 2011 to April 2013. The central aim of the project was to establish a research data repository service at the University of Bristol, building on the investment already made in research data storage through the Research Data Storage Facility. The service was piloted within the Faculty of Arts and a business plan developed to extend the model across the University.

The attached five-page leaflet was published by the data.bris project on 1 August 2013.",,.pdf,research data management * research data * research support skills * self study materials * postgraduate research skills * data sharing * data storage * copyright,en,lecture,text,,2013-08-01,student (PhD) * researcher,,0.111,1
310d4ae8-f943-442f-8a23-6279c822be45,"Wilson, James",CC-BY-NC-SA-4.0,https://zenodo.org/records/28331,Information Management for Researchers - Good Practice Guides (Oxford),Research data management (RDM) open training materials (R),"The Research Information Management Guides are a series of articles covering a range of topics relating to the management of material used in the course of a research project. They include tips for good practice, and details of useful software tools. Areas covered include: organising research material; bibliographic software; note taking; working with structured data; and file and document management. The Guides are part of a set of resources created by the Sudamih Project at Oxford University Computing Services in 2011.",,.doc,research skills * humanities research skills * study skills * self study materials * organising research information * research data management * data sharing * data archiving * research tools * data management planning * structuring and documenting data * data ethics * file naming,en,article,,,2013-06-26,,,3.6,1
eb202a49-3fc2-46e0-94fb-8753bb9f732f,"Wilson, James * Patrick, Meriel",CC-BY-NC-SA-4.0,https://zenodo.org/records/28330,Information Management for Researchers: Tools for the Humanities (Oxford),Research data management (RDM) open training materials (R),"Research Information Management: Tools for the Humanities is a course for humanities researchers, designed to occupy about half a day. Included are a course book, a set of sample files for use during course exercises, and a slideshow for classroom use (the course book and exercise files can also be used for individual study). Topics covered include: selecting appropriate software tools; organising electronic material; retrieving information; integrating varied material; and when to consider using a database. The course introduces a range of software tools, many of which are available free of charge. These course materials are part of a set of resources created by the JISC Managing Research Data-funded Sudamih Project at Oxford University Computing Services in 2011.",,.doc * .ppt,research data management * research support skills * information management * information retrieval * postgraduate research skills,en,lecture,,,2013-06-29,,,2.1,1
ded4d79d-a92a-4d11-81f3-26cde4cbed9e,"Gray, Stephen * Jones, Sarah * Molloy, Laura",CC-BY-NC-SA-4.0,https://zenodo.org/records/28529,The Benefits of Sharing Creative Arts Research Data - short video,Research data management (RDM) open training materials (R),"In this short (50-second) video, Stephen Gray of Project CAiRO (Curating Artistic Research Output) discusses the benefits of sharing data with particular reference to practitioners and researchers within the live and performing arts. More about the CAiRO project at http://www.projectcairo.org/. Created by JISC Incremental project at University of Cambridge and University of Glasgow.",,.mp4,research data management * research data * creative arts research * performing arts * data reuse * data sharing * video,en,lecture,,,2013-06-04,,,9,1
2860794f-2d8c-4f35-97d8-fb552bb24aa9,"Davidson, Joy",CC-BY-4.0,https://zenodo.org/records/28545,Digital Curation Centre - 'Train the Trainer' Research Data Management training resources,Research data management (RDM) open training materials (R),"The Digital Curation Centre (DCC) - website at http://www.dcc.ac.uk - is a world-leading centre of expertise in digital information curation with a focus on building capacity, capability and skills for research data management across the UK's higher education research community. 

The Digital Curation Centre provides expert advice and practical help to anyone in UK higher education and research wanting to store, manage, protect and share digital research data.

The DCC provides access to a range of resources including our popular How-to Guides, case studies and online services. Our training programmes aim to equip researchers and data custodians with the skills they need to manage and share data effectively.

We also provide consultancy and support with issues such as policy development and data management planning.

In an effort to build capacity and to improve the sustainability of current and emerging curation training materials, the DCC seeks to identify and promote training materials available to those charged with developing and/or delivering RDM training within their institutions. The DCC is keen to cooperate with other training providers to share knowledge and resources and to reduce duplication of effort across the sector.

Our generic DC 101 training materials are available to reuse as the basis for disciplinary or institutional-specific training. We have also developed RDM training aimed specifically at librarians and research administrators.

The resources made available here are created by a variety of DCC members of staff and collaborators.  Joy Davidson is listed as the Associate Director of the Digital Curation Centre and the lead on training activity.  The collection contains presentation slides, classroom exercises and guidance resources for use in the classroom.  These modular materials provide a variety of ways to deliver introductory advocacy and training sessions in research data management for a variety of higher education and research audiences including research support staff, research infrastructure managers, postgraduate students and researchers of various disciplines. 
",,.doc * .pptx * .docx * .pdf,research data management * digital curation * research support skills * research data * data management planning * costing for data management * data sharing * research funder requirements * research data services modelling * Digital Curation Centre * teaching resources,en,lecture,,,2015-08-19,student (PhD) * researcher * data steward,,5.4,1
23d6c2ae-9c48-4c29-b888-0955805e09b2,"Grace, Stephen",CC-BY-4.0,https://zenodo.org/records/28034,SupportDM (UEL) Module 4: What Data to Keep and Why,Research data management (RDM) open training materials (R),"Fourth module on selection and appraisal of data for long term curation, part of the supportDM course aimed at those in RDM support roles. Suitable for staff in library, IT and research office settings. The online module is in Xerte, and comes with supporting documentation including a presentation, notes on running the course and exercise handouts.",,.,research data management * data appraisal * appraisal * data curation * librarian skills * research support skills * data selection,en,lecture,,,2014-04-01,,,4.4,1
a2ce9687-e509-4c7e-967f-e54887e3f7af,"Jones, Sarah",CC-BY-4.0,https://zenodo.org/records/28033,SupportDM (UEL) Module 3: Data Management Planning,Research data management (RDM) open training materials (R),"Third module data management planning, part of the supportDM course aimed at those in RDM support roles. Suitable for staff in library, IT and research office settings. The online module is in Xerte, and comes with supporting documentation including a presentation, notes on running the course and exercise handouts.",https://w3id.org/kim/hochschulfaechersystematik/n06,.,research data management * librarian skills * data management planning * research support skills,en,lecture,,,2014-04-01,researcher * data steward,,5.3,1
0bee2763-8790-40a5-8de0-c27787dc59c9,"Wilson, James * Rumsey, Sally * Patrick, Meriel",CC-BY-NC-SA-4.0,https://zenodo.org/records/28325,Introduction to Research Data Management - half-day course (Oxford),Research data management (RDM) open training materials (R),"Introduction to research data management - a half-day course

Teaching resources for a half-day course for researchers (including postgraduate research students), giving a general overview of some major research data management topics. Included are a slideshow with presenter's notes, a key resources hand-out, and two other hand-outs for use in a practical data management planning exercise. These course materials are part of a set of resources created by the JISC Managing Research Data programme-funded DaMaRO Project at the University of Oxford. The original version of the course includes some Oxford-specific material, so delocalized versions (which omit this) of the slideshow and the key resources hand-out are also provided.",,.pdf * .pptx,research data management * research data * research support skills * data management planning * postgraduate research skills,en,lecture,,novice,2013-06-22,student (PhD) * researcher * data steward,,10.4,1
6d808aa4-acdb-48d5-a706-be910e0a4b15,"McElroy, David * Grace, Stephen",CC-BY-4.0,https://zenodo.org/records/28322,Managing Your Research Data Workshop Materials (UEL) - Slides and Workbook,Research data management (RDM) open training materials (R),UEL Research Data Management Workshop,,.pdf,research data management * research data * research support skills,en,lecture,,,2014-03-24,,,4.9,1
ac288ece-711b-4919-8739-75ab7455d45a,"Murtagh, John",CC-BY-4.0,https://zenodo.org/records/28321,Data Management for Geoinformatics (UEL),Research data management (RDM) open training materials (R),"A short course in aspects of data management for geoinformatics, aimed at postgraduate students dealing with data that has a geospatial element. The four modules (data collection, integration, management and sharing) are suitable as classroom presentations or for individual learning.",https://w3id.org/kim/hochschulfaechersystematik/n039,.docx * .pdf,research data management * geoinformatics * geography * research support skills * data sharing,en,lecture,,,2014-04-01,student (PhD),,14.1,1
03709976-1060-4c04-a5db-730f10730d18,"Goodger, Dr Joanna L",CC-BY-NC-4.0,https://zenodo.org/records/28029,RDM Training (Herts) Module 4: Finishing Touches,Research data management (RDM) open training materials (R),"At the end of a research project, the science is published and the data should be preserved. This final RDM module includes advice on where to publish the science outcomes and the supporting data as well as how to select the data, anonymise it, and choose the right archive for your data. Slides and training notes are included in this pack in one collection, but can be divided into four sections: publication, preserving data, anonymisation, and archiving data.",,.pdf,research data * training * research data management * archiving * data archiving * data anonymisation,en,lecture,,,2013-06-01,,,1.9,1
d14234e9-b70d-4159-92d5-50a825eaa4d6,"Wilson, James * Patrick, Meriel * Rumsey, Sally",CC-BY-NC-SA-4.0,https://zenodo.org/records/28326,Introduction to Research Data Management - case studies (Oxford),Research data management (RDM) open training materials (R),"Three research data management case studies (one each from the humanities, social sciences, and physical sciences), presented as slideshows. Based on information given by real researchers, these are designed to provide concrete examples of a number of aspects of data management practice. The slideshows are part of a set of resources created by the JISC Managing Research Data programme-funded DaMaRO Project at the University of Oxford. They can be used in conjunction with the DaMaRO Project's half-day Introduction to Research Data Management course materials, to provide discipline-specific examples, or as a standalone resource to trigger discussion.",https://w3id.org/kim/hochschulfaechersystematik/n01 * https://w3id.org/kim/hochschulfaechersystematik/n148 * https://w3id.org/kim/hochschulfaechersystematik/n4,.pptx,research data management * case studies * humanities research data * social sciences research data * physical sciences research data * research support skills * data sharing * metadata development * file naming * data back up * data storage * postgraduate research skills,en,lecture,,,2013-06-22,student (PhD),,0.6,1
de2a1f7f-8f4f-4a75-af5a-c8a6d5d47fbb,"Duke, Monica",CC-BY-4.0,https://zenodo.org/records/28035,SupportDM (UEL) Module 5: Cataloguing Data,Research data management (RDM) open training materials (R),"Fifth module on cataloguing and describing data to help its comprehension and discovery, part of the supportDM course aimed at those in RDM support roles. Suitable for staff in library, IT and research office settings. The online module is in Xerte, and comes with supporting documentation including a presentation, notes on running the course and exercise handouts.",https://w3id.org/kim/hochschulfaechersystematik/n06,,research data management * librarian skills * data documentation * data cataloguing * research support skills,en,lecture,,,2014-04-01,,,24.4,1
78d45b48-c270-4af7-86df-de6b6c3c07ea,"Wilson, James * Patrick, Meriel * Rumsey, Sally",CC-BY-NC-SA-3.0,https://zenodo.org/records/28327,Introduction to Research Data Management - slide shows (Oxford),Research data management (RDM) open training materials (R),"These slideshows provide a brief introduction to key issues in research data management. They are designed for use in induction events for new researchers, or as part of a research skills course. Three versions are provided: all cover broadly the same ground, but in different degrees of detail. These slideshows are part of a set of resources created by the JISC Managing Research Data programme-funded DaMaRO Project at the University of Oxford. (NB. The slides include some Oxford-specific information.)",,.ppt,research data management * research data * postgraduate research skills * research support skills * workshop materials,en,lecture,,novice,2013-06-22,student (PhD) * data steward,,0.5,1
339e1871-70f2-4ed2-b27e-95c7769caa16,"Goodger, Dr Joanna L",CC-BY-NC-4.0,https://zenodo.org/records/28026,RDM Training (Herts) Module 1: Project Planning,Research data management (RDM) open training materials (R),"This module introduces data management plans and the considerations that should be made during the planning stage of a project. After an introduction to funding body requirements and the benefits of sharing data to research, the DMPonline tool is promoted as the prefered method of completing a data management plan, as required by funding bodies. Finally, a brief breakdown of the content of data management plans and advice on completing them is included. Slides and training notes are included in this pack in one collection, but can be divided into three sections: an introduction to RDM, data management plans, and the project lifecycle, to be used separately.",,.pdf,RDMTrain * RDM Toolkit Project * data management plans * project planning * research data management training * research training * jiscmrd * research data management * rdm,en,lecture,,,2014-01-27,,,3.7,1
d425f4c2-e95c-4f3a-9b89-b8f0ca6c05dc,"Goodger, Dr Joanna L",CC-BY-NC-4.0,https://zenodo.org/records/28027,RDM Training (Herts) Module 2: Getting Started,Research data management (RDM) open training materials (R),"This module highlights research data management issues that should be addressed when starting a project: choosing file structures and naming conventions, file versioning, metadata and documentation, software choices, and the best practice for programming. Considering these details before data collection ensures that the data are well managed and organised, and require fewer transformations when preparing them for publication. Slides and training notes are included in this pack in one collection, but can be divided into five sections: filing systems, metadata, software, documentation, and coding.",,.pdf,RDMTrain * RDM Toolkit Project * documentation * software * metadata * naming conventions * filing * best practice * coding * research data management * research training * jiscmrd * research data management * rdm,en,lecture,,,2014-01-27,,,2.5,1
3e986a5a-0991-4b15-9562-061554d0fd6c,"Grace, Stephen",CC-BY-4.0,https://zenodo.org/records/28034,SupportDM (UEL) Module 4: What Data to Keep and Why,Research data management (RDM) open training materials (R),"Fourth module on selection and appraisal of data for long term curation, part of the supportDM course aimed at those in RDM support roles. Suitable for staff in library, IT and research office settings. The online module is in Xerte, and comes with supporting documentation including a presentation, notes on running the course and exercise handouts.",https://w3id.org/kim/hochschulfaechersystematik/n06,.swf * .png,research data management * data appraisal * appraisal * data curation * librarian skills * research support skills * data selection,en,lecture,,,2014-04-01,data steward,,4.4,1
b7763059-01ef-4603-b83b-8133adb7a566,"Jones, Sarah",CC-BY-4.0,https://zenodo.org/records/28033,SupportDM (UEL) Module 3: Data Management Planning,Research data management (RDM) open training materials (R),"Third module data management planning, part of the supportDM course aimed at those in RDM support roles. Suitable for staff in library, IT and research office settings. The online module is in Xerte, and comes with supporting documentation including a presentation, notes on running the course and exercise handouts.",https://w3id.org/kim/hochschulfaechersystematik/n06,.js * .db * .swf * .png,research data management * librarian skills * data management planning * research support skills,en,lecture,,,2014-04-01,data steward,,5.3,1
79fa7fab-a93a-4128-aee1-19c61c1bb1dc,"Wilson, James * Rumsey, Sally * Patrick, Meriel",CC-BY-NC-SA-4.0,https://zenodo.org/records/28325,Introduction to Research Data Management - half-day course (Oxford),Research data management (RDM) open training materials (R),"Introduction to research data management - a half-day course

Teaching resources for a half-day course for researchers (including postgraduate research students), giving a general overview of some major research data management topics. Included are a slideshow with presenter's notes, a key resources hand-out, and two other hand-outs for use in a practical data management planning exercise. These course materials are part of a set of resources created by the JISC Managing Research Data programme-funded DaMaRO Project at the University of Oxford. The original version of the course includes some Oxford-specific material, so delocalized versions (which omit this) of the slideshow and the key resources hand-out are also provided.",,.pdf * .pptx,research data management * research data * research support skills * data management planning * postgraduate research skills,en,lecture,,,2013-06-22,student (PhD) * researcher * data steward,,10.4,1
311d5133-369a-4948-a10e-9fffa3b0af03,"McElroy, David * Grace, Stephen",CC-BY-NC-SA-4.0,https://zenodo.org/records/28322,Managing Your Research Data Workshop Materials (UEL) - Slides and Workbook,Research data management (RDM) open training materials (R),UEL Research Data Management Workshop,,.pdf,research data management * research data * research support skills ,en,lecture,,novice,2015-03-24,,,5,1
ee7ec919-f714-4ab7-a72f-99b1be4750ee,"Murtagh, John",CC-BY-4.0,https://zenodo.org/records/28321,Data Management for Geoinformatics (UEL),Research data management (RDM) open training materials (R),"A short course in aspects of data management for geoinformatics, aimed at postgraduate students dealing with data that has a geospatial element. The four modules (data collection, integration, management and sharing) are suitable as classroom presentations or for individual learning.",https://w3id.org/kim/hochschulfaechersystematik/n039,.pptx,research data management * geoinformatics * geography * research support skills * data sharing,en,lecture,,,2014-04-01,,,14.1,1
6b63a368-905f-4f15-955a-d489b84ac817,"Goodger , Dr Joanna L",CC-BY-NC-4.0,https://zenodo.org/records/28028,RDM Training (Herts) Module 3: Safeguarding Data,Research data management (RDM) open training materials (R),"Discussing the benefits and risks of storage media, back up systems, sharing data across the internet, and general security, this training module encourages secure storage and sharing of data whilst in the working stage of a research project. Slides and training notes are included in this pack in one collection, but can be divided into four sections; storage solutions, keep it safe - back up, sharing, and security.",,.pdf,RDMTrain * RDM Toolkit Project * best practice * encryption * security * data sharing * backing up data * storing data * research training * jiscmrd * research data management training * research data management * rdm,en,lecture * bestpractices,,,2014-01-27,,,1.8,1
4bcdc4ba-2530-4095-94c3-f829d6ffe197,"Thurston, Milo * Lister, Allyson * Granell, Ramon * Batista, Dominique * McQuilton, Peter * Rocca-Serra, Philippe * Sansone, Susanna-Assunta",CC-BY-4.0,https://zenodo.org/records/17045694,FAIRsharing Application: Schema,FAIRsharing (S),This document describes the form in which data are stored in the FAIRsharing application. It will give insight into the data which can be obtained via FAIRsharing's REST API. The document explains the internal data model rather than how to make requests for data and in what format the answers will be returned; these are to be documented separately.,,.pdf,FAIR data * FAIRsharing ,en,,,,2025-09-03,,,1.2,3
c52701fb-989b-4c48-8f5a-d7806c07db97,"Lister, Allyson * Sansone, Susanna-Assunta",CC-BY-SA-4.0,https://zenodo.org/records/16778047,"FAIRsharing Overview for EOSC OA2 Metadata, Ontologies and Interoperability",FAIRsharing (S),"Overview of FAIRsharing key functionalities, with focus on terminologies, to the EOSC OA2: Metadata, Ontologies and Interoperability expert group. ",,.pdf,,en,,presentation,,2025-07-15,,,2,1
f5c3faa5-6d10-4975-9418-92ea8a553efa,"Bonatto Minella, Christian * Willighagen, Egon * Martens, Marvin * Lister, Allyson * Granell, Ramon",CC-BY-4.0,https://zenodo.org/records/15799783,The ELIXIR Toxicology Community Collection of FAIR-enabling standards and data resources,EU Open Research Repository (R) * FAIRsharing (S) * ELIXIR Europe (S),The ELIXIR Toxicology Community Collection of FAIR-enabling standards and data resources,,.pdf,FAIRsharing * FAIRsharing educational * ELIXIR * MeSH * Toxicology,en,lecture,,,2025-07-03,,,290 kB,2
e3619b89-54df-46a3-b427-398f5e14cf9b,"Paupério, Joana * Lister, Allyson * Granell, Ramon",CC-BY-4.0,https://zenodo.org/records/15797609,The ELIXIR Biodiversity Community Collection of FAIR-enabling standards and data resources,FAIRsharing (S),"This report describes the ELIXIR Biodiversity Community collection in FAIRsharing.

FAIRsharing collections are a representation of the standards and data resources of a community or organisation that help enable FAIR. Collections include any number of standards, databases and policies its community maintains, supports, endorses or recommends. This report describes the records within the collection, their curation level, and how they relate to each other. It is intended to summarise and showcase what this community has already accomplished, help clarify its requirements, and highlight areas where the collection might be missing something.

Please visit the ELIXIR Biodiversity Community homepage.

---------------------

Please let us know if you have any comments or questions. We recommend that you explore all of the FAIRsharing Educational series, created by the FAIRsharing Team and Community Champions.",,.pdf,FAIRsharing * FAIRsharing educational * ELIXIR * MeSH * Biodiversity,en,lecture,,,2025-07-03,,,502 kB,1
3de0c79f-118d-468f-8311-4fa341d9ab5b,"David, Romain * Liaskos, Nektarios * Rybina, Arina * Arvanitidis, Christos * Bage, Anne-Sophie * Carvajal-Vallejos, Patricia K. * Das, Sudeep * De Pascalis, Francesca * Dörr, Dorothea * Exter, Katrina * Holub, Petr * Gurwitz, Kim Tamara * Liberante, Fabio * Lieutaud, Philippe * Lister, Allyson * Lopez, Joaquin * Madon, Bénédicte * Massimi, Marzia * Matteoni, Rafaele * Mîrza, Maria * Morgan, Sarah * Oezdemir, Bugra * Panagiotopoulou, Maria * Pavloudi, Christina * P. Melo, Ana M. * Sansone, Susanna-Assunta * Schwalbe, Harald * Serrano-Solano, Beatriz * Sorzano, Carlos Oscar * Urbinati, Emilio * Tang, Jing * Tedds, Jonathan * Saunders, Gary * Ewbank, Jonathan",CC-BY-4.0,https://zenodo.org/records/15798751,Life Science Competence Centres: Open by Design,EVA (R) * EVORA (R) * ERINHA (R) * MIRRI-ERIC (R) * OSTrails (R) * OSCARS (R) * EATRIS (R) * DANUBIUS-RI (R) * VLIZ Open Science (R) * Euro-Biolmaging ERIC (R) * EU Open Research Repository (R) * BY-COVID (R) * ELIXIR-UK (R) * iMagine Project (R) * FAIRsharing (R) * ECRIN (R) * ENVRI (R) * The University of Helsinki Data Support (R),"European Life Science Research Infrastructures (LS-RIs), one of the five major RI Science Clusters in Europe, were established to provide access to cutting-edge technologies to the scientific community. Individually, and collectively as the LS-RI cluster, they contribute to the development of the European Open Science Cloud (EOSC), under the aegis of the EOSC Federation. They are actively involved in the design and implementation of Competence Centres (CCs). These aim to increase the accessibility of domain-specific knowledge and tools, enhance interoperability, facilitate sharing and harmonisation of procedures, and promote Open Science and FAIR (Findable, Accessible, Interoperable, Reusable) practices. In this paper, we report a landscape mapping of the existing resources that formed the basis for the construction of CCs. We describe the possible design of CCs and their articulation with the LS-RIs. We focus on community-based ideas and recommendations to increase the potential of CCs to address long-standing challenges in sustainability, governance, scalability, and interoperability of Open Science within EOSC and the European Research Area (ERA) more generally.

This paper provides a description of the nascent LS CCs, built following a survey of needs and services of existing LS-RI communities. When fully implemented, the LS CCs will serve as dynamic hubs to foster innovation, contribute to the EOSC’s future FAIR web of data, and support ongoing developments of the EOSC Federation. They will act as drivers of collaborative and impactful LS research in Europe and beyond. We explore the underlying challenges, and propose solutions, to ensure that the establishment of CCs will add value to the LS RI community, and to the EOSC, in a sustainable way.",,.pdf,,en,,,,2025-07-01,,,4.2,2
3ac034e0-5551-4b5a-b7b0-895c5c46689d,"Lister, Allyson * Sansone, Susanna-Assunta * Thurston, Milo",CC-BY-4.0,https://zenodo.org/records/14655042,FAIRsharing Annual Webinar 2025,FAIRsharing (S),"FAIRsharing (https://fairsharing.org/) is a curated, informative and educational resource on data and metadata standards, inter-related to databases and data policies, across all disciplines. It guides consumers to discover, select and use these resources with confidence, producers to make their resource more discoverable, more widely adopted and cited, and powers third party tools by providing trustworthy content to promote standards and databases.

This presentation covers highlights of FAIRsharing activities during 2024.",,.pdf,,en,,presentation,,2025-01-15,,,20.4,2
2cd054cd-7aee-4b0e-b6e2-e34b2aee17e1,"Lister, Allyson * Davidson, Joy * Sansone, Susanna-Assunta",CC-BY-SA-4.0,https://zenodo.org/records/12515451,FAIRsharing content: policies overview,FAIRsharing (S),"This factsheet provides an overview of the FAIRsharing policy registry.

FAIRsharing is a curated, informative and educational resource on data and metadata standards, inter-related to databases and data policies. It guides consumers to discover, select and use these resources with confidence, producers to make their resource more discoverable, more widely adopted and cited, and powers third party tools by providing trustworthy content to promote standards and databases.

We recommend that you explore all of the FAIRsharing Educational series, created by the FAIRsharing Team and Community Champions.

This factsheet is available in English and Portuguese. Portuguese translation by Clara Boavida.",,.pdf,FAIRsharing * FAIRsharing Educational * FAIR ,en * es,,,,2024-06-24,,,8.3,1.1
e83e8876-2fee-480a-a346-075f930b72b4,"Lister, Allyson * Sansone, Susanna-Assunta * Rocca-Serra, Philippe",CC-BY-SA-4.0,https://zenodo.org/records/12167786,FAIR Principles in a nutshell,FAIRsharing (S),This factsheet is part of the FAIRsharing Educational series and provides a high-level introduction to the FAIR Principles.,,.pdf,,en,lecture,,,2024-06-19,,,3.1,1
61b52130-812f-425f-8cd6-a566bbb16a94,"Lister, Allyson * Davidson, Joy",CC-BY-4.0,https://zenodo.org/records/10658162,Alignment of FAIRsharing Policy Attributes with Community Efforts,FAIRsharing (S),"This alignment file provides a mapping of FAIRsharing metadata fields and other record components to three other community efforts centred around best practice for FAIR-enabling policy creation and revision.

FAIRsharing is a curated, informative and educational resource on data and metadata standards, inter-related to databases and data policies. It guides consumers to discover, select and use these resources with confidence, producers to make their resource more discoverable, more widely adopted and cited, and powers third party tools by providing trustworthy content to promote standards and databases.

FAIRsharing has a longstanding commitment to integrate with community efforts around the standardisation of standard,database, and policy metadata. This document provides the current mapping of FAIRsharing fields to three community outputs:

    Concordat on Open Research Data
    The FAIRsFAIR FAIR Data Policy Checklist and related structured policy description template, and
    RDA: Developing a Research Data Policy Framework for All Journals and Publishers

This work makes it easier than ever to create FAIR-aligned data policies and make policy descriptions more accessible to both humans and machines. The result will be data policies that are more findable, accessible and re-usable.

This work was performed in partnership with the DCC and UKRN. We welcome feedback from the research data management community. 

Earlier versions of this work have been previously described by both FAIRsharing and the DCC.

We recommend that you explore all of the FAIRsharing Educational series, created by the FAIRsharing Team and Community Champions.
",,.xlsx,policy * data policy * structured description * FAIR * FAIRsharing,en,,,,2024-02-14,,,86 kB,1.0.0
58ac78b6-95a6-4518-8ec2-8e2d180a8213,"Thurston, Milo",CC-BY-4.0,https://zenodo.org/records/10255310,FAIRsharing Data Preservation Policy,FAIRsharing (R),This document describes the steps that would be taken to preserve data stored at https://fairsharing.org in the event that the project was unable to continue. ,,.pdf,,en,https://w3id.org/kim/hcrt/data,,,2023-12-03,,,48 kB,0.1
2c2f9208-b4db-4c39-b0e0-62c4f8a75ad6,"Lister, Allyson * Sansone, Susanna-Assunta",CC-BY-SA-4.0,https://zenodo.org/records/8191958,FAIRsharing in a nutshell,FAIRsharing (S),"This factsheet provides a high-level introduction to FAIRsharing.

FAIRsharing is a curated, informative and educational resource on data and metadata standards, inter-related to databases and data policies. It guides consumers to discover, select and use these resources with confidence, producers to make their resource more discoverable, more widely adopted and cited, and powers third party tools by providing trustworthy content to promote standards and databases.

We recommend that you explore all of the FAIRsharing Educational series, created by the FAIRsharing Team and Community Champions.",,.pdf,FAIRsharing * FAIRsharing Educational * FAIR,en,lecture,,,2023-01-28,,,11.4,1.1
7fd3bc1c-cedf-4132-9495-6606b66cc4d7,"Sandström, Malin * Lister, Allyson * Sansone, Susanna-Assunta",CC-BY-SA-4.0,https://zenodo.org/records/8186982,FAIRsharing content: standards overview,FAIRsharing (S),"This factsheet provides an overview of the FAIRsharing standards registry.

FAIRsharing is a curated, informative and educational resource on data and metadata standards, inter-related to databases and data policies. It guides consumers to discover, select and use these resources with confidence, producers to make their resource more discoverable, more widely adopted and cited, and powers third party tools by providing trustworthy content to promote standards and databases.

We recommend that you explore all of the FAIRsharing Educational series, created by the FAIRsharing Team and Community Champions.",,.pdf,FAIRsharing * FAIRsharing Educational * FAIR,en,lecture,,,2023-01-26,,,19,1.1
e887f1b6-bdb4-4977-8953-017073802e65,"Pelletier, Gabriel * Lister, Allyson * Sansone, Susanna-Assunta",CC-BY-SA-4.0,https://zenodo.org/records/8186961,FAIRsharing content: databases overview,FAIRsharing (S),"This factsheet provides an overview of the FAIRsharing database registry.

FAIRsharing is a curated, informative and educational resource on data and metadata standards, inter-related to databases and data policies. It guides consumers to discover, select and use these resources with confidence, producers to make their resource more discoverable, more widely adopted and cited, and powers third party tools by providing trustworthy content to promote standards and databases.

We recommend that you explore all of the FAIRsharing Educational series, created by the FAIRsharing Team and Community Champions.",,.pdf,FAIRsharing * FAIRsharing Educational * FAIR,en,lecture,,,2023-01-26,,,17.5,1.1
b2b4dd2c-30de-4375-9903-292f209b9d7c,"Thorpe, Deborah * Lister, Allyson * Sansone, Susanna-Assunta",CC-BY-SA-4.0,https://zenodo.org/records/8186952,FAIRsharing for you: researchers,FAIRsharing (S),"This factsheet is an introduction to how FAIRsharing supports researchers.

FAIRsharing is a curated, informative and educational resource on data and metadata standards, inter-related to databases and data policies. It guides consumers to discover, select and use these resources with confidence, producers to make their resource more discoverable, more widely adopted and cited, and powers third party tools by providing trustworthy content to promote standards and databases.

We recommend that you explore all of the FAIRsharing Educational series, created by the FAIRsharing Team and Community Champions.",,.pdf,FAIRsharing * FAIRsharing Educational * FAIR,en,lecture,,,2023-01-26,,,6.2,1.1
9cd61439-620b-481a-8f1f-0fddfce06908,"Burrows, Kay * Lister, Allyson * Sansone, Susanna-Assunta",CC-BY-SA-4.0,https://zenodo.org/records/8186640,FAIRsharing for you: journal publishers,FAIRsharing (S),"This factsheet is an introduction to how FAIRsharing supports journal publishers.

FAIRsharing is a curated, informative and educational resource on data and metadata standards, inter-related to databases and data policies. It guides consumers to discover, select and use these resources with confidence, producers to make their resource more discoverable, more widely adopted and cited, and powers third party tools by providing trustworthy content to promote standards and databases.

We recommend that you explore all of the FAIRsharing Educational series, created by the FAIRsharing Team and Community Champions.",,.pdf,FAIRsharing * FAIRsharing Educational * FAIR,en,lecture,,,2023-01-26,,,5.7,1.1
95cfd42b-4375-4e79-8d81-ab28560e4a98,"Wulff, Enrique * Lister, Allyson * Sansone, Susanna-Assunta",CC-BY-SA-4.0,https://zenodo.org/records/8186623,FAIRsharing for you: funders,FAIRsharing (S),"This factsheet is an introduction to how FAIRsharing supports funders.

FAIRsharing is a curated, informative and educational resource on data and metadata standards, inter-related to databases and data policies. It guides consumers to discover, select and use these resources with confidence, producers to make their resource more discoverable, more widely adopted and cited, and powers third party tools by providing trustworthy content to promote standards and databases.

We recommend that you explore all of the FAIRsharing Educational series, created by the FAIRsharing Team and Community Champions.",,.pdf,FAIRsharing * FAIRsharing Educational * FAIR,en,lecture,,,2023-01-26,,,5.8,1.1
e62f003e-b7b9-4256-b2e4-839c025764d7,"Partridge, Adam * Lister, Allyson * Sansone, Susanna-Assunta",CC-BY-4.0,https://zenodo.org/records/8186609,"FAIRsharing for you: librarians, trainers, data stewards",FAIRsharing (S),"This factsheet is an introduction to how FAIRsharing supports librarians, trainers and data stewards.

FAIRsharing is a curated, informative and educational resource on data and metadata standards, inter-related to databases and data policies. It guides consumers to discover, select and use these resources with confidence, producers to make their resource more discoverable, more widely adopted and cited, and powers third party tools by providing trustworthy content to promote standards and databases.

We recommend that you explore all of the FAIRsharing Educational series, created by the FAIRsharing Team and Community Champions.",,.pdf,FAIRsharing * FAIRsharing Educational * FAIR,en,lecture,,,2023-01-26,,,3.1,1
a1581cf2-4008-4431-90cf-704f6e088b7d,"Mitrea, Geta * Lister, Allyson * Sansone, Susanna-Assunta",CC-BY-4.0,https://zenodo.org/records/8186594,FAIRsharing for you: developers and curators,FAIRsharing (S),"This factsheet is an introduction to how FAIRsharing supports developers and curators.

FAIRsharing is a curated, informative and educational resource on data and metadata standards, inter-related to databases and data policies. It guides consumers to discover, select and use these resources with confidence, producers to make their resource more discoverable, more widely adopted and cited, and powers third party tools by providing trustworthy content to promote standards and databases.

We recommend that you explore all of the FAIRsharing Educational series, created by the FAIRsharing Team and Community Champions.",,.pdf,FAIRsharing * FAIRsharing Educational * FAIR,en,lecture,,,2023-01-26,,,3.2,1
78a392a0-2ae3-4422-b6a5-39ca306a6557,"Anderson, Lindsey * Lister, Allyson * Sansone, Susanna-Assunta",CC-BY-4.0,https://zenodo.org/records/8186504,FAIRsharing for you: societies and alliances,FAIRsharing (S),"FAIRsharing is a curated, informative and educational resource on data and metadata standards, inter-related to databases and data policies. It guides consumers to discover, select and use these resources with confidence, producers to make their resource more discoverable, more widely adopted and cited, and powers third party tools by providing trustworthy content to promote standards and databases.

We recommend that you explore all of the FAIRsharing Educational series, created by the FAIRsharing Team and Community Champions",,.pdf,FAIRsharing * FAIRsharing Educational * FAIR,en,lecture,,,2023-01-26,,,3.1,1
5c526f2c-9fe6-431c-9bcd-398354118ecd,"Granell, Ramon * Dauga, Delphine * Lister, Allyson * Thurston, Milo * Sansone, Susanna-Assunta",CC-BY-4.0,https://zenodo.org/records/7064637,Semi-automatic mapping of external scientific databases into the FAIRsharing platform,"FAIRsharing (S) * EU Open Research Repository (R)

","

As part of the FAIRsharing collaboration with OpenAIRE, we have aligned and de-duplicated data repository records across multiple registries. The work, described in this poster, is an essential step in helping users find the repositories they need within OpenAIRE Explore, and it was made possible thanks to the curation efforts of our FAIRsharing team and our OpenAIRE collaborators!

More details about the FAIRsharing-OpenAIRE collaboration.",,.pdf,FAIRsharing * FAIR * OpenAIRE * Repositories,en,poster,,,2022-09-09,,,1.3,1
390574b4-4832-40b7-8ef5-10455e56c678,FAIRsharing Team,CC-BY-4.0,https://zenodo.org/records/5556519,RDA FAIRsharing Registry WG and its RDA-endorsed outputs,FAIRsharing (S),"A RDA-endorsed output recommended by funders, publishers and other stakeholders, FAIRsharing is an informative and educational resource on interlinked standards, repositories and policies, three key elements of the FAIR ecosystem. FAIRsharing promotes the existence and value of these standards, repositories and policies, fostering a culture change within the research community into one where the use of these resources for FAIRer data is pervasive and seamless. This is achieved by guiding consumers to discover, select and use these resources with confidence, and helping producers to make their resources more visible, more widely adopted and cited. Through the efforts of the joint RDA/Force11 FAIRsharing WG, FAIRsharing has strong ties with its stakeholder community and is involved in a number of collaborative projects, including other RDA groups, to identify a common set of metadata features for repositories and policies all stakeholders want to see implemented the FAIRsharing registry.",,.pdf,fair data * FAIRsharing * RDA ,en,poster,,,2021-10-08,,,2.1,1
e51b8346-ee31-4d36-a6b3-1bb044127047,"Lister, Allyson * Sansone, Susanna-Assunta",CC-BY-4.0,https://zenodo.org/records/5106256,"FAIRsharing, a FAIR-enabling service for repositories, standards and policies",FAIRsharing (S),"

FAIRsharing is an informative and educational resource on interlinked standards, repositories and policies, three key elements of the FAIR ecosystem. FAIRsharing promotes the existence and value of standards, repositories and policies, fostering a culture change within the research community into one where the use of these resources for FAIRer data is pervasive and seamless. This is achieved by guiding consumers to discover, select and use these resources with confidence, and helping producers to make their resources more visible, more widely adopted and cited. FAIRsharing is adopted by funders, publishers and communities in all discipline, and it is also an adopted output of the RDA FAIRsharing WG.

This presentation, addressed to repository developers and maintaners, provides an oveview of the key FAIRsharing features and a walkthrough of the new system and how to add and claim a record describing a repository. This presentation is part of the FAIRsFAIR ""Using registries to improve the visibility of your repository service"" webinar (13 July 2021).",,.pdf,,en,,presentation,,2021-07-13,,,28.5,1
